timestamp,open,high,low,close,volume,sma_20,sma_50,sma_200,sma_800,ema_12,ema_26,ema_50,macd,macd_signal,macd_hist,adx,rsi,stoch_rsi_k,stoch_rsi_d,bb_middle,bb_upper,bb_lower,bb_width,bb_pct,true_range,atr,atr_pct,atr_percentile,volume_ma,volume_ratio,obv,vwap,pivot_p,pivot_r1,pivot_r2,pivot_s1,pivot_s2,sr_support_price,sr_resist_price,sr_support_dist_pct,sr_resist_dist_pct,sr_at_support,sr_at_resistance
2026-06-04 00:30:00,70.52,71.29,70.33,71.22,114633.15,,,,,71.22,71.22,71.22,0.0,0.0,0.0,0.0,,,,,,,,,0.960000000000008,,,,,,0,70.95,,,,,,71.21,71.8,0.014,0.8144,True,False
2026-06-04 00:45:00,71.22,71.24,70.41,70.75,50508.175,,,,,71.14769230769231,71.18518518518519,71.20156862745098,-0.03749287749288044,-0.007498575498576088,-0.02999430199430435,0.0,,,,,,,,,0.8299999999999983,,,,,,-50508,70.9,,,,,,70.64,71.21,0.1555,0.6502,True,False
2026-06-04 01:00:00,70.76,70.96,70.1,70.19,82005.073,,,,,71.00035502958579,71.11146776406036,71.16189926951172,-0.11111273447457393,-0.028221407293775657,-0.08289132718079827,7.142857142857142,,,,,,,,,0.8599999999999994,,,,,,-132513,70.74,,,,,,69.89,70.64,0.4274,0.6411,False,False
2026-06-04 01:15:00,70.18,70.25,69.0,69.3,230999.069,,,,,70.73876194811105,70.97728496672255,71.08888361188382,-0.23852301861150238,-0.07028172955732101,-0.16824128905418137,13.775510204081632,,,,,,,,,1.25,,,,,,-363512,70.15,,,,,,69.08333333333333,69.59,0.3127,0.4185,False,False
2026-06-04 01:30:00,69.31,70.0,69.22,69.57,73594.336,,,,,70.55895241763243,70.87304163585422,71.02931954867269,-0.31408921822179536,-0.11904322729021588,-0.19504599093157948,19.934402332361515,,,,,,,,,0.7800000000000011,,,,,,-289917,70.08,,,,,,69.08333333333333,69.59,0.6995,0.0287,False,True
2026-06-04 01:45:00,69.56,69.61,68.42,68.63,146226.072,,,,,70.26219050722744,70.70689040356872,70.93522858597964,-0.4446998963412767,-0.18417456110042807,-0.26052533524084864,25.653373594335694,,,,,,,,,1.1899999999999977,,,,,,-436144,69.83,,,,,,62.34,68.76499999999999,9.1651,0.1967,False,True
2026-06-04 02:00:00,68.63,68.73,66.8,68.25,405962.291,,,,,69.95262273688476,70.52489852182289,70.82992550417652,-0.5722757849381281,-0.2617948058679681,-0.31048097907016003,30.963846909026003,,,,,,,,,1.9300000000000068,,,,,,-842106,69.13,,,,,,62.34,68.76499999999999,8.6593,0.7546,False,False
2026-06-04 02:15:00,68.25,69.61,67.81,69.32,104588.366,,,,,69.85529616197941,70.43564677946564,70.77071273930684,-0.5803506174862321,-0.3255059681916209,-0.25484464929461115,32.833209529837056,,,,,,,,,1.7999999999999972,,,,,,-737517,69.11,,,,,,69.08333333333333,69.59,0.3414,0.3895,False,False
2026-06-04 02:30:00,69.32,70.24,69.18,70.12,77016.792,,,,,69.89601982936719,70.41226553654226,70.74519459266736,-0.5162457071750737,-0.3636539159883115,-0.1525917911867622,32.97740448435704,,,,,,,,,1.059999999999988,,,,,,-660501,69.15,,,,,,69.89,70.64,0.328,0.7416,False,False
2026-06-04 02:45:00,70.12,70.47,70.0,70.07,54507.259,,,,,69.92278600946455,70.38691253383543,70.71871637334708,-0.464126524370883,-0.3837484376648258,-0.08037808670605717,32.60262617664915,,,,,,,,,0.46999999999999886,,,,,,-715008,69.2,,,,,,69.89,70.64,0.2569,0.8135,True,False
2026-06-04 03:00:00,70.07,71.05,70.04,70.98,96298.581,,,,,70.08543431570078,70.4308449387365,70.72896279007857,-0.34541062303571834,-0.37608087473900437,0.030670251703286022,31.11027116288295,,,,,,,,,1.009999999999991,,,,,,-618709,69.3,,,,,,70.64,71.21,0.479,0.324,False,False
2026-06-04 03:15:00,70.98,71.3,70.92,71.03,69238.664,,,,,70.23075211328528,70.47522679512639,70.7407681708598,-0.24447468184111187,-0.3497596361594259,0.10528495431831403,29.28550382394626,,,,,,,,,0.37999999999999545,,,,,,-549471,69.38,,,,,,70.64,71.21,0.5491,0.2534,False,True
2026-06-04 03:30:00,71.04,71.65,71.02,71.57,93425.489,,,,,70.43679024970292,70.5563211065985,70.7732870661202,-0.11953085689557952,-0.30371388030665664,0.18418302341107712,27.37385172131615,,,,,,,,,0.6300000000000097,,,,,,-456045,69.5,,,,,,71.21,71.8,0.503,0.3214,False,False
2026-06-04 03:45:00,71.56,71.65,71.33,71.48,35869.517,,,,,70.59728405744093,70.62474176536898,70.80100129882138,-0.027457707928050468,-0.2484626458309354,0.22100493790288495,25.598746197445333,,,,,,,,,0.3200000000000074,0.9,1.2590934527140458,,,,-491915,69.54,,,,,,71.21,71.8,0.3777,0.4477,False,False
2026-06-04 04:00:00,71.49,71.8,71.44,71.72,30334.756,,,,,70.7700095870654,70.70587200497128,70.83704046357349,0.06413758209411924,-0.1859426002459245,0.2500801823400437,24.20579610353681,62.59,,,,,,,,0.35999999999999943,0.85,1.1851645287228108,,,,-461580,69.58,,,,,,71.21,71.8,0.7111,0.1115,False,True
2026-06-04 04:15:00,71.72,71.79,71.42,71.47,37107.01,,,,,70.87770041982458,70.76247407867712,70.86186240617845,0.11522634114746211,-0.12570881196724717,0.24093515311470928,22.872641680699275,58.92,,,,,,,,0.37000000000000455,0.8,1.1193507765496014,,,,-498687,69.62,,,,,,71.21,71.8,0.3638,0.4617,False,False
2026-06-04 04:30:00,71.47,71.52,70.89,71.07,51217.341,,,,,70.9072849706208,70.78525377655289,70.87002466475968,0.12203119406790108,-0.07616081076021754,0.1981920048281186,21.823528568397453,53.5,,,,,,,,0.6299999999999955,0.78,1.0975094976783455,,,,-549904,69.67,,,,,,70.64,71.21,0.605,0.197,False,True
2026-06-04 04:45:00,71.07,71.11,70.8,70.9,24065.388,,,,,70.9061642059099,70.79375349680824,70.87120016810245,0.11241070910166684,-0.038446506787840666,0.1508572158895075,21.001711838750275,51.34,,,,,,,,0.3100000000000023,0.73,1.0296191819464033,,,,-573970,69.68,,,,,,70.64,71.21,0.3667,0.4372,False,False
2026-06-04 05:00:00,70.89,70.89,69.91,70.29,50574.184,,,,,70.811369712693,70.75643842297059,70.84840800464744,0.05493128972240413,-0.01977094748579171,0.07470223720819584,21.509125537532913,44.41,,,,,,,,0.9900000000000091,0.76,1.0812348840517854,,,,-624544,69.7,,,,,,69.89,70.64,0.5691,0.4979,False,False
2026-06-04 05:15:00,70.28,70.43,70.0,70.11,35439.329,70.402,,,,70.703466679971,70.70855409534313,70.8194508279946,-0.005087415372130977,-0.01683424106305956,0.011746825690928584,21.980295400688217,42.59,,,70.402,72.3913357791246,68.4126642208754,0.0565,0.4266,0.4300000000000068,0.73,1.0412209385251747,,93180.54,0.38,-659983,69.71,,,,,,69.89,70.64,0.3138,0.756,False,False
2026-06-04 05:30:00,70.11,70.66,69.97,70.58,29724.008,70.36999999999999,,,,70.68447180612931,70.69903156976216,70.81006059944579,-0.014559763632846057,-0.01637934557701686,0.0018195819441708047,21.904385976036906,48.54,,,70.36999999999999,72.32421272343136,68.41578727656862,0.0555,0.5537,0.6899999999999977,0.72,1.0201190138849534,,88935.08,0.33,-630259,69.72,,,,,,69.89,70.64,0.9776,0.085,False,True
2026-06-04 05:45:00,70.57,70.6,70.17,70.35,15281.659,70.35,,,,70.63301460518633,70.6731773794094,70.79201900731067,-0.040162774223063025,-0.021136031306226093,-0.019026742916836932,21.833898653146402,46.02,,,70.35,72.29600805970095,68.40399194029904,0.0553,0.5,0.4299999999999926,0.7,0.9950248756218906,,87173.76,0.18,-645541,69.73,,,,,,69.89,70.64,0.6539,0.4122,False,False
2026-06-04 06:00:00,70.34,70.77,70.26,70.73,18268.895,70.377,,,,70.64793543515766,70.67738646241611,70.78958688937693,-0.02945102725844606,-0.02279903049667009,-0.0066519967617759725,21.372089102964175,50.58,,,70.377,72.32863736924989,68.4253626307501,0.0555,0.5904,0.5099999999999909,0.68,0.9614025166124699,,83986.95,0.22,-627272,69.74,,,,,,70.64,71.21,0.1272,0.6786,True,False
2026-06-04 06:15:00,70.73,71.21,70.71,70.82,28129.326,70.453,,,,70.67440690667186,70.68795042816306,70.79077956038176,-0.01354352149120075,-0.020947928695576223,0.007404407204375473,20.008726523353975,51.62,,,70.453,72.34553491937471,68.56046508062529,0.0537,0.597,0.5,0.67,0.9460604349053942,,73843.46,0.38,-599143,69.75,,,,,,70.64,71.21,0.2542,0.5507,True,False
2026-06-04 06:30:00,70.82,71.09,70.54,70.94,32516.056,70.5215,,,,70.7152673825685,70.70662076681765,70.79663134232757,0.008646615750848241,-0.01502901980629133,0.02367563555713957,19.05725241602932,53.04,,,70.5215,72.37830285493783,68.66469714506218,0.0527,0.6127,0.5499999999999972,0.66,0.9303636876233436,,71789.55,0.45,-566627,69.77,,,,,,70.64,71.21,0.4229,0.3806,False,False
2026-06-04 06:45:00,70.93,70.93,70.34,70.35,25687.148,70.60749999999999,,,,70.65907240063488,70.68020441372005,70.7791163877265,-0.021132013085164658,-0.016249618462065997,-0.004882394623098661,18.533703700084104,45.9,,,70.60749999999999,72.24137656558838,68.97362343441159,0.0463,0.4212,0.5999999999999943,0.65,0.9239516702203271,,65762.6,0.39,-592314,69.78,,,,,,69.89,70.64,0.6539,0.4122,False,False
2026-06-04 07:00:00,70.36,70.4,69.8,70.01,45304.134,70.6955,,,,70.55921510822952,70.63055964233338,70.74895496075685,-0.07134453410385788,-0.027268601590424376,-0.0440759325134335,18.90330279238765,42.37,,,70.6955,71.93728945583845,69.45371054416154,0.0351,0.224,0.6000000000000085,0.65,0.9284387944579345,,47729.7,0.95,-637618,69.79,,,,,,69.89,70.64,0.1714,0.8999,True,False
2026-06-04 07:15:00,70.01,70.09,69.45,69.67,47833.197,70.713,,,,70.42241278388653,70.5594070762346,70.70664300151148,-0.1369942923480778,-0.049213739741955066,-0.08778055260612275,19.718077301297278,39.12,,,70.713,71.88083380216264,69.54516619783735,0.033,0.0534,0.6400000000000006,0.65,0.9329697143677336,,44891.94,1.07,-685451,69.79,,,,,,69.59,69.89,0.1148,0.3158,True,False
2026-06-04 07:30:00,69.67,70.0,69.57,69.83,25757.724,70.6985,,,,70.3312723555963,70.50537692243945,70.67226484458946,-0.17410456684315534,-0.07419190516219512,-0.09991266168096022,20.47465363099908,41.4,,,70.6985,71.9039311305613,69.49306886943869,0.0341,0.1398,0.4300000000000068,0.63,0.9021910353716168,,42328.98,0.61,-659693,69.79,,,,,,69.59,69.89,0.3437,0.0859,False,True
2026-06-04 07:45:00,69.83,69.87,69.14,69.15,26437.471,70.6525,,,,70.14953814704302,70.40497863188838,70.61256818401733,-0.25544048484536575,-0.11044162109882925,-0.14499886374653648,21.72359469725536,35.35,3.83,,70.6525,72.0184448243461,69.2865551756539,0.0387,-0.05,0.730000000000004,0.64,0.9255242227042662,,40925.49,0.65,-686131,69.78,,,,,,69.08333333333333,69.59,0.0964,0.6363,True,False
2026-06-04 08:00:00,69.16,69.44,68.5,68.51,75868.666,70.52900000000001,,,,69.8973015090364,70.2646098443411,70.53011452974215,-0.3673083353046991,-0.16181496394000322,-0.20549337136469586,23.546349361244435,30.79,3.83,,70.52900000000001,72.18592041545692,68.8720795845431,0.047,-0.1093,0.9399999999999977,0.66,0.963363012698876,,39904.0,1.9,-761999,69.75,,,,,,62.34,68.76499999999999,9.006,0.3722,False,False
2026-06-04 08:15:00,68.52,69.08,68.33,69.01,70161.234,70.428,,,,69.76079358456926,70.1716757817973,70.47050219524246,-0.4108821972280481,-0.2116284105976122,-0.1992537866304359,25.393573639517466,37.56,10.15,5.94,70.428,72.19869240099666,68.65730759900333,0.0503,0.0996,0.75,0.67,0.9708737864077669,,39950.13,1.76,-691838,69.72,,,,,,68.76499999999999,69.08333333333333,0.355,0.1063,False,True
2026-06-04 08:30:00,69.01,69.39,68.79,68.88,38097.826,70.2935,,,,69.62528687925091,70.07599609425677,70.40812956013491,-0.45070921500585825,-0.2594445714792614,-0.19126464352659683,26.312851962945587,36.56,18.8,10.93,70.2935,72.1070893459627,68.47991065403728,0.0516,0.1103,0.5999999999999943,0.66,0.9581881533101047,,37183.74,1.02,-729936,69.71,,,,,,68.76499999999999,69.08333333333333,0.167,0.2952,True,True
2026-06-04 08:45:00,68.89,69.43,68.88,69.25,24301.301,70.18199999999999,,,,69.56755043628924,70.0148111983859,70.36271271463943,-0.4472607620966613,-0.2970078096027414,-0.1502529524939199,27.065157212688778,41.36,34.63,21.19,70.18199999999999,71.96234414177648,68.40165585822349,0.0507,0.2383,0.5500000000000114,0.65,0.9386281588447654,,36605.33,0.66,-705635,69.7,,,,,,69.08333333333333,69.59,0.2407,0.491,True,False
2026-06-04 09:00:00,69.24,69.27,68.31,68.45,50242.309,70.01849999999999,,,,69.39561959993705,69.89889925776473,70.28770437288887,-0.5032796578276759,-0.33826217924772833,-0.16501747857994759,28.37729033735835,35.17,31.04,28.16,70.01849999999999,71.80473125749806,68.23226874250192,0.051,0.0609,0.9599999999999937,0.68,0.9934258582907233,,37600.71,1.34,-755877,69.68,,,,,,62.34,68.76499999999999,8.9262,0.4602,False,False
2026-06-04 09:15:00,68.44,68.5,67.79,67.92,65511.651,69.841,,,,69.16860119994674,69.75231412755994,70.19485322101087,-0.583712927613206,-0.3873523289208239,-0.19636059869238215,30.05511972937944,31.77,23.87,29.85,69.841,71.72289042692377,67.95910957307622,0.0539,-0.0104,0.7099999999999937,0.68,1.0011778563015312,,39020.94,1.68,-821389,69.64,,,,,,62.34,68.76499999999999,8.2155,1.2441,False,False
2026-06-04 09:30:00,67.92,68.2,67.74,68.1,47788.332,69.6925,,,,69.00420101533955,69.62992048848142,70.11270211430457,-0.6257194731418707,-0.43502575776503327,-0.19069371537683744,31.6545634865726,34.1,13.0,22.64,69.6925,71.63383838803082,67.75116161196917,0.0557,0.0898,0.46000000000000796,0.66,0.9691629955947137,,38849.49,1.23,-773600,69.61,,,,,,62.34,68.76499999999999,8.4581,0.9765,False,False
2026-06-04 09:45:00,68.11,68.88,68.08,68.86,43284.365,69.5905,,,,68.98201624374884,69.57288934118651,70.06357654119459,-0.5908730974376653,-0.4661952256995597,-0.12467787173810557,31.505253250288234,42.94,24.65,20.51,69.5905,71.47833892042561,67.7026610795744,0.0543,0.3065,0.7999999999999972,0.67,0.9729886726691839,,39810.44,1.09,-730316,69.59,,,,,,68.76499999999999,69.08333333333333,0.138,0.3243,True,False
2026-06-04 10:00:00,68.87,68.94,68.29,68.52,41574.946,69.502,,,,68.91093682163364,69.49489753813566,70.00304412781442,-0.5839607165020197,-0.4897483238600517,-0.09421239264196807,31.23646270125212,40.34,44.22,27.29,69.502,71.41751669544443,67.58648330455556,0.0551,0.2437,0.6499999999999915,0.67,0.9778166958552249,,39360.48,1.06,-771891,69.58,,,,,,62.34,68.76499999999999,9.0193,0.3576,False,False
2026-06-04 10:15:00,68.51,68.77,68.31,68.36,30501.966,69.4145,,,,68.82617731061308,69.41083105382933,69.93861102476288,-0.5846537432162506,-0.5087294077312915,-0.07592433548495914,30.986871477147155,39.13,62.14,43.67,69.4145,71.37248473194416,67.45651526805585,0.0564,0.2307,0.45999999999999375,0.66,0.965476887068461,,39113.61,0.78,-802393,69.56,,,,,,62.34,68.76499999999999,8.8063,0.5925,False,False
2026-06-04 10:30:00,68.37,68.79,68.2,68.38,44510.593,69.3045,,,,68.75753464744183,69.33447319799012,69.8774890237918,-0.5769385505482916,-0.5223712362946915,-0.05456731425360006,30.904953710773214,39.37,67.48,57.95,69.3045,71.23377011014395,67.37522988985606,0.0557,0.2604,0.5900000000000034,0.65,0.9505703422053233,,39852.94,1.12,-757882,69.54,,,,,,62.34,68.76499999999999,8.833,0.563,False,False
2026-06-04 10:45:00,68.37,68.41,67.51,67.89,95218.32,69.1815,,,,68.62406777860463,69.22747518332419,69.79954827776074,-0.6034074047195617,-0.5385784699796656,-0.06482893473989604,31.65058797196601,35.61,59.66,63.09,69.1815,71.14351051555745,67.21948948444255,0.0567,0.1709,0.8999999999999915,0.67,0.9868905582560024,,43849.77,2.17,-853101,69.49,,,,,,62.34,68.76499999999999,8.175,1.2888,False,False
2026-06-04 11:00:00,67.89,68.14,67.37,67.64,100103.632,69.027,,,,68.47267273574238,69.10988442900387,69.71486011000542,-0.6372116932614915,-0.5583051146360308,-0.07890657862546069,32.48787790874097,33.84,45.14,57.43,69.027,70.96205174689413,67.09194825310587,0.0561,0.1416,0.769999999999996,0.68,1.0053222945002958,,47941.51,2.09,-953204,69.43,,,,,,62.34,68.76499999999999,7.8356,1.6632,False,False
2026-06-04 11:15:00,67.64,68.43,67.56,68.2,36831.272,68.896,,,,68.4307230840897,69.04248558241099,69.65545383118167,-0.6117624983212835,-0.5689965913730815,-0.04276590694820204,32.53179094851708,40.94,49.44,51.41,68.896,70.66781916625115,67.12418083374885,0.0514,0.3036,0.8700000000000045,0.69,1.0117302052785924,,48376.61,0.76,-916373,69.41,,,,,,62.34,68.76499999999999,8.5924,0.8284,False,False
2026-06-04 11:30:00,68.21,68.58,67.94,68.01,45740.147,68.7495,,,,68.36599645576821,68.96600516889907,69.59092622995887,-0.6000087131308618,-0.5751990157246376,-0.024809697406224185,32.20777281878013,39.4,58.96,51.18,68.7495,70.27746355701932,67.22153644298068,0.0445,0.258,0.6400000000000006,0.69,1.0145566828407586,,49037.81,0.93,-962113,69.39,,,,,,62.34,68.76499999999999,8.337,1.1101,False,False
2026-06-04 11:45:00,68.0,68.71,68.0,68.7,29777.209,68.667,,,,68.41738161641925,68.94630108231397,69.55598794643106,-0.5289194658947167,-0.5659431057586535,0.03702363986393675,31.59080770653773,47.19,83.93,64.11,68.667,69.9963781688405,67.33762183115951,0.0387,0.5124,0.7099999999999937,0.69,1.0043668122270741,,49242.31,0.6,-932336,69.38,,,,,,62.34,68.76499999999999,9.2576,0.0946,False,True
2026-06-04 12:00:00,68.69,69.07,68.32,68.47,54943.053,68.59,,,,68.42547675235474,68.91101952066107,69.51340018382592,-0.48554276830633114,-0.549863038268189,0.06432026996185791,30.192904724091818,45.11,84.91,75.93,68.59,69.76078471210786,67.41921528789214,0.0341,0.4488,0.75,0.69,1.007740616328319,,49724.26,1.1,-987279,69.37,,,,,,62.34,68.76499999999999,8.9528,0.4308,False,False
2026-06-04 12:15:00,68.47,69.41,68.42,69.38,54665.374,68.5755,,,,68.5723264827617,68.94575881542691,69.50816880406805,-0.37343233266521736,-0.5145768971475947,0.14114456448237733,28.200211721582733,53.8,95.5,88.11,68.5755,69.6960726919281,67.45492730807192,0.0327,0.859,0.9899999999999949,0.72,1.0377630441049295,,50065.87,1.09,-932614,69.36,,,,,,69.08333333333333,69.59,0.4276,0.3027,False,False
2026-06-04 12:30:00,69.37,70.18,69.29,69.9,82379.583,68.579,,,,68.7765839469522,69.01644334761751,69.52353473332028,-0.23985940066530986,-0.45963339785113777,0.2197739971858279,27.298725865051242,57.9,95.5,91.97,68.579,69.71638203552591,67.44161796447408,0.0332,1.0807,0.8900000000000006,0.73,1.044349070100143,,52896.96,1.56,-850234,69.37,,,,,,69.89,70.64,0.0143,1.0587,True,False
2026-06-04 12:45:00,69.89,70.38,69.81,70.12,74373.487,68.6275,69.6604,,,68.98326333972878,69.09818828483102,69.54692552809203,-0.1149249451022456,-0.3906917073013593,0.2757667621991137,26.74262845895994,59.54,100.0,97.0,68.6275,69.93709013274753,67.31790986725247,0.0382,1.0698,0.5699999999999932,0.72,1.026811180832858,,55293.76,1.35,-775861,69.39,,,,,,69.89,70.64,0.328,0.7416,False,False
2026-06-04 13:00:00,70.12,70.18,69.78,69.79,29095.219,68.69149999999999,69.6318,,,69.1073766720782,69.14943359706577,69.55645786032372,-0.04205692498756264,-0.32096475083860004,0.2789078258510374,26.16247176379979,56.02,95.44,96.98,68.69149999999999,70.0984044032912,67.28459559670878,0.041,0.8904,0.4000000000000057,0.69,0.9886803266943687,,52955.09,0.55,-804956,69.4,,,,,,69.59,69.89,0.2866,0.1433,True,True
2026-06-04 13:15:00,69.78,69.9,69.02,69.37,48755.293,68.7095,69.6042,,,69.14778026098925,69.16577184913497,69.54914578736985,-0.017991588145719106,-0.2603701183000239,0.24237853015430477,24.39832826794891,51.82,85.43,93.62,68.7095,70.14253101666958,67.27646898333043,0.0417,0.7305,0.8800000000000097,0.71,1.0234971889865936,,51884.79,0.94,-853711,69.4,,,,,,69.08333333333333,69.59,0.4132,0.3171,False,False
2026-06-04 13:30:00,69.36,70.58,69.28,70.07,70688.202,68.769,69.6018,,,69.28966022083705,69.23275171216201,69.56957144276711,0.05690850867503627,-0.19691439290501186,0.25382290158004817,23.567562128918233,57.53,82.83,87.9,68.769,70.32535065728173,67.21264934271828,0.0453,0.918,1.2999999999999972,0.75,1.0703582132153562,,53514.31,1.32,-783023,69.41,,,,,,69.89,70.64,0.2569,0.8135,True,False
2026-06-04 13:45:00,70.07,70.4,69.85,70.38,36864.549,68.8255,69.6234,,,69.45740480224673,69.31773306681669,69.60135295481547,0.13967173543004208,-0.12959716723800108,0.26926890266804315,22.796136428389747,59.81,87.39,85.22,68.8255,70.53033492023813,67.12066507976188,0.0495,0.9559,0.5500000000000114,0.74,1.0514350667803354,,54142.48,0.68,-746158,69.42,,,,,,69.89,70.64,0.6962,0.3694,False,False
2026-06-04 14:00:00,70.38,70.64,70.07,70.51,41563.348,68.92850000000001,69.64219999999999,,,69.619342524978,69.40604913594139,69.6369861722737,0.21329338903660755,-0.06101905598307935,0.2743124450196869,22.41813433790798,60.75,97.4,89.21,68.92850000000001,70.78038694664608,67.07661305335395,0.0537,0.927,0.5700000000000074,0.72,1.0211317543610834,,53708.53,0.77,-704595,69.43,,,,,,69.89,70.64,0.8793,0.1844,False,True
2026-06-04 14:15:00,70.51,70.53,70.03,70.16,43750.777,69.0405,69.67280000000001,,,69.7025205980583,69.46189734809387,69.65749651845904,0.24062324996442896,-0.0006905947935776924,0.24131384475800666,21.9861246407221,56.86,95.18,93.32,69.0405,70.90646637866708,67.17453362133291,0.0541,0.8,0.5,0.71,1.0119726339794755,,52620.48,0.83,-748346,69.44,,,,,,69.89,70.64,0.3848,0.6842,False,False
2026-06-04 14:30:00,70.15,70.16,69.59,69.89,77316.415,69.13000000000001,69.7056,,,69.7313635829724,69.49360865564248,69.66661430204888,0.23775492732993087,0.04699850963112402,0.19075641769880686,20.732115804246156,53.99,84.63,92.4,69.13000000000001,70.97765000103264,67.28234999896738,0.0535,0.7057,0.5699999999999932,0.7,1.0015739018457575,,54096.89,1.43,-825662,69.45,,,,,,69.89,69.89,0.0,0.0,True,True
2026-06-04 14:45:00,69.88,69.96,69.56,69.77,60887.939,69.1755,69.7146,,,69.73730764713049,69.51408208855784,69.670668643145,0.22322555857265058,0.08224391941942934,0.14098163915322126,19.5119021654608,52.72,72.09,83.97,69.1755,71.03989746157758,67.31110253842242,0.0539,0.6594,0.3999999999999915,0.68,0.9746309301992261,,54977.07,1.11,-886550,69.45,,,,,,69.59,69.89,0.258,0.172,True,True
2026-06-04 15:00:00,69.76,70.5,69.61,70.29,117154.773,69.264,69.718,,,69.82233723987964,69.57155748940541,69.69495614733539,0.25077975047423706,0.11595108563039089,0.13482866484384617,19.250122457109395,57.41,69.78,75.5,69.264,71.16506230690551,67.36293769309448,0.0549,0.7698,0.8900000000000006,0.69,0.9816474605206997,,58756.06,1.99,-769395,69.47,,,,,,69.89,70.64,0.5691,0.4979,False,False
2026-06-04 15:15:00,70.28,70.34,69.38,69.85,84821.534,69.3385,69.7136,,,69.82659304912893,69.59218286056056,69.70103629842028,0.2344101885683756,0.13964290621798783,0.09476728235038775,18.552901702740346,52.65,63.06,68.31,69.3385,71.20689954027647,67.47010045972353,0.0539,0.6369,0.960000000000008,0.71,1.0164638511095205,,61472.04,1.38,-854217,69.48,,,,,,69.59,69.89,0.3722,0.0573,False,True
2026-06-04 15:30:00,69.84,69.94,69.58,69.72,39462.672,69.40549999999999,69.6884,,,69.81019411849371,69.60165079681532,69.70177997299203,0.20854332167839118,0.1534229893100685,0.05512033236832267,17.905482430826233,51.3,42.27,58.37,69.40549999999999,71.22463195030805,67.58636804969193,0.0524,0.5864,0.35999999999999943,0.69,0.9896729776247847,,61219.64,0.64,-893680,69.49,,,,,,69.59,69.89,0.1865,0.2438,True,True
2026-06-04 15:45:00,69.71,69.87,69.41,69.64,47037.003,69.49300000000001,69.6606,,,69.78401040795622,69.60449147853271,69.69935722895313,0.17951892942350867,0.15864217733275654,0.020876752090752126,16.95290888154213,50.44,16.06,40.46,69.49300000000001,71.16783039204132,67.8181696079587,0.0482,0.5439,0.46000000000000796,0.67,0.9620907524411259,,58810.57,0.8,-940717,69.49,,,,,,69.59,69.89,0.0718,0.359,True,False
2026-06-04 16:00:00,69.64,69.67,69.26,69.3,24391.639,69.576,69.6152,,,69.70954726827064,69.58193655419694,69.68369616115105,0.12761071407369684,0.1524358846809446,-0.02482517060724776,15.762529764164276,46.85,0.0,19.44,69.576,71.01162786557694,68.14037213442305,0.0413,0.4039,0.4099999999999966,0.65,0.937950937950938,,55024.97,0.44,-965108,69.49,,,,,,69.08333333333333,69.59,0.3127,0.4185,False,False
2026-06-04 16:15:00,69.3,69.58,69.09,69.1,26147.407,69.621,69.5676,,,69.61577076545977,69.54623755018235,69.66080611561571,0.06953321527741707,0.1358553508002391,-0.06632213552282204,14.957055880871959,44.82,0.0,5.35,69.621,70.92545229482477,68.31654770517522,0.0375,0.3003,0.4899999999999949,0.64,0.926193921852388,,54490.78,0.48,-991256,69.49,,,,,,69.08333333333333,69.59,0.0241,0.7091,True,False
2026-06-04 16:30:00,69.09,69.58,68.98,69.44,35833.2,69.6925,69.522,,,69.58872910923519,69.5383681020207,69.65214705225823,0.05036100721449088,0.11875648208308948,-0.0683954748685986,14.428137169343499,48.86,8.45,2.82,69.6925,70.76048137180675,68.62451862819324,0.0306,0.3818,0.5999999999999943,0.64,0.9216589861751152,,53995.43,0.66,-955422,69.48,,,,,,69.08333333333333,69.59,0.5136,0.216,False,True
2026-06-04 16:45:00,69.44,69.66,69.24,69.41,18077.989,69.72800000000001,69.4808,,,69.56123232319901,69.52885935372286,69.64265108942458,0.032372969476142543,0.1014797795617001,-0.06910681008555755,13.748574717721745,48.53,16.2,8.22,69.72800000000001,70.69995624766156,68.75604375233846,0.0279,0.3364,0.4200000000000017,0.62,0.8932430485520818,,53410.47,0.34,-973500,69.48,,,,,,69.08333333333333,69.59,0.4706,0.2593,False,True
2026-06-04 17:00:00,69.41,69.74,69.22,69.65,18752.296,69.787,69.45240000000001,,,69.5748888888607,69.53783273492857,69.64293928199616,0.037056153932127245,0.08859505443578553,-0.05153890050365828,12.924705426299903,51.42,30.0,18.22,69.787,70.56040259822893,69.01359740177108,0.0222,0.4114,0.519999999999996,0.61,0.8758076094759512,,51600.93,0.36,-954748,69.48,,,,,,69.59,69.89,0.0861,0.3446,True,False
2026-06-04 17:15:00,69.65,69.65,69.02,69.2,18635.699,69.77799999999999,69.4184,,,69.51721367518982,69.51280808789683,69.62556911407475,0.004405587292993118,0.07175716100722704,-0.06735157371423392,12.612253162221062,46.18,24.38,23.53,69.77799999999999,70.57516867395596,68.98083132604403,0.0228,0.1375,0.6300000000000097,0.61,0.8815028901734103,,49799.45,0.37,-973384,69.48,,,,,,69.08333333333333,69.59,0.1686,0.5636,True,False
2026-06-04 17:30:00,69.21,69.28,68.52,68.65,22548.234,69.71549999999999,69.38560000000001,,,69.38379618669909,69.44889637768225,69.5873115017581,-0.06510019098315922,0.044385690609149785,-0.10948588159230901,13.292368423084845,40.72,16.64,23.67,69.71549999999999,70.65558902154048,68.7754109784595,0.027,-0.0667,0.7600000000000051,0.63,0.917698470502549,,46807.88,0.48,-995932,69.48,,,,,,62.34,68.76499999999999,9.1916,0.1675,False,True
2026-06-04 17:45:00,68.64,69.56,68.48,69.25,38697.322,69.672,69.36840000000001,,,69.36321215797615,69.43416331266874,69.57408359972837,-0.07095115469259383,0.02131832154880106,-0.0922694762413949,13.20668480945989,47.95,17.28,19.43,69.672,70.61379224438241,68.73020775561758,0.027,0.276,1.0799999999999983,0.66,0.9530685920577618,,45024.08,0.86,-957235,69.48,,,,,,69.08333333333333,69.59,0.2407,0.491,True,False
2026-06-04 18:00:00,69.25,69.32,68.65,68.69,27058.495,69.617,69.3306,,,69.25964105674905,69.37904010432291,69.53941365464098,-0.11939904757386444,-0.006825152275732039,-0.1125738952981324,13.127121453951004,42.71,18.43,17.45,69.617,70.65349409067295,68.58050590932706,0.0298,0.0528,0.6699999999999875,0.66,0.9608385500072791,,44922.24,0.6,-984293,69.47,,,,,,62.34,68.76499999999999,9.2444,0.1092,False,True
2026-06-04 18:15:00,68.69,69.64,68.69,69.64,26232.568,69.6305,69.3164,,,69.31815781724919,69.39837046696566,69.54335821720409,-0.08021264971647213,-0.021502651763880058,-0.058709997952592075,12.266493989264985,52.24,41.44,25.72,69.6305,70.66046116431637,68.60053883568362,0.0296,0.5046,0.9500000000000028,0.68,0.9764503159103963,,43796.1,0.6,-958061,69.47,,,,,,69.59,69.89,0.0718,0.359,True,False
2026-06-04 18:30:00,69.65,69.89,69.47,69.61,34104.954,69.6075,69.29400000000001,,,69.36305661459546,69.4140467286719,69.545971620451,-0.05099011407644127,-0.027400144226392302,-0.02358996985004897,11.864598464193058,51.95,58.37,39.41,69.6075,70.61646768504924,68.59853231495076,0.029,0.5012,0.4200000000000017,0.66,0.9481396351098981,,41966.94,0.81,-992166,69.47,,,,,,69.59,69.89,0.0287,0.4022,True,False
2026-06-04 18:45:00,69.6,69.85,69.46,69.5,24921.176,69.5635,69.2676,,,69.38412482773462,69.42041363765918,69.54416881180586,-0.03628880992455663,-0.02917787736602517,-0.007110932558531461,11.466436595984204,50.82,83.61,61.14,69.5635,70.50512848859107,68.62187151140894,0.0271,0.4663,0.39000000000000057,0.64,0.9208633093525179,,41369.77,0.6,-1017087,69.47,,,,,,69.08333333333333,69.59,0.5995,0.1295,False,True
2026-06-04 19:00:00,69.49,69.57,69.1,69.43,27160.028,69.50949999999999,69.2374,,,69.39118254654468,69.42112373857333,69.53969160349975,-0.029941192028644537,-0.029330540298549045,-0.0006106517300954913,11.054284715323064,50.07,87.65,76.54,69.50949999999999,70.33988291737828,68.6791170826217,0.0239,0.4521,0.46999999999999886,0.63,0.9073887368572663,,40649.61,0.67,-1044247,69.47,,,,,,69.08333333333333,69.59,0.4993,0.2304,False,True
2026-06-04 19:15:00,69.43,69.71,69.27,69.57,36675.924,69.47999999999999,69.2218,,,69.41869292399934,69.43215160979013,69.5408801680684,-0.013458685790780578,-0.026156169396995353,0.012697483606214775,10.331082614366203,51.6,87.76,86.34,69.47999999999999,70.25301868977202,68.70698131022796,0.0223,0.5582,0.4399999999999977,0.62,0.8911887307747594,,40295.86,0.91,-1007571,69.47,,,,,,69.08333333333333,69.59,0.6995,0.0287,False,True
2026-06-04 19:30:00,69.57,69.63,69.23,69.27,19769.09,69.449,69.207,,,69.3958170895379,69.4201403794353,69.53025741637944,-0.02432328989739574,-0.025789593497075432,0.0014663035996796935,9.756392369817581,48.2,80.18,85.2,69.449,70.2022637757051,68.69573622429489,0.0217,0.3812,0.3999999999999915,0.6,0.86617583369424,,37418.5,0.53,-1027340,69.47,,,,,,69.08333333333333,69.59,0.2695,0.462,True,False
2026-06-04 19:45:00,69.27,69.3,69.03,69.1,26253.138,69.4155,69.1956,,,69.35030676807052,69.3964262772549,69.51338457652142,-0.046119509184379126,-0.029855576634536172,-0.016263932549842954,9.70183058751447,46.33,69.35,79.1,69.4155,70.16824864750183,68.66275135249816,0.0217,0.2904,0.269999999999996,0.58,0.8393632416787264,,35686.76,0.74,-1053593,69.47,,,,,,69.08333333333333,69.59,0.0241,0.7091,True,False
2026-06-04 20:00:00,69.09,69.15,68.44,68.88,35172.925,69.345,69.1766,,,69.27795188067506,69.35817247893972,69.48854596567745,-0.08022059826465977,-0.03992858096056089,-0.04029201730409888,10.814921689732328,43.96,47.23,65.59,69.345,70.01213842957111,68.67786157042889,0.0192,0.1515,0.710000000000008,0.59,0.856562137049942,,31587.66,1.11,-1088766,69.47,,,,,,68.76499999999999,69.08333333333333,0.167,0.2952,True,True
2026-06-04 20:15:00,68.88,69.1,68.62,68.79,19409.609,69.292,69.16940000000001,,,69.20288236057121,69.31608562864788,69.46115200623912,-0.11320326807667414,-0.054583518383783544,-0.05861974969289059,11.848506284648911,42.99,32.16,49.58,69.292,69.9586364905452,68.6253635094548,0.0192,0.1235,0.47999999999998977,0.58,0.8431458060764644,,28317.07,0.69,-1108176,69.46,,,,,,68.76499999999999,69.08333333333333,0.0363,0.4264,True,False
2026-06-04 20:30:00,68.78,69.02,68.74,68.89,14681.875,69.2505,69.17699999999999,,,69.15474661279103,69.28452373022952,69.43875388834739,-0.1297771174384934,-0.06962223819472552,-0.06015487924376789,12.808263408500023,44.45,26.73,35.37,69.2505,69.90823054793307,68.59276945206693,0.019,0.226,0.28000000000000114,0.56,0.8128901146755698,,27078.03,0.54,-1093494,69.46,,,,,,68.76499999999999,69.08333333333333,0.1814,0.2806,True,True
2026-06-04 20:45:00,68.9,69.01,68.54,68.82,21519.323,69.20949999999999,69.17320000000001,,,69.10324713390011,69.25011456502733,69.41448902998083,-0.14686743112721956,-0.08507127678122434,-0.061796154345995224,14.075471896643112,43.61,25.72,28.2,69.20949999999999,69.86723054793308,68.5517694520669,0.019,0.2039,0.46999999999999886,0.55,0.7991862830572509,,25802.14,0.83,-1115013,69.46,,,,,,68.76499999999999,69.08333333333333,0.0799,0.3826,True,False
2026-06-04 21:00:00,68.81,69.06,68.65,68.87,20076.344,69.188,69.173,,,69.06736295945394,69.22195793058087,69.39313651900119,-0.15459497112692588,-0.09897601565036465,-0.05561895547656123,15.07857540860829,44.42,25.14,25.86,69.188,69.86120443442277,68.51479556557723,0.0195,0.2638,0.4099999999999966,0.54,0.7840859590532888,,25586.38,0.78,-1094937,69.46,,,,,,68.76499999999999,69.08333333333333,0.1525,0.3098,True,False
2026-06-04 21:15:00,68.88,68.92,68.21,68.32,28020.014,69.149,69.15440000000001,,,68.95238404261488,69.15514623201932,69.35105273394231,-0.2027621894044387,-0.11973325040117946,-0.08302893900325922,16.779992903263054,37.94,14.33,21.73,69.149,69.92603620453495,68.37196379546505,0.0225,-0.0334,0.710000000000008,0.55,0.8050351288056208,,25680.01,1.09,-1122957,69.45,,,,,,62.34,68.76499999999999,8.7529,0.6513,False,False
2026-06-04 21:30:00,68.32,68.35,67.61,68.06,45091.506,69.08,69.14659999999999,,,68.8150941899049,69.07402428890678,69.30042321496418,-0.258930099001887,-0.147572620121321,-0.11135747888056602,19.147563855541907,35.31,5.97,15.15,69.08,69.98309409663038,68.17690590336962,0.0261,-0.0647,0.7399999999999949,0.57,0.8374963267704965,,26142.93,1.72,-1168048,69.44,,,,,,62.34,68.76499999999999,8.4043,1.0359,False,False
2026-06-04 21:45:00,68.06,68.15,67.8,67.8,16606.142,68.9995,69.1442,,,68.65892585299645,68.97965211935814,69.24158308888715,-0.32072626636168877,-0.18220334936939458,-0.1385229169922942,21.3460225969437,32.87,0.0,6.77,68.9995,70.05320474242588,67.94579525757412,0.0305,-0.0692,0.3500000000000085,0.55,0.8112094395280237,,26069.33,0.64,-1184654,69.43,,,,,,62.34,68.76499999999999,8.0531,1.4233,False,False
2026-06-04 22:00:00,67.79,68.15,67.57,67.82,40794.909,68.908,69.1386,,,68.52986033715084,68.89375196236864,69.18583473246021,-0.3638916252178035,-0.21854100453907638,-0.14535062067872712,23.653116180632566,33.25,0.68,2.22,68.908,70.03886087375494,67.77713912624506,0.0328,0.019,0.5800000000000125,0.55,0.81097021527573,,27171.46,1.5,-1143860,69.42,,,,,,62.34,68.76499999999999,8.0802,1.3934,False,False
2026-06-04 22:15:00,67.81,68.12,67.81,67.96,39066.71,68.846,69.12060000000001,,,68.4421895160507,68.82458515034133,69.13776278216766,-0.3823956342906314,-0.2513119304893874,-0.131083703801244,25.79541736548651,36.0,6.26,2.31,68.846,70.0434604707245,67.64853952927551,0.0348,0.1301,0.3100000000000023,0.54,0.7945850500294291,,28193.01,1.39,-1104793,69.4,,,,,,62.34,68.76499999999999,8.2696,1.1845,False,False
2026-06-04 22:30:00,67.95,68.09,67.6,68.0,38817.409,68.8135,69.1102,,,68.37416035973521,68.76350476883457,69.09314463384736,-0.3893444090993512,-0.27891842621138013,-0.11042598288797106,28.026131219489876,36.81,13.27,6.74,68.8135,70.06731565001037,67.55968434998964,0.0364,0.1756,0.4900000000000091,0.53,0.7794117647058824,,29006.47,1.34,-1065975,69.39,,,,,,62.34,68.76499999999999,8.3235,1.125,False,False
2026-06-04 22:45:00,67.99,68.58,67.83,68.49,43510.294,68.7755,69.1128,,,68.39198184285287,68.7432451563283,69.06949190310824,-0.35126331347542816,-0.29338740366418975,-0.05787590981123841,28.360636414645583,45.77,40.66,20.06,68.7755,70.01964375544425,67.53135624455574,0.0362,0.3853,0.75,0.55,0.8030369396992263,,29247.12,1.49,-1022465,69.38,,,,,,62.34,68.76499999999999,8.9794,0.4015,False,False
2026-06-04 23:00:00,68.48,68.88,68.4,68.58,24406.997,68.77000000000001,69.1168,,,68.4209077131832,68.7311529225262,69.05029614220204,-0.3102452093430088,-0.29675896479995356,-0.013486244543055248,27.79306172297935,47.26,68.41,40.78,68.77000000000001,70.01670513122028,67.52329486877974,0.0363,0.4238,0.47999999999998977,0.54,0.7874015748031495,,29114.55,0.84,-998058,69.38,,,,,,62.34,68.76499999999999,9.0989,0.2698,False,True
2026-06-04 23:15:00,68.58,68.62,68.0,68.26,25931.624,68.701,69.1242,,,68.39615268038578,68.69625270604278,69.0193041366255,-0.30010002565700233,-0.29742717697136334,-0.0026728486856389955,27.9334534418125,42.78,84.37,64.48,68.701,69.89667466090792,67.50532533909207,0.0348,0.3156,0.6200000000000045,0.55,0.8057427483152653,,29099.5,0.89,-1023990,69.37,,,,,,62.34,68.76499999999999,8.6727,0.7398,False,False
2026-06-04 23:30:00,68.27,68.74,68.24,68.72,15084.166,68.6565,69.1458,,,68.44597534494181,68.69801176485443,69.00756671950292,-0.2520364199126135,-0.2883490255596134,0.036312605646999896,27.725096004137647,50.1,89.64,80.81,68.6565,69.77338052416702,67.53961947583296,0.0325,0.5284,0.5,0.55,0.8003492433061701,,28148.46,0.54,-1008906,69.37,,,,,,62.34,68.76499999999999,9.2841,0.0655,False,True
2026-06-04 23:45:00,68.73,68.93,68.58,68.88,15309.885,68.6255,69.15939999999999,,,68.51274836879692,68.71149237486522,69.00256410305182,-0.19874400606829568,-0.2704280216613499,0.0716840155930542,27.007806963672586,52.37,89.64,87.88,68.6255,69.67626363209183,67.57473636790817,0.0306,0.6211,0.3500000000000085,0.53,0.7694541231126598,,27667.9,0.55,-993596,69.37,,,,,,68.76499999999999,69.08333333333333,0.167,0.2952,True,True
2026-06-05 00:00:00,68.87,68.87,68.46,68.5,18317.449,68.579,69.1692,,,68.5107870812897,68.69582627302334,68.98285570685371,-0.1850391917336367,-0.25335025567580727,0.06831106394217057,26.567343482538355,46.9,90.64,89.97,68.579,69.55984603652608,67.5981539634739,0.0286,0.4597,0.4200000000000017,0.52,0.759124087591241,,27225.77,0.67,-1011913,68.61,69.16,71.52,74.16,66.52,64.16,62.34,68.76499999999999,8.9927,0.3869,False,False
2026-06-05 00:15:00,68.51,69.08,68.35,69.06,26821.869,68.5535,69.1764,,,68.59528137647591,68.72280210465125,68.9858809732516,-0.127520728175341,-0.22818435017571403,0.10066362200037304,25.57630456812263,54.46,90.64,90.31,68.5535,69.44863950691645,67.65836049308355,0.0261,0.7829,0.730000000000004,0.54,0.7819287576020852,,26733.06,1.0,-985091,68.74,69.16,71.52,74.16,66.52,64.16,68.76499999999999,69.08333333333333,0.4272,0.0338,False,True
2026-06-05 00:30:00,69.07,69.1,68.68,68.8,17733.596,68.53,69.183,,,68.62677654932577,68.72852046726968,68.97859152332016,-0.10174391794390658,-0.20289626372935254,0.10115234578544596,24.600765813587365,50.84,85.05,88.78,68.53,69.36884632555389,67.69115367444611,0.0245,0.6609,0.4199999999999875,0.53,0.7703488372093024,,26631.29,0.67,-1002825,68.77,69.16,71.52,74.16,66.52,64.16,68.76499999999999,69.08333333333333,0.0509,0.4118,True,False
2026-06-05 00:45:00,68.8,69.06,68.27,68.31,31609.869,68.4905,69.16159999999999,,,68.57804169558335,68.69751895117562,68.95237224789584,-0.11947725559227251,-0.18621246210193657,0.06673520650966405,24.523315571385144,44.79,79.49,85.06,68.4905,69.28980166889309,67.6911983311069,0.0233,0.3871,0.7900000000000063,0.55,0.8051529790660227,,26899.13,1.18,-1034435,68.7,69.16,71.52,74.16,66.52,64.16,62.34,68.76499999999999,8.7396,0.6661,False,False
2026-06-05 01:00:00,68.3,68.3,67.58,68.27,58574.217,68.46000000000001,69.12899999999999,,,68.53065066549361,68.66585088071817,68.92561255189992,-0.1352002152245575,-0.17601001272646077,0.04080979750190328,25.503926700893928,44.33,63.86,76.13,68.46000000000001,69.2431112040415,67.67688879595852,0.0229,0.3787,0.730000000000004,0.56,0.8202724476343929,,28069.19,2.09,-1093009,68.45,69.16,71.52,74.16,66.52,64.16,62.34,68.76499999999999,8.6861,0.7251,False,False
2026-06-05 01:15:00,68.26,68.47,68.01,68.44,32165.133,68.4425,69.0954,,,68.51670440926382,68.64912118585015,68.90656892241365,-0.1324167765863251,-0.16729136549843365,0.03487458891210854,25.93424125996751,46.85,57.49,66.95,68.4425,69.21004907266438,67.67495092733562,0.0224,0.4984,0.45999999999999375,0.55,0.8036236119228521,,28706.97,1.12,-1060844,68.43,69.16,71.52,74.16,66.52,64.16,62.34,68.76499999999999,8.9129,0.4749,False,False
2026-06-05 01:30:00,68.45,68.82,68.3,68.57,50924.66,68.4265,69.071,,,68.52490373091554,68.64326035726866,68.89337014114253,-0.11835662635311905,-0.15750441766937076,0.03914779131625171,25.41939038241816,48.75,62.1,61.15,68.4265,69.16765912063865,67.68534087936136,0.0217,0.5968,0.519999999999996,0.55,0.8021000437509116,,30519.11,1.67,-1009919,68.46,69.16,71.52,74.16,66.52,64.16,62.34,68.76499999999999,9.0856,0.2844,False,True
2026-06-05 01:45:00,68.57,68.73,68.32,68.52,29313.816,68.4115,69.054,,,68.52414931077469,68.63412996043394,68.87872817482321,-0.10998064965924925,-0.14799966406734646,0.03801901440809721,24.941314567550908,48.04,65.62,61.74,68.4115,69.1309522770469,67.6920477229531,0.021,0.5754,0.4100000000000108,0.54,0.7880910683012261,,30908.83,0.95,-1039233,68.46,69.16,71.52,74.16,66.52,64.16,62.34,68.76499999999999,9.0193,0.3576,False,False
2026-06-05 02:00:00,68.52,68.62,68.19,68.21,35862.591,68.3785,69.0168,,,68.47581864757858,68.60271292632773,68.85250354051641,-0.12689427874914827,-0.14377858700370683,0.016884308254558555,24.730994863586027,43.76,47.04,58.25,68.3785,69.06938120694217,67.68761879305784,0.0202,0.3781,0.4300000000000068,0.53,0.7770121683037678,,31698.14,1.13,-1075096,68.45,69.16,71.52,74.16,66.52,64.16,62.34,68.76499999999999,8.6058,0.8137,False,False
2026-06-05 02:15:00,68.21,68.37,67.74,67.74,50986.331,68.3495,68.964,,,68.36261577872034,68.53880826511826,68.80887595069224,-0.17619248639792318,-0.1502613668825501,-0.02593111951537308,25.262476493631656,38.21,24.01,45.56,68.3495,69.09708488340479,67.60191511659522,0.0219,0.0924,0.6300000000000097,0.54,0.7971656333038087,,32846.46,1.55,-1126082,68.38,69.16,71.52,74.16,66.52,64.16,62.34,68.76499999999999,7.9717,1.5131,False,False
2026-06-05 02:30:00,67.74,68.09,67.42,67.74,60106.598,68.3335,68.90859999999999,,,68.26682873584028,68.4796372825169,68.76695924674353,-0.21280854667662652,-0.1627708028413654,-0.050037743835261134,26.196014538901554,38.21,2.8,24.62,68.3335,69.11986472052403,67.54713527947597,0.023,0.1226,0.6700000000000017,0.55,0.8119279598464719,,33597.21,1.79,-1126082,68.28,69.16,71.52,74.16,66.52,64.16,62.34,68.76499999999999,7.9717,1.5131,False,False
2026-06-05 02:45:00,67.74,68.0,67.21,67.33,58741.915,68.30999999999999,68.852,,,68.12270123801869,68.39447896529343,68.71060790373397,-0.27177772727473837,-0.18457218772804,-0.08720553954669838,27.32855028347739,33.86,0.0,8.94,68.30999999999999,69.18642815780306,67.43357184219691,0.0257,-0.0591,0.7900000000000063,0.57,0.8465765631961978,,35704.0,1.65,-1184824,68.19,69.16,71.52,74.16,66.52,64.16,62.34,68.76499999999999,7.4113,2.1313,False,False
2026-06-05 03:00:00,67.33,67.42,67.02,67.1,60047.011,68.274,68.7962,,,67.96536258601581,68.29859163453095,68.6474468094699,-0.33322904851513613,-0.21430355988545924,-0.11892548862967689,28.609941656197243,31.68,0.0,0.93,68.274,69.28412557843625,67.26387442156376,0.0296,-0.0811,0.4000000000000057,0.55,0.8196721311475412,,36666.61,1.64,-1244871,68.07,69.16,71.52,74.16,66.52,64.16,62.34,68.76499999999999,7.0939,2.4814,False,False
2026-06-05 03:15:00,67.1,67.87,67.1,67.33,45209.679,68.24249999999999,68.7474,,,67.86761449585953,68.22684410604718,68.59578222870637,-0.3592296101876542,-0.24328876994589824,-0.11594084024175597,28.512965132743766,36.11,6.48,2.16,68.24249999999999,69.33017013188288,67.1548298681171,0.0319,0.0805,0.7700000000000102,0.57,0.8465765631961978,,36973.76,1.22,-1199661,68.02,69.16,71.52,74.16,66.52,64.16,62.34,68.76499999999999,7.4113,2.1313,False,False
2026-06-05 03:30:00,67.33,67.66,66.94,67.03,59270.691,68.19399999999999,68.6822,,,67.73875072726575,68.13818898708072,68.53437900405122,-0.3994382598149713,-0.27451866791971286,-0.12491959189525842,28.658484127193155,33.09,8.55,5.01,68.19399999999999,69.40653800808605,66.98146199191393,0.0356,0.02,0.7199999999999989,0.58,0.8652842011039832,,37996.42,1.56,-1258932,67.95,69.16,71.52,74.16,66.52,64.16,62.34,68.76499999999999,6.9969,2.5884,False,False
2026-06-05 03:45:00,67.02,67.25,66.97,67.09,40814.167,68.124,68.627,,,67.63894292307103,68.06054535840808,68.47773669016685,-0.42160243533705,-0.3039354214031803,-0.11766701393386969,28.793608907753303,34.27,13.07,9.37,68.124,69.42313979637566,66.82486020362433,0.0381,0.102,0.28000000000000114,0.56,0.8346996571769266,,37861.61,1.08,-1218118,67.9,69.16,71.52,74.16,66.52,64.16,62.34,68.76499999999999,7.08,2.4966,False,False
2026-06-05 04:00:00,67.1,67.75,66.52,67.42,110005.313,68.066,68.58099999999999,,,67.60525939644472,68.01309755408155,68.43625681996423,-0.4078381576368315,-0.32471596864991054,-0.08312218898692098,27.603163316235637,40.5,23.8,15.14,68.066,69.38287668766937,66.74912331233064,0.0387,0.2547,1.230000000000004,0.61,0.9047760308513795,,42141.53,2.61,-1108112,67.8,69.16,71.52,74.16,66.52,64.16,62.34,68.76499999999999,7.5349,1.995,False,False
2026-06-05 04:15:00,67.42,67.9,67.03,67.88,64827.25,68.047,68.5458,,,67.64752718160707,68.00323847600144,68.41444282702444,-0.3557112943943679,-0.33091503379880205,-0.024796260595565833,26.148523327772995,47.9,53.39,30.09,68.047,69.3630563097858,66.73094369021419,0.0387,0.4366,0.8700000000000045,0.63,0.9281084266352386,,44086.31,1.47,-1043285,67.79,69.16,71.52,74.16,66.52,64.16,62.34,68.76499999999999,8.1615,1.3038,False,False
2026-06-05 04:30:00,67.88,67.89,67.18,67.25,44469.832,67.9735,68.5048,,,67.58636915366753,67.94744303333468,68.36877840243525,-0.36107387966714555,-0.33694680297247076,-0.024127076694674787,24.79778619562911,40.47,66.04,47.74,67.9735,69.29548057155908,66.65151942844092,0.0389,0.2264,0.7099999999999937,0.63,0.9368029739776952,,45555.59,0.98,-1087755,67.77,69.16,71.52,74.16,66.52,64.16,62.34,68.76499999999999,7.3011,2.2528,False,False
2026-06-05 04:45:00,67.24,68.01,66.93,67.94,59930.763,67.9265,68.4816,,,67.64077389925714,67.94689169753211,68.35196356312406,-0.3061177982749683,-0.3307810020329703,0.02466320375800196,24.058568820778568,49.68,82.16,67.2,67.9265,69.17772718707874,66.67527281292126,0.0368,0.5054,1.0799999999999983,0.66,0.9714453929938182,,47786.64,1.25,-1027824,67.76,69.16,71.52,74.16,66.52,64.16,62.34,68.76499999999999,8.2426,1.2143,False,False
2026-06-05 05:00:00,67.95,68.1,67.56,67.72,25087.303,67.8875,68.4472,,,67.65296253014066,67.93008490512231,68.32718067829566,-0.2771223749816585,-0.32004927662270793,0.04292690164104945,23.1330005792694,47.17,79.2,75.8,67.8875,69.11179571591212,66.66320428408788,0.0361,0.4316,0.539999999999992,0.66,0.9746012994683994,,48125.13,0.52,-1052911,67.76,69.16,71.52,74.16,66.52,64.16,62.34,68.76499999999999,7.9445,1.5431,False,False
2026-06-05 05:15:00,67.72,67.94,67.5,67.82,27183.27,67.82549999999999,68.4154,,,67.6786606024267,67.92193046770585,68.30729123993112,-0.24326986527914585,-0.30469339435399556,0.061423529074849714,22.404169951918043,48.44,93.08,84.81,67.82549999999999,68.91831818201754,66.73268181798244,0.0322,0.4975,0.4399999999999977,0.64,0.9436744323208495,,48143.2,0.56,-1025728,67.76,69.16,71.52,74.16,66.52,64.16,62.34,68.76499999999999,8.0802,1.3934,False,False
2026-06-05 05:30:00,67.81,68.01,66.69,66.73,69696.726,67.722,68.357,,,67.53271281743798,67.83363932194986,68.24543668150244,-0.3009265045118781,-0.3039400163855721,0.0030135118736940303,23.15921188962836,37.77,71.02,81.1,67.722,68.81830191769313,66.62569808230685,0.0324,0.0476,1.3200000000000074,0.69,1.0340176832009589,,50741.36,1.37,-1095425,67.72,69.16,71.52,74.16,66.52,64.16,62.34,68.76499999999999,6.5788,3.0496,False,False
2026-06-05 05:45:00,66.73,66.84,66.07,66.24,105084.836,67.6185,68.2978,,,67.33383392244752,67.71559196476838,68.16679210575724,-0.381758042320854,-0.31950362157262846,-0.062254420748225514,24.623947703503728,34.13,46.86,70.32,67.6185,68.86203105055122,66.37496894944877,0.0368,-0.0543,0.7700000000000102,0.69,1.0416666666666665,,54415.11,1.93,-1200510,67.6,69.16,71.52,74.16,66.52,64.16,62.34,68.76499999999999,5.8877,3.8119,False,False
2026-06-05 06:00:00,66.24,66.56,65.65,65.67,158065.507,67.4885,68.23819999999999,,,67.07785947284022,67.56406663404479,68.06887868984519,-0.4862071612045753,-0.35284432949901784,-0.13336283170555746,26.403483702750446,30.45,15.81,44.56,67.4885,68.96672475322717,66.01027524677284,0.0438,-0.1151,0.9099999999999966,0.71,1.0811633927211814,,59389.67,2.66,-1358575,67.41,69.16,71.52,74.16,66.52,64.16,62.34,68.76499999999999,5.0708,4.713,False,False
2026-06-05 06:15:00,65.67,65.92,63.87,64.65,311670.004,67.299,68.1462,,,66.7043426308648,67.34820984633777,67.93480501573362,-0.6438672154729659,-0.41104890669380745,-0.23281830877915843,29.21788325051569,25.21,4.53,22.4,67.299,69.18037575641951,65.4176242435805,0.0559,-0.204,2.0500000000000043,0.81,1.2529002320185616,,73364.91,4.25,-1670245,66.92,69.16,71.52,74.16,66.52,64.16,62.34,68.76499999999999,3.5731,6.365,False,False
2026-06-05 06:30:00,64.64,65.53,64.45,65.43,133044.418,67.142,68.08099999999999,,,66.50828991842407,67.20612022809053,67.83657736805779,-0.6978303096664575,-0.4684051872883375,-0.22942512237812002,31.831254259154846,34.49,12.64,10.99,67.142,69.09931932687782,65.18468067312217,0.0583,0.0627,1.0799999999999983,0.83,1.2685312547760963,,77470.9,1.72,-1537201,66.79,69.16,71.52,74.16,66.52,64.16,62.34,68.76499999999999,4.7226,5.0971,False,False
2026-06-05 06:45:00,65.42,65.52,64.75,65.05,108786.752,66.9685,67.9892,,,66.2839376232819,67.04640761860234,67.72729982421238,-0.7624699953204441,-0.5272181488947589,-0.2352518464256852,34.25795591003406,32.38,22.41,13.19,66.9685,69.02421117160308,64.91278882839693,0.0614,0.0334,0.769999999999996,0.82,1.2605687932359724,,81444.55,1.34,-1645988,66.69,69.16,71.52,74.16,66.52,64.16,62.34,68.76499999999999,4.166,5.711,False,False
2026-06-05 07:00:00,65.05,65.17,63.93,64.13,157182.794,66.7645,67.8796,,,65.95256260431546,66.8303774246318,67.58622924287071,-0.8778148203163454,-0.5973374831790763,-0.2804773371372691,36.89347830949582,27.93,26.12,20.39,66.7645,69.09311806770977,64.43588193229023,0.0698,-0.0657,1.240000000000002,0.85,1.3254327147980667,,87510.56,1.8,-1803170,66.52,69.16,71.52,74.16,66.52,64.16,62.34,68.76499999999999,2.7912,7.2275,False,False
2026-06-05 07:15:00,64.14,65.57,64.14,65.48,98649.172,66.6515,67.7992,,,65.87986066519001,66.73034946725167,67.5036320176601,-0.8504888020616619,-0.6479677469555934,-0.20252105510606844,38.41221938805797,40.79,34.7,27.74,66.6515,69.00005633147397,64.30294366852603,0.0705,0.2506,1.4399999999999977,0.89,1.3591936469150885,,89893.7,1.1,-1704521,66.45,69.16,71.52,74.16,66.52,64.16,62.34,68.76499999999999,4.7954,5.0168,False,False
2026-06-05 07:30:00,65.48,66.2,65.31,66.19,82058.817,66.574,67.7344,,,65.92757440900692,66.69032358078859,67.45211703657539,-0.7627491717816639,-0.6709240319208076,-0.09182513986085628,38.533251403931935,46.22,53.56,38.13,66.574,68.87309272723445,64.27490727276555,0.0691,0.4165,0.8900000000000006,0.89,1.3446139900287053,,90991.31,0.9,-1622462,66.43,69.16,71.52,74.16,66.52,64.16,62.34,68.76499999999999,5.8166,3.8903,False,False
2026-06-05 07:45:00,66.2,66.31,65.88,66.18,66763.929,66.5165,67.6666,,,65.96640911531355,66.6525218340635,67.40223009396459,-0.6861127187499534,-0.6739617692866368,-0.01215094946331663,38.4353965078339,46.16,78.4,55.55,66.5165,68.7933979359048,64.23960206409518,0.0685,0.4261,0.4300000000000068,0.86,1.2994862496222421,,91392.41,0.73,-1689226,66.42,69.16,71.52,74.16,66.52,64.16,62.34,68.76499999999999,5.8024,3.906,False,False
2026-06-05 08:00:00,66.18,66.2,65.52,65.67,49995.313,66.445,67.5946,,,65.92080771295763,66.57974243894769,67.33429950204442,-0.6589347259900649,-0.6709563606273223,0.012021634637257472,38.653949979041144,42.89,81.26,71.07,66.445,68.73452304846992,64.15547695153006,0.0689,0.3308,0.6800000000000068,0.85,1.2943505405816962,,90889.83,0.55,-1739222,66.41,69.16,71.52,74.16,66.52,64.16,62.34,68.76499999999999,5.0708,4.713,False,False
2026-06-05 08:15:00,65.68,66.03,65.43,65.93,50698.227,66.375,67.5312,,,65.92222191096414,66.53161336939601,67.27922893333678,-0.6093914584318725,-0.6586433801882324,0.04925192175635995,38.933041268503345,45.03,81.06,80.24,66.375,68.6360244534168,64.1139755465832,0.0681,0.4016,0.5999999999999943,0.83,1.2589109661762474,,91164.25,0.56,-1688523,66.39,69.16,71.52,74.16,66.52,64.16,62.34,68.76499999999999,5.4452,4.3,False,False
2026-06-05 08:30:00,65.94,66.11,65.37,65.37,39211.668,66.292,67.461,,,65.83726469389273,66.44556793462594,67.20435721046083,-0.608303240733207,-0.6485753522972273,0.04027211156402033,39.01761751215855,41.43,75.77,79.36,66.292,68.57356548287201,64.01043451712799,0.0688,0.2979,0.7399999999999949,0.82,1.2543980419152514,,90161.3,0.43,-1727735,66.38,69.16,71.52,74.16,66.52,64.16,62.34,68.76499999999999,4.6352,5.1935,False,False
2026-06-05 08:45:00,65.38,65.57,65.1,65.31,35556.608,66.203,67.39139999999999,,,65.75614704867847,66.36145179132032,67.13006869240354,-0.6053047426418487,-0.6399212303661517,0.034616487724302925,39.347053152821594,41.05,76.81,77.88,66.203,68.49235385046372,63.91364614953629,0.0692,0.305,0.46999999999999886,0.8,1.224927269943347,,89898.43,0.4,-1763292,66.37,69.16,71.52,74.16,66.52,64.16,62.34,68.76499999999999,4.5475,5.2902,False,False
2026-06-05 09:00:00,65.32,66.32,65.31,66.32,81265.431,66.148,67.34,,,65.84289365657409,66.35838128825955,67.09830129270144,-0.5154876316854597,-0.6150345106300132,0.0995468789445535,38.12147222909614,49.43,81.71,78.1,66.148,68.36598960654425,63.930010393455746,0.0671,0.5388,1.009999999999991,0.81,1.221351025331725,,88461.43,0.92,-1682026,66.35,69.16,71.52,74.16,66.52,64.16,62.34,68.76499999999999,6.0012,3.6867,False,False
2026-06-05 09:15:00,66.33,66.54,66.03,66.41,51050.403,66.0745,67.2918,,,65.93014078633192,66.36220489653662,67.07130908514452,-0.43206411020470625,-0.5784404305449519,0.1463763203402456,36.590394516351544,50.11,91.78,83.43,66.0745,68.14322933285945,64.00577066714055,0.0626,0.5811,0.5100000000000051,0.79,1.1895798825478092,,87772.59,0.58,-1630976,66.35,69.16,71.52,74.16,66.52,64.16,62.34,68.76499999999999,6.1286,3.5462,False,False
2026-06-05 09:30:00,66.41,66.45,66.09,66.15,37809.436,66.0195,67.2374,,,65.9639652807424,66.3464860153117,67.03517931709963,-0.38252073456929736,-0.539256491349821,0.15673575678052365,35.16867949737442,48.1,97.3,90.26,66.0195,68.01379159035731,64.02520840964267,0.0604,0.5327,0.35999999999999943,0.76,1.1489040060468632,,87439.57,0.43,-1668785,66.35,69.16,71.52,74.16,66.52,64.16,62.34,68.76499999999999,5.7596,3.9531,False,False
2026-06-05 09:45:00,66.14,66.62,66.13,66.55,37958.364,65.95,67.202,,,66.0541244683205,66.3615611252886,67.01615267721337,-0.3074366569681075,-0.4928925244734783,0.1854558675053708,33.52519290734356,51.34,97.3,95.46,65.95,67.74989473376449,64.15010526623551,0.0546,0.6667,0.4900000000000091,0.74,1.111945905334335,,86340.95,0.44,-1630827,66.35,69.16,71.52,74.16,66.52,64.16,62.34,68.76499999999999,6.3261,3.3283,False,False
2026-06-05 10:00:00,66.56,66.74,66.41,66.6,36918.275,65.894,67.1728,,,66.13810531934811,66.37922326415611,66.99983296438147,-0.2411179448079963,-0.44253760854038193,0.20141966373238562,31.769616179750287,51.74,97.3,97.3,65.894,67.52366447951445,64.26433552048556,0.0495,0.7166,0.3299999999999983,0.71,1.0660660660660661,,86932.5,0.42,-1593909,66.36,69.16,71.52,74.16,66.52,64.16,62.34,68.76499999999999,6.3964,3.2508,False,False
2026-06-05 10:15:00,66.6,66.6,66.21,66.51,33330.644,65.8285,67.14699999999999,,,66.19531988560226,66.38891042977417,66.98062382852338,-0.19359054417191146,-0.3927481956666879,0.19915765149477643,30.45746553218261,50.92,98.85,97.82,65.8285,67.22014839782165,64.43685160217836,0.0423,0.7449,0.39000000000000057,0.69,1.0374379792512403,,87239.87,0.38,-1627239,66.36,69.16,71.52,74.16,66.52,64.16,62.34,68.76499999999999,6.2697,3.3905,False,False
2026-06-05 10:30:00,66.51,66.74,66.2,66.6,24014.705,65.822,67.1226,,,66.25757836474037,66.40454669423535,66.9656974038754,-0.14696832949498173,-0.34359222243234666,0.19662389293736493,28.951071995879193,51.75,98.85,98.33,65.822,67.1970345450212,64.44696545497881,0.0418,0.7829,0.539999999999992,0.68,1.021021021021021,,84955.77,0.28,-1603225,66.36,69.16,71.52,74.16,66.52,64.16,62.34,68.76499999999999,6.3964,3.2508,False,False
2026-06-05 10:45:00,66.59,66.6,66.16,66.42,16204.532,65.831,67.09179999999999,,,66.28256630862646,66.40569138355124,66.9442975056842,-0.1231250749247863,-0.29949879293083465,0.17637371800604834,27.622327721715926,49.94,93.21,96.97,65.831,67.21984124362781,64.4421587563722,0.0422,0.712,0.4399999999999977,0.66,0.9936766034327009,,80511.75,0.2,-1619429,66.36,69.16,71.52,74.16,66.52,64.16,62.34,68.76499999999999,6.1427,3.5306,False,False
2026-06-05 11:00:00,66.41,66.45,65.84,66.01,25328.764,65.848,67.05199999999999,,,66.24063303037623,66.37638091069559,66.90765838781424,-0.13574788031935725,-0.2667486104085392,0.13100073008918195,26.934562122271007,45.99,76.42,89.49,65.848,67.2368670126938,64.45913298730619,0.0422,0.5583,0.6099999999999994,0.66,0.9998485078018482,,73874.91,0.34,-1644758,66.36,69.16,71.52,74.16,66.52,64.16,62.34,68.76499999999999,5.5598,4.1736,False,False
2026-06-05 11:15:00,66.01,66.8,65.93,66.6,64850.005,65.9455,67.0142,,,66.29592025647219,66.3929452876811,66.89559335299799,-0.09702503120891492,-0.23280389456861436,0.13577886335969944,25.52664384131702,51.88,76.42,82.02,65.9455,67.2515744719645,64.63942552803549,0.0396,0.7506,0.8699999999999903,0.67,1.006006006006006,,61533.91,1.05,-1579908,66.36,69.16,71.52,74.16,66.52,64.16,62.34,68.76499999999999,6.3964,3.2508,False,False
2026-06-05 11:30:00,66.6,66.65,66.05,66.06,33123.411,65.977,66.9638,,,66.25962483239954,66.3682826737788,66.86282498621377,-0.10865784137925516,-0.20797468393074253,0.09931684255148737,24.21929115185975,46.84,66.56,73.13,65.977,67.26092654323472,64.69307345676529,0.0389,0.5323,0.6000000000000085,0.67,1.0142294883439298,,56537.86,0.59,-1613031,66.36,69.16,71.52,74.16,66.52,64.16,62.34,68.76499999999999,5.6312,4.0948,False,False
2026-06-05 11:45:00,66.06,66.36,65.98,66.08,28704.339,66.0285,66.9202,,,66.23199024279961,66.34692840164703,66.83212596714657,-0.11493815884742276,-0.18936737891407857,0.07442922006665581,23.142713273457233,47.05,69.63,70.87,66.0285,67.23623428586949,64.8207657141305,0.0366,0.5213,0.37999999999999545,0.65,0.9836561743341404,,52533.74,0.55,-1584327,66.36,69.16,71.52,74.16,66.52,64.16,62.34,68.76499999999999,5.6598,4.0633,False,False
2026-06-05 12:00:00,66.08,66.26,65.45,65.89,51167.948,66.1165,66.8636,,,66.17937635929198,66.31308185337689,66.79517985078787,-0.13370549408490717,-0.17823500194824432,0.04452950786333715,23.081445660804796,45.26,49.26,61.82,66.1165,66.93580072879988,65.29719927120013,0.0248,0.3618,0.8100000000000023,0.66,1.001669449081803,,47233.0,1.08,-1635495,66.35,69.16,71.52,74.16,66.52,64.16,62.34,68.76499999999999,5.3878,4.3633,False,False
2026-06-05 12:15:00,65.9,66.37,65.79,65.91,34625.226,66.138,66.8042,,,66.13793384247782,66.28322393831193,66.76046691546286,-0.14529009583411323,-0.17164602072541812,0.026355924891304894,22.751080976663598,45.5,32.61,50.5,66.138,66.908060831501,65.367939168499,0.0233,0.352,0.5799999999999983,0.65,0.9861932938856016,,44031.8,0.79,-1600870,66.34,69.16,71.52,74.16,66.52,64.16,62.34,68.76499999999999,5.4165,4.3317,False,False
2026-06-05 12:30:00,65.91,66.25,65.2,65.7,76656.7,66.1135,66.7482,,,66.07055940517354,66.24002216510364,66.71887997760157,-0.16946275993009863,-0.17120936856635424,0.0017466086362556144,23.336349155987715,43.39,14.15,32.01,66.1135,66.90740507188164,65.31959492811836,0.024,0.2396,1.0499999999999972,0.68,1.035007610350076,,43761.7,1.75,-1677526,66.33,69.16,71.52,74.16,66.52,64.16,62.34,68.76499999999999,5.1142,4.6651,False,False
2026-06-05 12:45:00,65.7,65.86,65.38,65.83,30158.178,66.096,66.68360000000001,,,66.03355026591608,66.20965015287373,66.68402193926426,-0.1760998869576582,-0.17218747224461506,-0.003912414713043155,23.87981246536011,45.09,7.83,18.2,66.096,66.89910974540183,65.29289025459818,0.0243,0.3344,0.480000000000004,0.67,1.0177730518000911,,41931.41,0.72,-1647368,66.32,69.16,71.52,74.16,66.52,64.16,62.34,68.76499999999999,5.3015,4.4585,False,False
2026-06-05 13:00:00,65.82,66.43,65.81,66.29,89884.353,66.127,66.6334,,,66.07300407115976,66.2156019934016,66.6685700985088,-0.14259792224184764,-0.1662695622440616,0.023671640002213945,23.01454121383142,50.7,35.35,19.11,66.127,66.90844535452374,65.34555464547626,0.0236,0.6043,0.6200000000000045,0.66,0.9956252828480916,,43925.86,2.05,-1557484,66.32,69.16,71.52,74.16,66.52,64.16,62.34,68.76499999999999,5.9587,3.7336,False,False
2026-06-05 13:15:00,66.29,66.72,66.12,66.49,56269.817,66.155,66.597,,,66.13715729098134,66.23592777166814,66.66156734954767,-0.09877048068680949,-0.15276974593261117,0.053999265245801675,21.618014446029793,52.96,68.68,37.29,66.155,66.94678678682519,65.36321321317482,0.0239,0.7115,0.5999999999999943,0.66,0.992630470747481,,44204.44,1.27,-1501214,66.32,69.16,71.52,74.16,66.52,64.16,62.34,68.76499999999999,6.2415,3.4216,False,False
2026-06-05 13:30:00,66.49,66.83,65.75,65.88,77888.667,66.18050000000001,66.5492,,,66.09759463083036,66.20956275154458,66.6309176495654,-0.11196812071422357,-0.14460942088893367,0.03264130017471009,20.959886597706923,46.04,71.27,58.43,66.18050000000001,66.89490737309907,65.46609262690095,0.0216,0.2897,1.0799999999999983,0.69,1.0473588342440803,,46138.29,1.69,-1579103,66.32,69.16,71.52,74.16,66.52,64.16,62.34,68.76499999999999,5.3734,4.3792,False,False
2026-06-05 13:45:00,65.89,65.99,64.3,64.32,148312.874,66.131,66.4668,,,65.82411853377954,66.06959514031907,66.54029342801381,-0.2454766065395262,-0.16478285801905218,-0.080693748520474,22.107142243698483,33.87,42.57,60.84,66.131,67.16504977992837,65.09695022007163,0.0313,-0.3757,1.6899999999999977,0.76,1.1815920398009951,,51776.1,2.86,-1727416,66.25,69.16,71.52,74.16,66.52,64.16,62.34,68.76499999999999,3.0784,6.9108,False,False
2026-06-05 14:00:00,64.33,65.33,63.94,65.0,160434.664,66.065,66.3954,,,65.69733106704422,65.9903658706658,66.47988976417014,-0.2930348036215804,-0.19043324713955784,-0.10260155648202257,23.486845310944975,41.17,21.99,45.28,66.065,67.21072891071302,64.91927108928698,0.0347,0.0352,1.3900000000000006,0.81,1.2461538461538464,,55734.57,2.88,-1566981,66.19,69.16,71.52,74.16,66.52,64.16,62.34,68.76499999999999,4.0923,5.7923,False,False
2026-06-05 14:15:00,65.01,65.37,64.59,64.87,96063.876,65.988,66.3224,,,65.57004936442203,65.90737580617204,66.4167568322419,-0.33732644175000814,-0.21981188606164792,-0.11751455568836022,24.68422065776025,40.26,23.91,29.49,65.988,67.23832374754932,64.73767625245068,0.0379,0.0529,0.7800000000000011,0.8,1.2332357021735778,,57985.24,1.66,-1663045,66.16,69.16,71.52,74.16,66.52,64.16,62.34,68.76499999999999,3.9001,6.0043,False,False
2026-06-05 14:30:00,64.88,65.76,64.68,65.47,115160.071,65.954,66.26759999999999,,,65.55465715451095,65.87497759830744,66.37962911333045,-0.32032044379648994,-0.23991359760861636,-0.08040684618787358,24.993582443709823,46.2,45.44,30.45,65.954,67.22262378812279,64.6853762118772,0.0385,0.3092,1.0799999999999983,0.82,1.252482052848633,,61852.77,1.86,-1547885,66.13,69.16,71.52,74.16,66.52,64.16,62.34,68.76499999999999,4.7808,5.0328,False,False
2026-06-05 14:45:00,65.48,65.85,64.89,65.27,67488.14,65.89000000000001,66.2182,,,65.51086374612464,65.83016444287726,66.33611424614102,-0.3193006967526202,-0.25579101743741717,-0.06350967931520302,25.100969190585637,44.61,51.44,40.26,65.89000000000001,67.16117020269206,64.61882979730797,0.0386,0.2561,0.9599999999999937,0.83,1.2716408763597364,,63329.26,1.07,-1615373,66.12,69.16,71.52,74.16,66.52,64.16,62.34,68.76499999999999,4.489,5.3547,False,False
2026-06-05 15:00:00,65.27,65.34,64.31,64.43,83351.452,65.7815,66.152,,,65.34457701595163,65.72644855821969,66.26136466786099,-0.3818715422680583,-0.2810071224035454,-0.10086441986451289,25.827064090964804,38.59,48.53,48.47,65.7815,67.16314318647706,64.39985681352293,0.042,0.0109,1.0300000000000011,0.85,1.3192612137203166,,65650.92,1.27,-1698724,66.09,69.16,71.52,74.16,66.52,64.16,62.34,68.76499999999999,3.2438,6.7282,False,False
2026-06-05 15:15:00,64.43,65.03,64.2,64.61,114912.41,65.6865,66.0976,,,65.23156516734369,65.64374866501824,66.19660526912135,-0.41218349767454754,-0.30724239745774584,-0.1049411002168017,26.6112857590192,40.44,38.48,46.15,65.6865,67.11763168322783,64.25536831677216,0.0436,0.1239,0.8299999999999983,0.85,1.315585822628076,,69730.01,1.65,-1583812,66.05,69.16,71.52,74.16,66.52,64.16,62.34,68.76499999999999,3.5134,6.4309,False,False
2026-06-05 15:30:00,64.6,64.77,64.0,64.39,121160.464,65.576,66.0434,,,65.10209360313696,65.5508783935354,66.12575800366561,-0.44878479039843455,-0.33555087604588363,-0.11323391435255092,27.54037811685012,38.9,28.5,38.5,65.576,67.0507617113503,64.10123828864968,0.045,0.0979,0.769999999999996,0.84,1.3045503960242273,,74587.29,1.62,-1704972,66.0,69.16,71.52,74.16,66.52,64.16,62.34,68.76499999999999,3.1837,6.7945,False,False
2026-06-05 15:45:00,64.38,64.53,63.78,64.24,148082.82,65.467,65.9816,,,64.96946381803897,65.45377629031056,66.05180670940422,-0.4843124722715828,-0.36530319529102345,-0.11900927698055935,28.619101699546196,37.83,27.19,31.39,65.467,67.00019892622262,63.933801073777374,0.0468,0.0999,0.75,0.83,1.292029887920299,,81181.21,1.82,-1853055,65.94,69.16,71.52,74.16,66.52,64.16,62.34,68.76499999999999,2.9577,7.0439,False,False
2026-06-05 16:00:00,64.25,64.77,63.18,64.57,215179.191,65.395,65.9324,,,64.90800784603297,65.38831137991718,65.99369664236876,-0.48030353388421076,-0.3883032630096609,-0.09200027087454987,30.14612077944404,41.61,29.23,28.31,65.395,66.95582973885239,63.834170261147605,0.0477,0.2357,1.5899999999999963,0.89,1.3783490785194366,,90673.73,2.37,-1637876,65.86,69.16,71.52,74.16,66.52,64.16,62.34,68.76499999999999,3.4536,6.4968,False,False
2026-06-05 16:15:00,64.56,65.51,64.36,64.95,184083.302,65.3125,65.8896,,,64.91446817741252,65.3558438702937,65.95276736227588,-0.4413756928811807,-0.39891774898396487,-0.042457943897215855,30.004863641109132,45.7,41.11,32.51,65.3125,66.77658045508068,63.84841954491933,0.0448,0.3762,1.1500000000000057,0.91,1.401077752117013,,96635.4,1.9,-1453793,65.82,69.16,71.52,74.16,66.52,64.16,62.34,68.76499999999999,4.0185,5.8737,False,False
2026-06-05 16:30:00,64.96,65.22,64.45,64.61,99260.836,65.24,65.8334,,,64.86762691934905,65.30059617619787,65.90010981865721,-0.43296925684882126,-0.40572805055693617,-0.02724120629188509,29.873696298369573,42.81,49.81,40.05,65.24,66.69177930757282,63.788220692427174,0.0445,0.283,0.769999999999996,0.9,1.3929732239591395,,99942.27,0.99,-1553054,65.8,69.16,71.52,74.16,66.52,64.16,62.34,68.76499999999999,3.5134,6.4309,False,False
2026-06-05 16:45:00,64.6,65.98,64.6,65.86,106533.704,65.229,65.793,,,65.02029970098766,65.3420334964795,65.89853688459223,-0.3217337954918378,-0.3889291995439165,0.06719540405207874,28.399427147941225,54.26,69.62,53.51,65.229,66.65712206466424,63.80087793533576,0.0438,0.7209,1.3800000000000097,0.93,1.4120862435469177,,103833.73,1.03,-1446520,65.79,69.16,71.52,74.16,66.52,64.16,62.34,68.76499999999999,5.3447,4.4109,False,False
2026-06-05 17:00:00,65.86,66.06,65.3,65.46,75525.546,65.20750000000001,65.7572,,,65.0879459008357,65.35077175599955,65.88133935970626,-0.2628258551638396,-0.36370853066790115,0.10088267550406155,26.901948383604022,50.76,76.56,65.33,65.20750000000001,66.6063698445914,63.808630155408615,0.0429,0.5903,0.7600000000000051,0.92,1.4054384356859153,,105051.61,0.72,-1522045,65.79,69.16,71.52,74.16,66.52,64.16,62.34,68.76499999999999,4.7663,5.0489,False,False
2026-06-05 17:15:00,65.47,65.48,64.8,64.9,62042.211,65.15700000000001,65.6964,,,65.05903114686099,65.31738125555513,65.84285546324719,-0.2583501086941453,-0.34263684627315,0.08428673757900468,26.171285044818188,46.26,78.03,74.74,65.15700000000001,66.52159132112371,63.79240867887631,0.0419,0.4058,0.6800000000000068,0.9,1.3867488443759628,,106422.46,0.58,-1584088,65.78,69.16,71.52,74.16,66.52,64.16,62.34,68.76499999999999,3.9445,5.9553,False,False
2026-06-05 17:30:00,64.9,65.58,64.81,65.02,46649.028,65.123,65.6424,,,65.05302635503622,65.2953530144029,65.81058662155122,-0.2423266593666824,-0.3225748088918565,0.08024814952517412,25.317445570003457,47.34,63.98,72.86,65.123,66.4643127897705,63.78168721022951,0.0412,0.4616,0.769999999999996,0.89,1.3688095970470624,,104922.08,0.44,-1537439,65.78,69.16,71.52,74.16,66.52,64.16,62.34,68.76499999999999,4.1218,5.7598,False,False
2026-06-05 17:45:00,65.03,65.17,64.9,65.09,37200.093,65.086,65.5878,,,65.05871460810758,65.28014168000269,65.78232832266686,-0.22142707189510702,-0.3023452614925066,0.0809181895973996,24.524594629104065,47.99,56.98,66.33,65.086,66.38536664733725,63.78663335266275,0.0399,0.5015,0.269999999999996,0.85,1.3058841603933014,,105274.18,0.35,-1500238,65.77,69.16,71.52,74.16,66.52,64.16,62.34,68.76499999999999,4.2249,5.646,False,False
2026-06-05 18:00:00,65.1,65.39,64.92,64.97,53242.44,65.02000000000001,65.5526,,,65.04506620686026,65.2571682222247,65.75047231001327,-0.21210201536445084,-0.2842966122668955,0.07219459690244467,23.372667324317348,46.91,58.31,59.76,65.02000000000001,66.18947131555105,63.850528684448975,0.036,0.4786,0.46999999999999886,0.82,1.2621209789133445,,103442.08,0.51,-1553481,65.77,69.16,71.52,74.16,66.52,64.16,62.34,68.76499999999999,4.048,5.8412,False,False
2026-06-05 18:15:00,64.96,65.0,63.99,64.01,77425.67,64.896,65.508,,,64.88582525195868,65.16478539094881,65.68221849393431,-0.2789601389901293,-0.28322931761154224,0.004269178621412961,23.535013755780614,39.31,42.02,52.44,64.896,65.92689945397817,63.865100546021836,0.0318,0.0703,1.009999999999998,0.83,1.2966723949382908,,104499.87,0.74,-1630907,65.74,69.16,71.52,74.16,66.52,64.16,62.34,68.76499999999999,2.609,7.4285,False,False
2026-06-05 18:30:00,64.01,64.29,63.46,63.85,83918.692,64.7945,65.4716,,,64.72646752088811,65.06739388050816,65.61036678828984,-0.340926359620056,-0.294768726013245,-0.04615763360681102,24.235929557135638,38.2,22.15,40.83,64.7945,65.81717914400409,63.77182085599591,0.0316,0.0382,0.8300000000000054,0.83,1.2999216914643694,,104801.37,0.8,-1714825,65.72,69.16,71.52,74.16,66.52,64.16,62.34,68.76499999999999,2.3649,7.6977,False,False
2026-06-05 18:45:00,63.84,63.88,62.63,62.91,160328.78,64.724,65.43679999999999,,,64.44701097921302,64.90758692639645,65.50447005149415,-0.460575947183429,-0.3279301702472818,-0.13264577693614715,25.594822237241374,32.4,3.73,22.63,64.724,66.03746708732106,63.41053291267894,0.0406,-0.1905,1.25,0.86,1.3670322683198222,,105402.17,1.52,-1875154,65.64,69.16,71.52,74.16,66.52,64.16,62.34,68.76499999999999,0.9061,9.3069,False,False
2026-06-05 19:00:00,62.9,63.03,61.78,61.91,219313.977,64.5695,65.3664,,,64.05670159779562,64.68554345036708,65.36351044163163,-0.6288418525714548,-0.38811250671211645,-0.2407293458593383,27.42772969199859,27.6,0.74,8.87,64.5695,66.37939647857549,62.75960352142452,0.0561,-0.2347,1.25,0.89,1.4375706670973996,,108346.14,2.02,-2094468,65.51,69.16,71.52,74.16,66.52,64.16,61.39,62.06,0.8399,0.2423,False,True
2026-06-05 19:15:00,61.92,62.82,61.48,62.79,116722.569,64.46549999999999,65.3212,,,63.86182442890399,64.54513282441395,65.26258846352843,-0.6833083955099681,-0.44715168447168685,-0.2361567110382813,29.306711286153458,36.51,11.14,5.2,64.46549999999999,66.43472079166298,62.49627920833699,0.0611,0.0746,1.3400000000000034,0.92,1.465201465201465,,109379.07,1.07,-1977745,65.45,69.16,71.52,74.16,66.52,64.16,62.34,68.76499999999999,0.7167,9.5158,False,False
2026-06-05 19:30:00,62.8,62.83,61.97,62.46,72932.965,64.31500000000001,65.2878,,,63.64615913214953,64.39067854112403,65.15268303358614,-0.7445194089745044,-0.5066252293722504,-0.237894179602254,31.031477681233092,34.78,20.12,10.67,64.31500000000001,66.41661341530039,62.21338658469964,0.0654,0.0587,0.8599999999999994,0.92,1.4729426833173231,,107267.71,0.68,-2050678,65.42,69.16,71.52,74.16,66.52,64.16,62.34,68.76499999999999,0.1921,10.0945,True,False
2026-06-05 19:45:00,62.46,63.84,62.45,63.44,134506.402,64.2235,65.247,,,63.614442342588056,64.32025790844818,65.08551899305336,-0.705815565860128,-0.546463296669826,-0.159352269190302,30.82049766437477,43.36,39.82,23.69,64.2235,66.3093346808392,62.1376653191608,0.065,0.3122,1.3900000000000006,0.95,1.4974779319041613,,110618.63,1.22,-1916172,65.37,69.16,71.52,74.16,66.52,64.16,62.34,68.76499999999999,1.7339,8.3938,False,False
2026-06-05 20:00:00,63.44,64.3,62.68,64.05,131179.154,64.20450000000001,65.2042,,,63.681451212959125,64.30023880411869,65.04491040509048,-0.6187875911595668,-0.5609281555677742,-0.05785943559179263,29.938248197950347,47.95,54.12,38.02,64.20450000000001,66.28933723964045,62.119662760359574,0.0649,0.4629,1.6199999999999974,1.0,1.56128024980484,,113010.01,1.16,-1784993,65.33,69.16,71.52,74.16,66.52,64.16,62.34,68.76499999999999,2.6698,7.3614,False,False
2026-06-05 20:15:00,64.05,64.38,63.87,64.2,70042.851,64.184,65.16460000000001,,,63.76122794942695,64.29281370751731,65.01177666371439,-0.5315857580903582,-0.555059676072291,0.023473917981932768,29.00176273325336,49.04,76.0,56.65,64.184,66.26009349754013,62.10790650245987,0.0647,0.5039,0.509999999999998,0.97,1.5109034267912773,,110766.53,0.63,-1714950,65.32,69.16,71.52,74.16,66.52,64.16,62.34,68.76499999999999,2.8972,7.1106,False,False
2026-06-05 20:30:00,64.21,64.52,64.03,64.45,46367.612,64.187,65.1402,,,63.86719288028435,64.3044571365901,64.98974620631382,-0.4372642563057525,-0.5315005921189834,0.09423633581323088,27.9197985424755,50.89,89.63,73.25,64.187,66.264519776333,62.109480223667,0.0647,0.5633,0.4899999999999949,0.93,1.442979053529868,,107026.89,0.43,-1668582,65.31,69.16,71.52,74.16,66.52,64.16,62.34,68.76499999999999,3.2739,6.6951,False,False
2026-06-05 20:45:00,64.44,64.82,64.26,64.64,53844.392,64.20700000000001,65.11439999999999,,,63.98608628331753,64.32931216350936,64.97603066881132,-0.34322588019182376,-0.4938456497335515,0.15061976954172773,26.463997986404703,52.31,97.53,87.72,64.20700000000001,66.29434633849877,62.119653661501246,0.065,0.6037,0.5599999999999881,0.9,1.3923267326732673,,102314.97,0.53,-1614738,65.31,69.16,71.52,74.16,66.52,64.16,62.34,68.76499999999999,3.5582,6.3815,False,False
2026-06-05 21:00:00,64.63,65.05,64.53,64.91,59690.204,64.224,65.10520000000001,,,64.12822685511483,64.37232607732348,64.97344123081872,-0.24409922220864644,-0.4438963642285705,0.19979714201992405,24.77578824184288,54.33,100.0,95.72,64.224,66.32925557893422,62.118744421065784,0.0656,0.6629,0.519999999999996,0.88,1.3557233091973502,,94540.52,0.63,-1555048,65.3,69.16,71.52,74.16,66.52,64.16,62.34,68.76499999999999,3.9593,5.939,False,False
2026-06-05 21:15:00,64.9,65.11,64.8,64.94,52831.507,64.2235,65.0978,,,64.25311503125101,64.41437599752173,64.9721298100023,-0.16126096627071718,-0.3873692846369998,0.22610831836628265,23.118896366190114,54.56,100.0,99.18,64.2235,66.32803420274615,62.11896579725385,0.0655,0.6702,0.3100000000000023,0.84,1.2935016938712658,,87977.93,0.6,-1502216,65.3,69.16,71.52,74.16,66.52,64.16,62.34,68.76499999999999,4.0037,5.8901,False,False
2026-06-05 21:30:00,64.94,65.42,64.75,65.35,64301.093,64.2605,65.0784,,,64.4218665649047,64.48368147918679,64.98694824882574,-0.06181491428208119,-0.3222584105660161,0.2604434962839349,21.81432268511854,57.7,100.0,100.0,64.2605,66.41897387607223,62.102026123927764,0.0672,0.7524,0.6700000000000017,0.82,1.2547819433817904,,86229.94,0.75,-1437915,65.3,69.16,71.52,74.16,66.52,64.16,62.34,68.76499999999999,4.606,5.2257,False,False
2026-06-05 21:45:00,65.35,65.37,64.87,64.89,13022.008,64.212,65.048,,,64.4938870933809,64.51377914739517,64.98314635671493,-0.01989205401426375,-0.26178513925566566,0.2418930852414019,20.60293283840922,53.26,95.08,98.36,64.212,66.25990624785464,62.16409375214536,0.0638,0.6655,0.5,0.8,1.2328556017876406,,81554.36,0.16,-1450937,65.3,69.16,71.52,74.16,66.52,64.16,62.34,68.76499999999999,3.9297,5.9716,False,False
2026-06-05 22:00:00,64.88,64.91,63.78,64.28,84198.538,64.15299999999999,65.01060000000001,,,64.46098138670692,64.49646217351405,64.95557198978493,-0.03548078680712763,-0.21652426876595807,0.18104348195883044,20.32195901878068,47.98,84.32,93.13,64.15299999999999,66.11573815182608,62.19026184817391,0.0612,0.5324,1.1299999999999955,0.83,1.2912258867454884,,81988.01,1.03,-1535136,65.29,69.16,71.52,74.16,66.52,64.16,62.34,68.76499999999999,3.018,6.9773,False,False
2026-06-05 22:15:00,64.28,64.7,64.11,64.14,56509.668,64.115,64.9624,,,64.41159963490585,64.47005756806857,64.92358877449924,-0.05845793316271397,-0.18491100164530927,0.1264530684825953,20.06105475769704,46.83,72.28,83.89,64.115,66.04601554955771,62.18398445044228,0.0602,0.5065,0.5900000000000034,0.81,1.262862488306829,,81711.38,0.69,-1591645,65.28,69.16,71.52,74.16,66.52,64.16,62.34,68.76499999999999,2.8064,7.2108,False,False
2026-06-05 22:30:00,64.14,64.67,63.98,64.57,33025.142,64.0925,64.92179999999999,,,64.43596892184341,64.4774607111746,64.9097225480483,-0.041491789331189466,-0.1562271591824853,0.11473536985129584,19.983125829076677,50.73,67.06,74.55,64.0925,65.98929924304686,62.19570075695314,0.0592,0.6259,0.6900000000000048,0.8,1.2389654638376957,,81030.19,0.41,-1558620,65.27,69.16,71.52,74.16,66.52,64.16,62.34,68.76499999999999,3.4536,6.4968,False,False
2026-06-05 22:45:00,64.57,64.62,64.27,64.41,34771.885,64.05850000000001,64.8798,,,64.43197370309827,64.47246362145796,64.89012558537974,-0.04048991835969673,-0.1330797110179276,0.09258979265823086,19.910763252500622,49.28,65.58,68.31,64.05850000000001,65.90369033392851,62.21330966607152,0.0576,0.5952,0.3500000000000085,0.77,1.1954665424623507,,80908.78,0.43,-1593392,65.27,69.16,71.52,74.16,66.52,64.16,62.34,68.76499999999999,3.2138,6.7614,False,False
2026-06-05 23:00:00,64.41,64.79,64.06,64.08,37988.309,64.014,64.82939999999999,,,64.3778239026216,64.44339224209071,64.85835595458053,-0.06556833946910956,-0.119577436708164,0.054009097239054435,20.12822826364421,46.35,51.22,61.29,64.014,65.80887457412605,62.21912542587394,0.0561,0.5184,0.730000000000004,0.77,1.2016229712858926,,80146.07,0.47,-1631380,65.26,69.16,71.52,74.16,66.52,64.16,62.34,68.76499999999999,2.7154,7.3112,False,False
2026-06-05 23:15:00,64.08,64.1,63.41,63.57,45374.765,63.992,64.7724,,,64.25354330221828,64.37869652045435,64.8078321916558,-0.12515321823607906,-0.12069259301374702,-0.0044606252223320375,21.105281997773933,42.17,28.03,48.28,63.992,65.79783382111306,62.18616617888694,0.0564,0.3832,0.6899999999999977,0.76,1.1955324838760422,,78543.53,0.58,-1676755,65.25,69.16,71.52,74.16,66.52,64.16,62.34,68.76499999999999,1.9349,8.1721,False,False
2026-06-05 23:30:00,63.57,63.58,62.64,63.26,63677.472,63.9625,64.7174,,,64.1006904864924,64.29583011153181,64.74713289002224,-0.19513962503941684,-0.135581999418881,-0.05955762562053585,22.73271527196579,39.81,6.94,28.73,63.9625,65.79714753534554,62.12785246465446,0.0574,0.3085,0.9399999999999977,0.77,1.2171988618400253,,77531.46,0.82,-1740433,65.23,69.16,71.52,74.16,66.52,64.16,62.34,68.76499999999999,1.4543,8.7022,False,False
2026-06-05 23:45:00,63.27,63.66,63.02,63.64,33259.419,63.999,64.6582,,,64.02981502703203,64.2472501032702,64.70371591394294,-0.21743507623817493,-0.1519526147827398,-0.06548246145543513,24.071678484875,43.94,7.69,14.22,63.999,65.77354397403715,62.22445602596285,0.0555,0.3988,0.6399999999999935,0.76,1.1942174732872406,,71178.0,0.47,-1707173,65.23,69.16,71.52,74.16,66.52,64.16,62.34,68.76499999999999,2.0427,8.0531,False,False
2026-06-06 00:00:00,63.64,64.57,63.63,64.51,51504.589,64.12899999999999,64.6272,,,64.10368963825786,64.26671305858352,64.69611921143537,-0.16302342032565775,-0.1541667758913234,-0.008856644434334343,23.593896326366014,52.05,30.49,15.04,64.12899999999999,65.61698556869132,62.641014431308655,0.0464,0.628,0.9399999999999906,0.78,1.2091148659122615,,62787.53,0.82,-1655669,64.24,64.74,68.0,72.36,60.38,57.12,62.34,68.76499999999999,3.3638,6.5959,False,False
2026-06-06 00:15:00,64.51,64.68,64.2,64.46,28070.139,64.2125,64.5948,,,64.15850661698742,64.28103060979956,64.68685963451634,-0.122523992812134,-0.14783821927548554,0.025314226463351547,22.968382560917053,51.58,52.43,30.2,64.2125,65.56540525595145,62.859594744048565,0.0421,0.5915,0.480000000000004,0.75,1.1635122556624264,,58354.91,0.48,-1683739,64.31,64.74,68.0,72.36,60.38,57.12,62.34,68.76499999999999,3.2889,6.6786,False,False
2026-06-06 00:30:00,64.46,64.69,64.4,64.59,21978.01,64.31899999999999,64.5688,,,64.22489021437397,64.30391723129588,64.68306121747649,-0.07902701692191272,-0.13407597880477098,0.055048961882858266,22.370167066646268,52.76,68.86,50.59,64.31899999999999,65.39882259751651,63.239177402483456,0.0336,0.6255,0.28999999999999204,0.72,1.114723641430562,,55807.16,0.39,-1661761,64.36,64.74,68.0,72.36,60.38,57.12,62.34,68.76499999999999,3.4835,6.4638,False,False
2026-06-06 00:45:00,64.59,64.83,64.55,64.68,19328.549,64.381,64.5442,,,64.29490710447028,64.33177521416286,64.68294116973232,-0.03686810969257692,-0.11463440498233218,0.07776629528975526,21.561276027814753,53.6,71.75,64.35,64.381,65.3882766828392,63.373723317160795,0.0313,0.6484,0.28000000000000114,0.69,1.066790352504638,,50048.27,0.39,-1642432,64.42,64.74,68.0,72.36,60.38,57.12,62.34,68.76499999999999,3.6178,6.3157,False,False
2026-06-06 01:00:00,64.68,64.86,64.31,64.37,24030.759,64.397,64.5176,,,64.30645985762871,64.33460667978042,64.67066896699772,-0.028146822151711604,-0.09733688841620806,0.06919006626449646,21.15368322368683,50.29,75.14,71.92,64.397,65.39223284765663,63.40176715234338,0.0309,0.4864,0.5499999999999972,0.68,1.056392729532391,,44690.85,0.54,-1666463,64.43,64.74,68.0,72.36,60.38,57.12,62.34,68.76499999999999,3.1536,6.8277,False,False
2026-06-06 01:15:00,64.38,64.47,63.85,64.43,34421.611,64.4085,64.4896,,,64.32546603337815,64.34167285164854,64.66123096829193,-0.0162068182703905,-0.08111087438704455,0.06490405611665405,21.37859480629919,50.92,77.87,74.92,64.4085,65.39945435127854,63.417545648721465,0.0308,0.5108,0.6199999999999974,0.68,1.0554089709762533,,42909.78,0.8,-1632041,64.4,64.74,68.0,72.36,60.38,57.12,62.34,68.76499999999999,3.2438,6.7282,False,False
2026-06-06 01:30:00,64.42,64.53,63.91,64.05,27000.224,64.3885,64.4448,,,64.28308664362767,64.32006745523013,64.63726112639813,-0.03698081160246147,-0.07228486183012794,0.03530405022766647,21.463975578527858,46.86,69.21,74.07,64.3885,65.39199442082835,63.385005579171626,0.0312,0.3313,0.6200000000000045,0.67,1.0460577673692428,,41941.41,0.64,-1659042,64.37,64.74,68.0,72.36,60.38,57.12,62.34,68.76499999999999,2.6698,7.3614,False,False
2026-06-06 01:45:00,64.04,64.21,63.78,63.85,23364.777,64.349,64.392,,,64.21645792922341,64.28524764373161,64.60638814104918,-0.06878971450819904,-0.07158583236574217,0.0027961178575431345,21.717063016792018,44.83,56.01,67.7,64.349,65.37279891117758,63.325201088822425,0.0318,0.2563,0.4299999999999926,0.65,1.0180109631949883,,40417.43,0.58,-1682406,64.32,64.74,68.0,72.36,60.38,57.12,62.34,68.76499999999999,2.3649,7.6977,False,False
2026-06-06 02:00:00,63.86,63.88,63.51,63.59,27440.835,64.283,64.3462,,,64.12007978626596,64.23374781827002,64.56652978257667,-0.11366803200405684,-0.08000227229340512,-0.03366575971065172,22.303874491875174,42.27,35.1,53.44,64.283,65.32455955940674,63.24144044059326,0.0324,0.1673,0.37000000000000455,0.63,0.9907218116055984,,38804.96,0.71,-1709847,64.25,64.74,68.0,72.36,60.38,57.12,62.34,68.76499999999999,1.9657,8.1381,False,False
2026-06-06 02:15:00,63.59,63.77,63.27,63.52,30308.087,64.212,64.33019999999999,67.3882,,64.02775981914813,64.18087760950928,64.5254893989462,-0.1531177903611507,-0.09462537590695425,-0.05849241445419645,23.14480907379072,41.58,22.34,37.82,64.212,65.25857033862341,63.1654296613766,0.0326,0.1694,0.5,0.62,0.9760705289672544,,37678.79,0.8,-1740155,64.18,64.74,68.0,72.36,60.38,57.12,62.34,68.76499999999999,1.8577,8.2572,False,False
2026-06-06 02:30:00,63.53,63.86,63.43,63.62,28858.327,64.12550000000002,64.3026,67.3502,,63.96502753927919,64.139331119916,64.48998001075223,-0.17430358063680274,-0.11056101685292394,-0.0637425637838788,23.702243319363532,43.01,17.93,25.12,64.12550000000002,65.05552490062988,63.19547509937015,0.029,0.2282,0.4299999999999997,0.61,0.9588179817667399,,35906.66,0.8,-1711297,64.13,64.74,68.0,72.36,60.38,57.12,62.34,68.76499999999999,2.0119,8.0871,False,False
2026-06-06 02:45:00,63.62,63.96,63.5,63.53,28034.66,64.0575,64.2758,67.3141,,63.89810022554393,64.0941954814037,64.45233373582077,-0.19609525585977394,-0.12766786465429394,-0.06842739120548,23.965833556564764,42.01,17.31,19.19,64.0575,64.95029867477855,63.16470132522145,0.0279,0.2046,0.46000000000000085,0.6,0.9444356996694474,,36657.29,0.76,-1739332,64.09,64.74,68.0,72.36,60.38,57.12,62.34,68.76499999999999,1.8731,8.2402,False,False
2026-06-06 03:00:00,63.52,63.54,63.08,63.26,27733.372,64.0065,64.2316,67.27945,,63.79993096007563,64.03240322352194,64.40557555010231,-0.23247226344631144,-0.14862874441269747,-0.08384351903361398,24.77797849864762,39.09,13.04,16.09,64.0065,64.96023559173888,63.052764408261126,0.0298,0.1086,0.46000000000000085,0.59,0.9326588681631363,,33834.03,0.82,-1767065,64.03,64.74,68.0,72.36,60.38,57.12,62.34,68.76499999999999,1.4543,8.7022,False,False
2026-06-06 03:15:00,63.26,63.39,62.9,63.06,30803.066,63.9525,64.1874,67.24825000000001,,63.6860954277563,63.96037335511291,64.35280788147085,-0.27427792735660717,-0.17375858100147942,-0.10051934635512774,25.754123226927454,37.03,5.32,11.89,63.9525,64.99278083252959,62.91221916747041,0.0325,0.071,0.490000000000002,0.58,0.9197589597209007,,32548.7,0.95,-1797868,63.96,64.74,68.0,72.36,60.38,57.12,62.34,68.76499999999999,1.1418,9.0469,False,False
2026-06-06 03:30:00,63.06,63.1,62.58,62.87,50074.434,63.86749999999999,64.1562,67.21475,,63.56054228502456,63.879604958437874,64.29465855278572,-0.3190626734133133,-0.2028193994838462,-0.1162432739294671,27.031061737753163,35.14,0.0,6.12,63.86749999999999,64.97121382637368,62.76378617362629,0.0346,0.0481,0.5200000000000031,0.58,0.9225385716557977,,33401.16,1.5,-1847943,63.84,64.74,68.0,72.36,60.38,57.12,62.34,68.76499999999999,0.843,9.3765,False,False
2026-06-06 03:45:00,62.87,63.07,62.66,62.84,30942.221,63.789,64.1208,67.1858,,63.449689625790015,63.80259718373877,64.23761311934314,-0.35290755794875395,-0.23283703117682775,-0.1200705267719262,28.216790354948465,34.84,0.0,1.77,63.789,64.95198888984243,62.626011110157584,0.0365,0.092,0.4100000000000037,0.57,0.907065563335455,,33209.68,0.93,-1878885,63.77,64.74,68.0,72.36,60.38,57.12,62.34,68.76499999999999,0.7957,9.4287,False,False
2026-06-06 04:00:00,62.84,63.12,61.56,61.7,97550.643,63.67,64.067,67.15305000000001,,63.1805066064377,63.64684924420256,64.1380988793689,-0.4663426377648605,-0.2795381524944343,-0.1868044852704262,30.330331869383578,25.77,0.0,0.0,63.67,65.15115175668058,62.18884824331942,0.0465,-0.165,1.5599999999999952,0.64,1.0372771474878444,,36187.8,2.7,-1976435,63.5,64.74,68.0,72.36,60.38,57.12,61.39,62.06,0.5024,0.5835,False,False
2026-06-06 04:15:00,61.7,62.02,61.0,61.22,109085.587,63.552499999999995,64.00659999999999,67.11255,,62.87889020544729,63.467082633520896,64.02366362919757,-0.5881924280736044,-0.34126900761026835,-0.24692342046333604,32.65807565183853,23.05,0.0,0.0,63.552499999999995,65.39566518379092,61.70933481620907,0.058,-0.1327,1.0200000000000031,0.66,1.078079059131003,,39373.34,2.77,-2085521,63.17,64.74,68.0,72.36,60.38,57.12,60.13,61.39,1.7805,0.2777,False,True
2026-06-06 04:30:00,61.22,61.29,60.36,60.6,154030.338,63.419500000000006,63.92719999999999,67.06495,,62.52829171230156,63.254706142148976,63.88940231040551,-0.7264144298474164,-0.41829809205769797,-0.3081163377897185,35.16327707473168,20.09,0.0,0.0,63.419500000000006,65.68665193463937,61.152348065360634,0.0715,-0.1218,0.9299999999999997,0.68,1.1221122112211221,,43890.98,3.51,-2239551,62.73,64.74,68.0,72.36,60.38,57.12,60.13,61.39,0.7756,1.3036,False,False
2026-06-06 04:45:00,60.6,61.33,60.35,60.88,59150.686,63.281499999999994,63.8458,67.01899999999999,,62.27470837194747,63.07880198347127,63.771386533526865,-0.804093611523804,-0.4954571959509192,-0.3086364155728848,37.385792836918284,24.78,5.84,1.95,63.281499999999994,65.81275535736968,60.75024464263031,0.08,0.0256,0.9799999999999969,0.7,1.1498028909329827,,45185.55,1.31,-2180401,62.6,64.74,68.0,72.36,60.38,57.12,60.13,61.39,1.2319,0.8377,False,False
2026-06-06 05:00:00,60.89,61.24,60.13,60.67,66294.773,63.0895,63.766999999999996,66.96745,,62.02783016087863,62.90037220691785,63.64976353221209,-0.8725420460392215,-0.5708741659685796,-0.3016678800706418,39.56706802533428,23.66,10.64,5.49,63.0895,65.80428970785897,60.37471029214104,0.0861,0.0544,1.1099999999999994,0.73,1.2032305917257293,,45925.05,1.44,-2246695,62.47,64.74,68.0,72.36,60.38,57.12,60.13,61.39,0.8901,1.1867,False,False
2026-06-06 05:15:00,60.68,62.68,60.63,62.14,119425.771,62.9735,63.69259999999999,66.923,,62.045087059204995,62.84404833973875,63.59055711918417,-0.7989612805337529,-0.6164915888816144,-0.18246969165213855,38.52322025665435,43.07,43.98,20.15,62.9735,65.63954595846242,60.30745404153758,0.0847,0.3437,2.049999999999997,0.83,1.335693595107821,,50492.84,2.37,-2127270,62.4,64.74,68.0,72.36,60.38,57.12,62.06,62.34,0.1287,0.3219,True,False
2026-06-06 05:30:00,62.13,62.5,61.93,62.34,61969.05,62.861000000000004,63.6302,66.87685,,62.09045828086577,62.80671142568402,63.54151566352989,-0.7162531448182534,-0.6364439000689422,-0.07980924474931117,37.553933042880125,45.11,71.47,42.03,62.861000000000004,65.42788137630126,60.29411862369874,0.0817,0.3985,0.5700000000000003,0.81,1.2993262752646777,,52492.39,1.18,-2065301,62.39,64.74,68.0,72.36,60.38,57.12,62.34,62.34,0.0,0.0,True,True
2026-06-06 05:45:00,62.34,62.72,62.21,62.62,46120.872,62.757999999999996,63.5846,66.83255,,62.171926237655654,62.792880949707424,63.50537779437186,-0.6209547120517698,-0.6333460624655078,0.012391350413738067,36.26675753781077,47.93,100.0,71.82,62.757999999999996,65.17871411821129,60.337285881788695,0.0771,0.4715,0.509999999999998,0.79,1.261577770680294,,53832.0,0.86,-2019180,62.4,64.74,68.0,72.36,60.38,57.12,62.34,68.76499999999999,0.4471,9.8132,False,False
2026-06-06 06:00:00,62.62,63.07,62.59,63.02,45737.11,62.69050000000001,63.5446,66.78905,,62.30239912417017,62.80970458306243,63.48634337106316,-0.5073054588922545,-0.6081379417508572,0.10083248285860269,34.48092672114985,51.75,100.0,90.49,62.69050000000001,64.99442319864735,60.38657680135267,0.0735,0.5715,0.4799999999999969,0.77,1.2218343383052999,,54917.32,0.83,-1973443,62.42,64.74,68.0,72.36,60.38,57.12,62.34,68.76499999999999,1.079,9.1162,False,False
2026-06-06 06:15:00,63.01,63.35,62.8,63.02,43655.06,62.620000000000005,63.5032,66.74680000000001,,62.412799258913225,62.8252820213541,63.46805539572735,-0.4124827624408738,-0.5690069058888606,0.15652414344798682,32.37566770077291,51.75,100.0,100.0,62.620000000000005,64.78170498011521,60.4582950198848,0.069,0.5925,0.5500000000000043,0.75,1.1900983814662012,,55378.99,0.79,-1973443,62.44,64.74,68.0,72.36,60.38,57.12,62.34,68.76499999999999,1.079,9.1162,False,False
2026-06-06 06:30:00,63.02,63.28,62.66,62.66,30041.94,62.5505,63.45700000000001,66.70475,,62.45083014215734,62.8130389086612,63.43636694883608,-0.3622087665038549,-0.5276472780118595,0.1654385115080046,30.62022978272837,48.07,96.13,98.71,62.5505,64.60536303807952,60.495636961920475,0.0657,0.5266,0.6200000000000045,0.74,1.1809766996488988,,55531.08,0.54,-2003485,62.45,64.74,68.0,72.36,60.38,57.12,62.34,68.76499999999999,0.5107,9.7431,False,False
2026-06-06 06:45:00,62.67,62.71,62.08,62.22,38096.946,62.468999999999994,63.4212,66.66135,,62.41531781259468,62.769110100612224,63.38866628417584,-0.35379228801754437,-0.49287628001299655,0.13908399199545218,29.753724131902924,43.96,87.93,94.69,62.468999999999994,64.4341907634742,60.50380923652578,0.0629,0.4366,0.6300000000000026,0.73,1.1732561877209902,,56267.69,0.68,-2041581,62.44,64.74,68.0,72.36,60.38,57.12,62.06,62.34,0.2572,0.1929,True,True
2026-06-06 07:00:00,62.22,63.0,62.06,62.94,49389.925,62.4365,63.403,66.6246,,62.496038149118576,62.78176861167798,63.37107152793365,-0.2857304625594068,-0.4514471165222786,0.16571665396287177,28.451793489982844,51.3,87.46,90.51,62.4365,64.34429315882105,60.52870684117896,0.0611,0.632,0.9399999999999977,0.75,1.1916110581506196,,57365.14,0.86,-1992192,62.45,64.74,68.0,72.36,60.38,57.12,62.34,68.76499999999999,0.9533,9.2548,False,False
2026-06-06 07:15:00,62.95,63.16,62.57,62.66,32457.332,62.3935,63.398,66.58735,,62.52126304925418,62.77274871451665,63.34318636997547,-0.2514856652624715,-0.41145482627031715,0.15996916100784564,26.974114772097813,48.63,88.05,87.81,62.3935,64.23612141641,60.550878583590006,0.0591,0.5723,0.5899999999999963,0.74,1.1809766996488988,,57472.61,0.56,-2024649,62.46,64.74,68.0,72.36,60.38,57.12,62.34,68.76499999999999,0.5107,9.7431,False,False
2026-06-06 07:30:00,62.66,63.02,62.61,62.99,25097.121,62.362,63.4196,66.54939999999999,,62.593376426292,62.788841402330235,63.32933592409408,-0.1954649760382381,-0.36825685622390136,0.17279188018566327,25.601984534061714,51.81,96.25,90.59,62.362,64.13662345894979,60.58737654105022,0.0569,0.6769,0.4100000000000037,0.71,1.127163041752659,,57284.55,0.44,-1999552,62.47,64.74,68.0,72.36,60.38,57.12,62.34,68.76499999999999,1.0319,9.1681,False,False
2026-06-06 07:45:00,63.0,63.13,62.74,62.78,16749.019,62.3245,63.419399999999996,66.51155,,62.622087745323995,62.7881864836391,63.30779333883549,-0.1660987383151067,-0.3278252326421424,0.16172649432703573,24.12623694736183,49.7,94.5,92.93,62.3245,64.02536634271824,60.62363365728176,0.0546,0.6339,0.39000000000000057,0.69,1.099076138897738,,56720.26,0.3,-2016301,62.47,64.74,68.0,72.36,60.38,57.12,62.34,68.76499999999999,0.7009,9.5333,False,False
2026-06-06 08:00:00,62.79,63.02,62.54,62.96,19436.2,62.3095,63.429399999999994,66.47269999999999,,62.674074246043375,62.80091341077694,63.29415438437135,-0.1268391647335676,-0.28762801906042745,0.16078885432685985,23.087155985653805,51.52,97.44,96.06,62.3095,63.98066064300806,60.63833935699194,0.0536,0.6946,0.480000000000004,0.68,1.0800508259212198,,56305.4,0.35,-1996865,62.48,64.74,68.0,72.36,60.38,57.12,62.34,68.76499999999999,0.9848,9.2201,False,False
2026-06-06 08:15:00,62.96,63.45,62.78,63.35,33148.771,62.324,63.42759999999999,66.43535,,62.77806282357516,62.84158649146013,63.296344408513654,-0.06352366788496511,-0.242807148825335,0.1792834809403699,21.548261132781633,55.3,97.44,96.46,62.324,64.02730205622464,60.620697943775355,0.0547,0.8012,0.6700000000000017,0.67,1.057616416732439,,56422.69,0.59,-1963716,62.49,64.74,68.0,72.36,60.38,57.12,62.34,68.76499999999999,1.5943,8.5478,False,False
2026-06-06 08:30:00,63.35,63.6,63.23,63.31,35557.564,62.346000000000004,63.412800000000004,66.3972,,62.859899312255905,62.876283788389,63.29687992190528,-0.01638447613309779,-0.19752261428688755,0.18113813815378976,20.377585405112033,54.83,98.37,97.75,62.346000000000004,64.08987831540783,60.60212168459218,0.0559,0.7764,0.37000000000000455,0.65,1.0266940451745379,,55696.85,0.64,-1999273,62.51,64.74,68.0,72.36,60.38,57.12,62.34,68.76499999999999,1.5321,8.6163,False,False
2026-06-06 08:45:00,63.3,63.43,63.11,63.18,28061.144,62.363,63.392399999999995,66.36135,,62.909145571908844,62.898781285545375,63.29229639555605,0.010364286363468977,-0.15594523415681627,0.16630952052028525,19.060139260886643,53.24,92.65,96.15,62.363,64.13357944722897,60.59242055277103,0.0568,0.7307,0.3200000000000003,0.63,0.9971509971509971,,55552.79,0.51,-2027335,62.53,64.74,68.0,72.36,60.38,57.12,62.34,68.76499999999999,1.3295,8.8398,False,False
2026-06-06 09:00:00,63.17,63.36,63.05,63.2,17271.186,62.438,63.367399999999996,66.32730000000001,,62.95389240699979,62.921093782912386,63.288676929063655,0.032798624087405415,-0.11819646250797193,0.15099508659537736,17.718499068600014,53.46,87.25,92.76,62.438,64.21738605615656,60.658613943843456,0.057,0.7141,0.3100000000000023,0.61,0.9651898734177214,,51538.82,0.34,-2010063,62.53,64.74,68.0,72.36,60.38,57.12,62.34,68.76499999999999,1.3608,8.8054,False,False
2026-06-06 09:15:00,63.19,63.55,63.08,63.54,18280.274,62.55400000000001,63.3454,66.29665,,63.0440628059229,62.966938687881836,63.29853273576704,0.07712411804106267,-0.07913234639816501,0.1562564644392277,16.846645788564768,57.21,88.54,89.48,62.55400000000001,64.30125529120212,60.806744708797886,0.0559,0.7822,0.46999999999999886,0.6,0.9442870632672332,,46998.55,0.39,-1991783,62.54,64.74,68.0,72.36,60.38,57.12,62.34,68.76499999999999,1.8886,8.2232,False,False
2026-06-06 09:30:00,63.54,63.56,63.15,63.23,12977.387,62.685500000000005,63.31179999999999,66.26365,,63.072668528088606,62.9864247110017,63.29584517750167,0.08624381708690265,-0.04605711370115148,0.13230093078805413,16.057091248870037,53.02,84.05,86.61,62.685500000000005,64.19297575698482,61.17802424301519,0.0481,0.6806,0.4100000000000037,0.58,0.9172860983710264,,39945.91,0.32,-2004760,62.55,64.74,68.0,72.36,60.38,57.12,62.34,68.76499999999999,1.4076,8.7538,False,False
2026-06-06 09:45:00,63.23,63.25,62.49,62.71,36020.313,62.77700000000001,63.267199999999995,66.23145000000001,,63.01687336992113,62.965948806483055,63.27287085681533,0.05092456343807328,-0.026660778273306526,0.0775853417113798,15.812367642437078,46.82,63.33,78.64,62.77700000000001,64.02242277750933,61.53157722249068,0.0397,0.4731,0.759999999999998,0.6,0.9567852017222134,,38789.39,0.93,-2040781,62.55,64.74,68.0,72.36,60.38,57.12,62.34,68.76499999999999,0.59,9.6556,False,False
2026-06-06 10:00:00,62.7,62.71,61.93,61.96,55457.504,62.841499999999996,63.1994,66.1987,,62.854277466856345,62.8914340800769,63.221385725175516,-0.03715661322055297,-0.02875994526275582,-0.00839666795779715,16.441865905005262,39.63,29.99,59.12,62.841499999999996,63.70142104900887,61.98157895099112,0.0274,-0.0125,0.7800000000000011,0.61,0.9845061329890251,,38247.52,1.45,-2096238,62.54,64.74,68.0,72.36,60.38,57.12,61.39,62.06,0.9199,0.1614,False,True
2026-06-06 10:15:00,61.96,62.12,61.71,61.86,40167.65,62.8275,63.1388,66.16295,,62.7013117027246,62.81503155562676,63.167998049678445,-0.11371985290215747,-0.04575192679063615,-0.06796792611152132,17.321941022271577,38.78,7.2,33.51,62.8275,63.742840028854445,61.912159971145556,0.0291,-0.0285,0.4099999999999966,0.59,0.9537665696734562,,34284.62,1.17,-2136406,62.53,64.74,68.0,72.36,60.38,57.12,61.39,62.06,0.7598,0.3233,False,False
2026-06-06 10:30:00,61.87,61.9,61.2,61.55,82832.43,62.788,63.0842,66.12629999999999,,62.52418682538236,62.72132551446922,63.10454714576949,-0.19713868908686294,-0.07602927924988151,-0.12110940983698143,18.75242732917641,36.17,0.0,12.4,62.788,63.848577796844765,61.72742220315523,0.0338,-0.0836,0.6999999999999957,0.6,0.974817221770918,,35327.79,2.34,-2219238,62.48,64.74,68.0,72.36,60.38,57.12,61.39,62.06,0.26,0.8286,True,False
2026-06-06 10:45:00,61.55,61.91,61.32,61.84,47559.934,62.74899999999999,63.038199999999996,66.08924999999999,,62.41892731378507,62.65604214302705,63.054957061621664,-0.2371148292419818,-0.10824638924830157,-0.12886843999368022,20.0558312146453,40.22,6.41,4.54,62.74899999999999,63.88991191596993,61.608088084030044,0.0364,0.1016,0.5899999999999963,0.6,0.9702457956015523,,35399.74,1.34,-2171678,62.46,64.74,68.0,72.36,60.38,57.12,61.39,62.06,0.7277,0.3558,False,False
2026-06-06 11:00:00,61.84,62.25,61.77,62.03,46397.797,62.6995,62.98740000000001,66.05715000000001,,62.35909234243352,62.60966865095098,63.01476266704827,-0.25057630851745927,-0.13671237310213313,-0.11386393541532613,20.433905757164325,42.78,16.88,7.76,62.6995,63.87624797194468,61.52275202805532,0.0375,0.2155,0.4799999999999969,0.59,0.9511526680638401,,35432.77,1.31,-2125281,62.45,64.74,68.0,72.36,60.38,57.12,61.39,62.06,1.0318,0.0484,False,True
2026-06-06 11:15:00,62.03,62.35,61.84,62.3,30145.522,62.6635,62.94519999999999,66.02905,,62.35000121282836,62.586730232362015,62.986732758536576,-0.2367290195336551,-0.15671570238843754,-0.08001331714521756,20.55011755616769,46.3,32.93,18.74,62.6635,63.84301417295968,61.48398582704032,0.0376,0.3459,0.509999999999998,0.59,0.9470304975922954,,34757.3,0.87,-2095135,62.45,64.74,68.0,72.36,60.38,57.12,62.06,62.34,0.3852,0.0642,False,True
2026-06-06 11:30:00,62.3,62.51,62.19,62.43,29975.687,62.652,62.912200000000006,66.0007,,62.36230871854708,62.57512058552038,62.96490010133906,-0.21281186697330412,-0.16793493530541087,-0.04487693166789325,20.281006662450213,47.96,45.19,31.67,62.652,63.836133705111536,61.467866294888466,0.0378,0.4063,0.3200000000000003,0.57,0.9130225852955309,,34753.99,0.86,-2065159,62.45,64.74,68.0,72.36,60.38,57.12,62.34,68.76499999999999,0.1442,10.1474,True,False
2026-06-06 11:45:00,62.42,62.69,62.35,62.46,29421.239,62.664,62.89,65.9687,,62.37733814646291,62.56659313474109,62.945100097364985,-0.18925498827817933,-0.17219894589996457,-0.01705604237821476,19.615850215404215,48.35,54.03,44.05,62.664,63.83448617879028,61.493513821209724,0.0374,0.4129,0.3399999999999963,0.55,0.8805635606788345,,34320.2,0.86,-2035738,62.45,64.74,68.0,72.36,60.38,57.12,62.34,68.76499999999999,0.1921,10.0945,True,False
2026-06-06 12:00:00,62.46,62.77,62.45,62.64,27644.17,62.649,62.8776,65.9393,,62.41774766239169,62.57203068031583,62.93313538766439,-0.15428301792413635,-0.16861576030479894,0.014332742380662594,18.813734628290955,50.78,61.13,53.45,62.649,63.812260390817265,61.48573960918274,0.0371,0.4961,0.3200000000000003,0.54,0.8620689655172413,,33232.91,0.83,-2008094,62.45,64.74,68.0,72.36,60.38,57.12,62.34,68.76499999999999,0.4789,9.7781,False,False
2026-06-06 12:15:00,62.64,62.72,62.22,62.22,28514.523,62.626999999999995,62.8492,65.90859999999999,,62.38732494510066,62.54595433362576,62.90516929403049,-0.15862938852509956,-0.16661848594885909,0.007989097423759528,18.508749182243026,45.42,57.11,57.42,62.626999999999995,63.80592189822205,61.44807810177794,0.0376,0.3274,0.5,0.53,0.8518161362905818,,33035.77,0.86,-2036609,62.45,64.74,68.0,72.36,60.38,57.12,62.06,62.34,0.2572,0.1929,True,True
2026-06-06 12:30:00,62.22,62.66,62.04,62.6,40627.245,62.607499999999995,62.81100000000001,65.8797,,62.42004418431594,62.54995771632015,62.89320187073518,-0.12991353200420974,-0.15927749515992923,0.029363963155719486,18.55279258647388,50.51,60.52,59.59,62.607499999999995,63.77397692692777,61.441023073072216,0.0373,0.4968,0.6199999999999974,0.54,0.8626198083067093,,33812.28,1.2,-1995981,62.45,64.74,68.0,72.36,60.38,57.12,62.34,68.76499999999999,0.4153,9.8482,False,False
2026-06-06 12:45:00,62.59,63.11,62.45,62.92,65689.533,62.6145,62.780199999999994,65.85485,,62.49696046365195,62.577368255851994,62.89425277776518,-0.08040779220004168,-0.14350355456795172,0.06309576236791004,17.520433600131746,54.37,70.71,62.78,62.6145,63.78700025249784,61.44199974750216,0.0375,0.6303,0.6599999999999966,0.55,0.8741258741258742,,36259.3,1.81,-1930292,62.46,64.74,68.0,72.36,60.38,57.12,62.34,68.76499999999999,0.9218,9.2896,False,False
2026-06-06 13:00:00,62.93,63.06,62.76,62.77,14690.557,62.605,62.7438,65.8305,,62.53896654616704,62.59163727393703,62.88938011981361,-0.05267072776999271,-0.12533698920835992,0.07266626143836721,16.561814541385477,52.31,85.61,72.28,62.605,63.76875978711566,61.44124021288433,0.0372,0.5709,0.30000000000000426,0.53,0.8443523976421858,,36022.02,0.41,-1944982,62.46,64.74,68.0,72.36,60.38,57.12,62.34,68.76499999999999,0.685,9.5507,False,False
2026-06-06 13:15:00,62.77,62.93,62.55,62.55,20796.655,62.565,62.7012,65.80225,,62.54066400060288,62.588553031423174,62.87607109550719,-0.0478890308202935,-0.10984739753074665,0.061958366710453155,16.10940778884537,49.36,87.05,81.12,62.565,63.67467989694616,61.455320103053836,0.0355,0.4932,0.38000000000000256,0.52,0.8313349320543565,,35404.42,0.59,-1965779,62.47,64.74,68.0,72.36,60.38,57.12,62.34,68.76499999999999,0.3357,9.9361,False,False
2026-06-06 13:30:00,62.55,62.57,62.17,62.55,33523.646,62.527,62.66480000000001,65.77495,,62.542100308202436,62.585697251317754,62.8632839937226,-0.043596943115318254,-0.09659730664766097,0.05300036353234272,16.399407521678302,49.36,77.87,83.51,62.527,63.57985776517365,61.47414223482635,0.0337,0.5109,0.3999999999999986,0.51,0.815347721822542,,35302.72,0.95,-1965779,62.47,64.74,68.0,72.36,60.38,57.12,62.34,68.76499999999999,0.3357,9.9361,False,False
2026-06-06 13:45:00,62.54,62.79,62.31,62.45,19363.878,62.4905,62.62520000000001,65.7437,,62.52793103001745,62.575645603072,62.8470767782825,-0.04771457305454874,-0.08682075992903854,0.0391061868744898,16.114327452950594,47.93,69.86,78.26,62.4905,63.49766329100056,61.48333670899943,0.0322,0.4799,0.4799999999999969,0.51,0.8166533226581264,,34867.86,0.56,-1985143,62.47,64.74,68.0,72.36,60.38,57.12,62.34,68.76499999999999,0.1761,10.1121,True,False
2026-06-06 14:00:00,62.45,62.88,62.35,62.78,19487.153,62.4695,62.5998,65.71525,,62.56671087155323,62.5907829658074,62.84444631638907,-0.024072094254172782,-0.07427102679406539,0.050198932539892605,15.627473443231692,52.78,75.29,74.34,62.4695,63.430847190693804,61.50815280930619,0.0308,0.6615,0.5300000000000011,0.51,0.8123606244026761,,34978.65,0.56,-1965656,62.47,64.74,68.0,72.36,60.38,57.12,62.34,68.76499999999999,0.7009,9.5333,False,False
2026-06-06 14:15:00,62.78,62.93,62.48,62.65,19327.171,62.425,62.5758,65.6816,,62.57952458362196,62.59516941278463,62.83682097064832,-0.015644829162667406,-0.0625457872677858,0.04690095810511839,15.048273437698905,50.77,74.13,73.09,62.425,63.25050144250703,61.599498557492964,0.0264,0.6363,0.45000000000000284,0.51,0.8140462889066242,,35031.0,0.55,-1984983,62.47,64.74,68.0,72.36,60.38,57.12,62.34,68.76499999999999,0.4948,9.7606,False,False
2026-06-06 14:30:00,62.64,62.91,62.52,62.82,31309.073,62.4045,62.5604,65.6462,,62.61652080152628,62.61182353035614,62.83616132474054,0.004697271170137185,-0.049097175580201206,0.05379444675033839,14.510444861132745,53.27,81.85,77.09,62.4045,63.16351529004926,61.645484709950736,0.0243,0.7737,0.38999999999999346,0.5,0.795924864692773,,35947.58,0.87,-1953674,62.47,64.74,68.0,72.36,60.38,57.12,62.34,68.76499999999999,0.7641,9.4635,False,False
2026-06-06 14:45:00,62.82,62.88,62.3,62.33,56410.932,62.38549999999999,62.5366,65.60725,,62.57244067821455,62.59094771329272,62.81631186102523,-0.018507035078172862,-0.04297914747979554,0.024472112401622677,14.517808180895527,46.02,54.48,70.15,62.38549999999999,63.13122395062017,61.63977604937982,0.0239,0.4628,0.5800000000000054,0.5,0.802181934862827,,36967.11,1.53,-2010085,62.47,64.74,68.0,72.36,60.38,57.12,62.06,62.34,0.4332,0.016,False,True
2026-06-06 15:00:00,62.33,62.48,61.57,61.66,107645.94,62.37050000000001,62.497400000000006,65.5666,,62.432065189258466,62.52198862341919,62.770966297847764,-0.08992343416072401,-0.05236800481598124,-0.03755542934474278,15.836899626610599,38.33,31.49,55.94,62.37050000000001,63.16287085947783,61.578129140522186,0.0254,0.0517,0.9099999999999966,0.53,0.8595523840415181,,39576.54,2.72,-2117731,62.45,64.74,68.0,72.36,60.38,57.12,61.39,62.06,0.4379,0.6487,False,False
2026-06-06 15:15:00,61.66,61.79,61.32,61.64,78470.905,62.359500000000004,62.4596,65.52795,,62.31020900629562,62.456656132795544,62.726614678324324,-0.14644712649992186,-0.07118382915276937,-0.0752632973471525,17.413686240054535,38.13,2.23,29.4,62.359500000000004,63.187038518742334,61.531961481257675,0.0265,0.0653,0.46999999999999886,0.53,0.8598312783906554,,41491.7,1.89,-2196202,62.42,64.74,68.0,72.36,60.38,57.12,61.39,62.06,0.4056,0.6814,False,False
2026-06-06 15:30:00,61.64,62.26,61.52,62.15,67463.364,62.3895,62.437400000000004,65.48835,,62.28556146686552,62.433940863699576,62.704002337997885,-0.1483793968340521,-0.08662294268902591,-0.06175645414502619,17.601553613230664,46.04,16.25,16.66,62.3895,63.13267880543268,61.646321194567314,0.0238,0.3389,0.7399999999999949,0.54,0.8688656476267096,,40723.25,1.66,-2128738,62.41,64.74,68.0,72.36,60.38,57.12,62.06,62.34,0.1448,0.3057,True,False
2026-06-06 15:45:00,62.15,62.33,61.94,62.03,42757.005,62.399,62.4168,65.4466,,62.24624431811698,62.404019318240344,62.677570873762676,-0.15777500012336532,-0.1008533541758938,-0.05692164594747151,17.601443638858644,44.6,29.52,16.0,62.399,63.11703533119503,61.680964668804975,0.023,0.243,0.39000000000000057,0.53,0.8544252780912462,,40483.1,1.06,-2171495,62.41,64.74,68.0,72.36,60.38,57.12,61.39,62.06,1.0318,0.0484,False,True
2026-06-06 16:00:00,62.04,62.4,61.86,61.97,59878.024,62.395999999999994,62.3988,65.40390000000001,,62.20374519225283,62.37186973911143,62.64982299636022,-0.1681245468585999,-0.11430759271243503,-0.05381695414616487,17.74520709052913,43.85,41.28,29.02,62.395999999999994,63.12099437384541,61.671005626154574,0.0232,0.2062,0.5399999999999991,0.53,0.8552525415523642,,41157.11,1.45,-2231373,62.4,64.74,68.0,72.36,60.38,57.12,61.39,62.06,0.9359,0.1452,False,True
2026-06-06 16:15:00,61.96,62.04,61.53,61.56,74503.543,62.358999999999995,62.373200000000004,65.3609,,62.104707470367785,62.311731239918,62.607084839640216,-0.2070237695502115,-0.13285082807999032,-0.07417294147022119,18.441107037304896,39.07,27.12,32.64,62.358999999999995,63.17450500982819,61.5434949901718,0.0262,0.0101,0.509999999999998,0.53,0.8609486679662117,,43375.01,1.72,-2305877,62.38,64.74,68.0,72.36,60.38,57.12,61.39,62.06,0.2762,0.8122,True,False
2026-06-06 16:30:00,61.55,61.85,61.38,61.84,67643.963,62.32950000000001,62.376,65.32065,,62.063983244157356,62.276788185109254,62.57700308122295,-0.21280494095189795,-0.14884165065437185,-0.0639632902975261,19.32427538086817,43.6,25.88,31.43,62.32950000000001,63.17627655040634,61.48272344959368,0.0272,0.211,0.46999999999999886,0.53,0.8570504527813713,,45258.43,1.49,-2238233,62.37,64.74,68.0,72.36,60.38,57.12,61.39,62.06,0.7277,0.3558,False,False
2026-06-06 16:45:00,61.85,62.22,61.8,62.13,38016.18,62.313,62.3942,65.28245000000001,,62.07413966813314,62.26591498621227,62.559473548625974,-0.19177531807913084,-0.15742838413932367,-0.03434693393980717,19.131850730762842,47.91,35.65,29.55,62.313,63.16192749675052,61.46407250324948,0.0272,0.3922,0.4200000000000017,0.52,0.8369547722517303,,45688.17,0.83,-2200217,62.36,64.74,68.0,72.36,60.38,57.12,62.06,62.34,0.1127,0.338,True,False
2026-06-06 17:00:00,62.13,62.22,61.72,61.94,14804.438,62.278,62.42100000000001,65.2407,,62.05350279611266,62.241773135381735,62.535180468287706,-0.18827033926907433,-0.1635967751652738,-0.024673564103800533,19.099736132484743,45.46,49.69,37.07,62.278,63.127881725518726,61.42811827448127,0.0273,0.3011,0.5,0.52,0.8395221181788828,,45046.19,0.33,-2215021,62.36,64.74,68.0,72.36,60.38,57.12,61.39,62.06,0.888,0.1937,False,True
2026-06-06 17:15:00,61.94,62.03,61.62,61.83,27213.706,62.25849999999999,62.44,65.2006,,62.019117750556866,62.211271421649755,62.50752633227642,-0.19215367109288906,-0.16930815435079685,-0.022845516742092203,19.25618752064573,44.05,50.69,45.34,62.25849999999999,63.131565380081575,61.385434619918406,0.028,0.2546,0.4100000000000037,0.51,0.8248423095584668,,44981.15,0.61,-2242235,62.36,64.74,68.0,72.36,60.38,57.12,61.39,62.06,0.7116,0.372,False,False
2026-06-06 17:30:00,61.82,62.28,61.7,61.92,31862.795,62.2245,62.465,65.16159999999999,,62.00386886585581,62.18969576078681,62.48448608395186,-0.18582689493100446,-0.17261190246683839,-0.013214992464166075,18.712896695600314,45.53,45.47,48.62,62.2245,63.09452661786393,61.35447338213607,0.028,0.325,0.5799999999999983,0.52,0.8397932816537468,,44542.92,0.72,-2210372,62.35,64.74,68.0,72.36,60.38,57.12,61.39,62.06,0.8559,0.2261,False,True
2026-06-06 17:45:00,61.93,61.98,61.46,61.63,26166.338,62.160000000000004,62.454800000000006,65.12155000000001,,61.946350578801066,62.14823681554334,62.450976825757664,-0.20188623674227557,-0.17846676932192584,-0.023419467420349727,18.687580701698234,41.7,37.19,44.45,62.160000000000004,63.00380092439052,61.31619907560949,0.0271,0.1859,0.519999999999996,0.52,0.8437449294174915,,42566.76,0.61,-2236538,62.35,64.74,68.0,72.36,60.38,57.12,61.39,62.06,0.3894,0.6977,False,False
2026-06-06 18:00:00,61.62,61.71,61.41,61.55,21247.813,62.099000000000004,62.43899999999999,65.08279999999999,,61.88537356667783,62.10392297735494,62.41564440121815,-0.2185494106771131,-0.1864832975929633,-0.03206611308414978,18.7617518592561,40.68,32.85,38.5,62.099000000000004,62.93346547656643,61.264534523433575,0.0269,0.171,0.30000000000000426,0.5,0.8123476848090984,,42894.63,0.5,-2257786,62.34,64.74,68.0,72.36,60.38,57.12,61.39,62.06,0.26,0.8286,True,False
2026-06-06 18:15:00,61.54,62.14,61.46,62.04,23443.101,62.0735,62.4274,65.0475,,61.90916224872739,62.09918794199532,62.4009132482292,-0.19002569326792695,-0.18719177672795606,-0.002833916539970893,17.68212905090902,48.91,49.88,39.97,62.0735,62.880659411635506,61.2663405883645,0.026,0.4792,0.6799999999999997,0.51,0.8220502901353964,,43026.95,0.54,-2234343,62.34,64.74,68.0,72.36,60.38,57.12,61.39,62.06,1.0477,0.0322,False,True
2026-06-06 18:30:00,62.03,62.04,61.65,61.81,16492.276,62.036500000000004,62.403200000000005,65.00935,,61.89390651815395,62.077766612958634,62.37774017967119,-0.18386009480468601,-0.18652544034330207,0.002665345538616054,16.679622157443873,45.7,65.45,49.39,62.036500000000004,62.81916145131259,61.25383854868742,0.0252,0.3553,0.39000000000000057,0.5,0.8089305937550558,,42175.38,0.39,-2250835,62.33,64.74,68.0,72.36,60.38,57.12,61.39,62.06,0.6795,0.4045,False,False
2026-06-06 18:45:00,61.8,61.83,61.53,61.73,16234.403,62.0005,62.37740000000001,64.97095,,61.86869013074565,62.05200612310985,62.352338603997815,-0.18331599236420004,-0.1858835507474817,0.002567558383281654,16.035411212048107,44.61,75.51,63.61,62.0005,62.7691892466381,61.231810753361906,0.0248,0.3241,0.29999999999999716,0.49,0.7937793617365949,,42018.91,0.39,-2267070,62.33,64.74,68.0,72.36,60.38,57.12,61.39,62.06,0.5508,0.5346,False,False
2026-06-06 19:00:00,61.74,62.2,61.62,62.07,28542.238,61.964999999999996,62.36559999999999,64.93305,,61.8996608798617,62.05333900287949,62.341266501880256,-0.15367812301779082,-0.17944246520154353,0.025764342183752703,15.277257233015892,50.08,75.51,72.16,61.964999999999996,62.64225451952189,61.2877454804781,0.0219,0.5775,0.5800000000000054,0.5,0.8055421298533914,,42471.66,0.67,-2238527,62.33,64.74,68.0,72.36,60.38,57.12,62.06,62.34,0.0161,0.435,True,False
2026-06-06 19:15:00,62.06,62.09,61.76,61.78,27559.898,61.9215,62.3568,64.89595,,61.881251513729126,62.03309166933286,62.31925605082613,-0.1518401556037361,-0.17392200328198204,0.022081847678245947,14.573257109628834,45.92,72.8,74.61,61.9215,62.52077236580988,61.32222763419012,0.0194,0.3819,0.3300000000000054,0.48,0.7769504694075753,,42883.3,0.64,-2266087,62.32,64.74,68.0,72.36,60.38,57.12,61.39,62.06,0.6313,0.4532,False,False
2026-06-06 19:30:00,61.79,61.88,61.67,61.78,9701.481,61.8695,62.3336,64.86160000000001,,61.8656743577708,62.01434413827117,62.2981087547153,-0.14866978050037005,-0.16887155872565965,0.020201778225289596,13.669975645577207,45.92,74.76,74.36,61.8695,62.29611334645173,61.44288665354827,0.0138,0.3951,0.21000000000000085,0.46,0.7445775331822596,,41802.92,0.23,-2266087,62.32,64.74,68.0,72.36,60.38,57.12,61.39,62.06,0.6313,0.4532,False,False
2026-06-06 19:45:00,61.77,61.85,61.64,61.64,12147.064,61.835,62.31320000000001,64.82355000000001,,61.83095522580606,61.98661494284367,62.27230056825588,-0.15565971703761505,-0.16622919038805073,0.010569473350435676,12.745613718841703,43.87,52.74,66.77,61.835,62.21372361815669,61.45627638184331,0.0122,0.2426,0.21000000000000085,0.45,0.7300454250486696,,39589.72,0.31,-2278234,62.32,64.74,68.0,72.36,60.38,57.12,61.39,62.06,0.4056,0.6814,False,False
2026-06-06 20:00:00,61.64,61.74,61.38,61.62,49746.258,61.833000000000006,62.2858,64.7882,,61.798500575682056,61.959458280410814,62.24672015381447,-0.1609577047287587,-0.16517489325619233,0.004217188527433635,12.49461868255702,43.57,42.28,56.59,61.833000000000006,62.216012985903554,61.44998701409646,0.0124,0.2219,0.35999999999999943,0.44,0.7140538786108407,,36694.74,1.36,-2327981,62.31,64.74,68.0,72.36,60.38,57.12,61.39,62.06,0.3733,0.7141,False,False
2026-06-06 20:15:00,61.62,61.76,61.48,61.51,26523.094,61.826499999999996,62.2604,64.74754999999999,,61.754115871730974,61.92616507445446,62.21782916739038,-0.17204920272348545,-0.16654975514965095,-0.005499447573834498,12.19815761804401,41.88,25.84,40.29,61.826499999999996,62.227303141076845,61.425696858923146,0.013,0.1052,0.28000000000000114,0.43,0.6990733214111527,,34097.35,0.78,-2354504,62.3,64.74,68.0,72.36,60.38,57.12,61.39,62.06,0.1951,0.8942,True,False
2026-06-06 20:30:00,61.5,61.8,61.4,61.76,41457.512,61.807,62.2364,64.7083,,61.7550211222339,61.913856550420796,62.199875082394676,-0.15883542818689733,-0.16500688975710026,0.00617146157020293,12.144266146099769,46.92,36.64,34.92,61.807,62.17840416345797,61.435595836542035,0.012,0.4367,0.3999999999999986,0.43,0.6962435233160622,,32797.06,1.26,-2313046,62.29,64.74,68.0,72.36,60.38,57.12,61.39,62.06,0.5991,0.4858,False,False
2026-06-06 20:45:00,61.76,61.94,61.63,61.84,38599.6,61.7975,62.20620000000001,64.67,,61.768094795736374,61.90838569483407,62.18576233406547,-0.14029089909769255,-0.16006369162521872,0.019772792527526173,11.617297666103992,48.46,53.95,38.81,61.7975,62.154320757011014,61.440679242988985,0.0115,0.5596,0.30999999999999517,0.42,0.6791720569210866,,32589.19,1.18,-2274447,62.29,64.74,68.0,72.36,60.38,57.12,61.39,62.06,0.7277,0.3558,False,False
2026-06-06 21:00:00,61.85,62.2,61.83,62.13,35545.175,61.80550000000001,62.182599999999994,64.6335,,61.823772519469244,61.92480156929081,62.18357557586683,-0.10102904982156247,-0.1482567632644875,0.047227713442925034,11.247764199028204,53.69,83.01,57.87,61.80550000000001,62.18505514127133,61.42594485872869,0.0123,0.9275,0.37000000000000455,0.41,0.6599066473523257,,31372.54,1.13,-2238902,62.29,64.74,68.0,72.36,60.38,57.12,62.06,62.34,0.1127,0.338,True,False
2026-06-06 21:15:00,62.14,62.23,62.01,62.13,18370.643,61.834,62.1616,64.5963,,61.870884439550906,61.940001453047046,62.181474572891666,-0.06911701349613963,-0.13242881331081793,0.0633117998146783,10.992314668303605,53.69,94.23,77.06,61.834,62.22145593977315,61.446544060226856,0.0125,0.882,0.21999999999999886,0.4,0.6438113632705618,,28565.9,0.64,-2238902,62.29,64.74,68.0,72.36,60.38,57.12,62.06,62.34,0.1127,0.338,True,False
2026-06-06 21:30:00,62.13,62.38,62.05,62.09,16683.929,61.846500000000006,62.1394,64.5604,,61.904594525773845,61.95111245652504,62.177887334739054,-0.04651793075119315,-0.11524663679889298,0.06872870604769983,11.19033416321856,52.84,97.58,91.61,61.846500000000006,62.25054663618556,61.44245336381445,0.0131,0.8013,0.3300000000000054,0.4,0.6442261233693026,,26017.9,0.64,-2255585,62.28,64.74,68.0,72.36,60.38,57.12,62.06,62.34,0.0483,0.4026,True,False
2026-06-06 21:45:00,62.09,62.13,61.9,61.91,6844.149,61.8355,62.1068,64.52445,,61.905426137193245,61.94806708937504,62.167381949063014,-0.04264095218179165,-0.10072549987547272,0.05808454769368107,10.835010074087776,49.03,84.42,92.08,61.8355,62.21847863071101,61.452521369288995,0.0124,0.5973,0.23000000000000398,0.38,0.6137942174123728,,24459.3,0.28,-2262430,62.28,64.74,68.0,72.36,60.38,57.12,61.39,62.06,0.8399,0.2423,False,True
2026-06-06 22:00:00,61.9,61.97,61.5,61.69,22200.011,61.823,62.076,64.4885,,61.872283654548134,61.92895100868059,62.14866108831545,-0.056667354132457604,-0.09191387072686971,0.03524651659441211,10.831419847297582,44.79,59.29,80.43,61.823,62.207931983058415,61.438068016941585,0.0125,0.3272,0.46999999999999886,0.39,0.6321932241854433,,24829.07,0.89,-2284630,62.28,64.74,68.0,72.36,60.38,57.12,61.39,62.06,0.4863,0.5998,False,False
2026-06-06 22:15:00,61.69,61.98,61.47,61.52,17934.099,61.807500000000005,62.0522,64.45215,,61.818086169233034,61.89865834137092,62.12400771230308,-0.08057217213788448,-0.08964553100907267,0.009073358871188195,10.909416350969366,41.78,28.39,57.37,61.807500000000005,62.21551831744513,61.39948168255488,0.0132,0.1477,0.509999999999998,0.4,0.6501950585175552,,24365.09,0.74,-2302564,62.28,64.74,68.0,72.36,60.38,57.12,61.39,62.06,0.2113,0.8778,True,False
2026-06-06 22:30:00,61.53,61.74,61.47,61.68,13498.315,61.795500000000004,62.0466,64.4161,,61.79684214319718,61.882461427195295,62.106595645153945,-0.08561928399811336,-0.08884028160688082,0.0032209976087674563,10.981841675807454,45.49,18.59,35.42,61.795500000000004,62.203704025357574,61.387295974642434,0.0132,0.3585,0.2700000000000031,0.39,0.632295719844358,,23446.87,0.58,-2289065,62.27,64.74,68.0,72.36,60.38,57.12,61.39,62.06,0.4702,0.6161,False,False
2026-06-06 22:45:00,61.69,61.92,61.69,61.73,20632.131,61.8005,62.044,64.38065,,61.786558736551456,61.87116798814379,62.09182718848125,-0.08460925159233312,-0.08799407560397128,0.0033848240116381573,10.397011351320899,46.64,23.97,23.65,61.8005,62.202572263735625,61.398427736264374,0.013,0.4123,0.240000000000002,0.38,0.6155839948161348,,23170.16,0.89,-2268433,62.27,64.74,68.0,72.36,60.38,57.12,61.39,62.06,0.5508,0.5346,False,False
2026-06-06 23:00:00,61.72,62.13,61.68,62.05,12221.642,61.8255,62.053999999999995,64.34655,,61.82708816169739,61.88441480383684,62.09018690658002,-0.05732664213945071,-0.08186058891106718,0.024533946771616466,10.137293774470827,53.38,56.44,33.0,61.8255,62.22415431536637,61.426845684633626,0.0129,0.7816,0.45000000000000284,0.38,0.6124093473005642,,22718.85,0.54,-2256212,62.27,64.74,68.0,72.36,60.38,57.12,61.39,62.06,1.0637,0.0161,False,True
2026-06-06 23:15:00,62.05,62.08,61.81,61.97,9460.283,61.822,62.056599999999996,64.31479999999999,,61.84907459835933,61.890754447997075,62.08547369455728,-0.04167984963774529,-0.0738244410564028,0.03214459141865751,9.896127453110045,51.63,73.6,51.34,61.822,62.213896871507124,61.43010312849288,0.0127,0.6888,0.269999999999996,0.38,0.6131999354526384,,22019.71,0.43,-2265672,62.27,64.74,68.0,72.36,60.38,57.12,61.39,62.06,0.9359,0.1452,False,True
2026-06-06 23:30:00,61.97,62.3,61.92,62.15,15317.094,61.839,62.059,64.28525,,61.89537081399636,61.90995782221951,62.08800413790798,-0.014587008223152509,-0.061976954489752746,0.04738994626660024,10.34802359555975,55.2,93.35,74.46,61.839,62.257312399003695,61.4206876009963,0.0135,0.8717,0.37999999999999545,0.38,0.6114239742558327,,21960.95,0.7,-2250355,62.27,64.74,68.0,72.36,60.38,57.12,62.06,62.34,0.1448,0.3057,True,False
2026-06-06 23:45:00,62.16,62.26,62.1,62.2,15171.675,61.8625,62.05700000000001,64.25725,,61.9422368426123,61.931442427981025,62.09239613249982,0.010794414631277505,-0.047422680665546696,0.0582170952968242,10.76764144212019,56.17,94.22,87.06,61.8625,62.307016295364335,61.41798370463566,0.0144,0.8796,0.1599999999999966,0.36,0.5787781350482315,,21907.81,0.69,-2235183,62.27,64.74,68.0,72.36,60.38,57.12,62.06,62.34,0.2251,0.2251,True,True
2026-06-07 00:00:00,62.21,62.33,61.96,62.04,29054.771,61.861000000000004,62.0492,64.22835,,61.957277328364256,61.939483729612064,62.09034138220571,0.017793598752191997,-0.03437942478199896,0.052173023534190954,10.57886602055809,52.27,90.98,92.85,61.861000000000004,62.30276202214865,61.41923797785136,0.0143,0.7026,0.36999999999999744,0.36,0.5802707930367506,,21933.44,1.32,-2264238,62.11,62.4,64.66,67.13,59.93,57.67,61.39,62.06,1.0477,0.0322,False,True
2026-06-07 00:15:00,62.05,62.28,62.05,62.28,14032.098,61.88599999999999,62.04559999999999,64.19995,,62.006926970154375,61.96470715704821,62.09777897506039,0.04221981310616485,-0.019059577204366195,0.06127939031053105,10.403574557678999,57.08,90.98,92.06,61.88599999999999,62.363599259457025,61.40840074054295,0.0154,0.9125,0.240000000000002,0.35,0.5619781631342324,,21257.05,0.66,-2250206,62.14,62.4,64.66,67.13,59.93,57.67,62.06,62.34,0.3532,0.0963,False,True
2026-06-07 00:30:00,62.28,62.64,62.27,62.28,28250.64,61.911,62.0384,64.17135,,62.04893820551524,61.98806218245204,62.10492489760705,0.0608760230632015,-0.0030724571508526557,0.06394848021405415,11.369829065205257,57.08,90.98,90.98,61.911,62.416752175635686,61.40524782436432,0.0163,0.8648,0.36999999999999744,0.35,0.5619781631342324,,22184.51,1.27,-2250206,62.24,62.4,64.66,67.13,59.93,57.67,62.06,62.34,0.3532,0.0963,False,True
2026-06-07 00:45:00,62.27,62.32,62.1,62.11,15132.657,61.9345,62.03620000000001,64.13945000000001,,62.05833232774367,61.99709461338152,62.1051239212303,0.061237714362150086,0.009789577151747893,0.051448137210402194,11.554883318407466,52.72,90.49,90.82,61.9345,62.430822263731955,61.438177736268045,0.016,0.6768,0.21999999999999886,0.34,0.5474158750603768,,22333.79,0.68,-2265338,62.23,62.4,64.66,67.13,59.93,57.67,62.06,62.34,0.0805,0.3703,True,False
2026-06-07 01:00:00,62.11,63.21,62.04,63.12,64169.18,62.00949999999999,62.0466,64.11215,,62.221665815783105,62.080272790168074,62.14492298314284,0.14139302561503087,0.036110266844404486,0.10528275877062637,13.644467608074711,68.25,90.49,90.65,62.00949999999999,62.714981545136816,61.30401845486316,0.0228,1.2871,1.1700000000000017,0.4,0.6337135614702155,,23054.93,2.78,-2201169,62.47,62.4,64.66,67.13,59.93,57.67,62.34,68.76499999999999,1.2357,8.9433,False,False
2026-06-07 01:15:00,63.12,63.79,63.04,63.76,70683.062,62.122,62.0634,64.08965,,62.45833261335494,62.2046970279334,62.20825933674509,0.2536355854215415,0.07961533055983189,0.17402025486170963,16.34436656325594,74.06,90.49,90.49,62.122,63.14032886839805,61.10367113160195,0.0328,1.3043,0.75,0.43,0.6744040150564617,,25262.93,2.8,-2130486,62.81,62.4,64.66,67.13,59.93,57.67,62.34,68.76499999999999,2.2271,7.8497,False,False
2026-06-07 01:30:00,63.76,63.86,63.45,63.6,39476.405,62.214,62.08,64.06405,,62.63397374976187,62.308052803642035,62.26283740197077,0.3259209461198367,0.12887645367183284,0.19704449244800384,18.930555346032065,70.58,96.41,92.46,62.214,63.41135497968261,61.016645020317384,0.0385,1.0788,0.4099999999999966,0.43,0.6761006289308176,,25163.88,1.57,-2169963,62.93,62.4,64.66,67.13,59.93,57.67,62.34,68.76499999999999,1.9811,8.1211,False,False
2026-06-07 01:45:00,63.6,63.84,63.44,63.67,28890.235,62.30550000000001,62.102399999999996,64.038,,62.793362403644664,62.40893778115003,62.318020248952315,0.3844246224946346,0.17998608743639322,0.2044385350582414,21.293898967875222,71.22,93.09,93.33,62.30550000000001,63.652816631406864,60.958183368593154,0.0432,1.0064,0.4000000000000057,0.42,0.6596513271556462,,24678.41,1.17,-2141072,63.0,62.4,64.66,67.13,59.93,57.67,62.34,68.76499999999999,2.0889,8.0022,False,False
2026-06-07 02:00:00,63.67,63.79,63.57,63.64,28427.365,62.38099999999999,62.1242,64.0137,,62.92361434154549,62.50012757513892,62.36986259213065,0.4234867664065689,0.22868622323042836,0.19480054317614054,23.488432331015296,70.51,88.78,92.76,62.38099999999999,63.85059213819138,60.911407861808605,0.0471,0.9284,0.21999999999999886,0.41,0.6442489000628535,,24322.52,1.17,-2169500,63.06,62.4,64.66,67.13,59.93,57.67,62.34,68.76499999999999,2.0427,8.0531,False,False
2026-06-07 02:15:00,63.64,63.68,63.13,63.23,34982.304,62.436,62.13980000000001,63.98455,,62.97075059669233,62.5541921992027,62.403593470870625,0.41655839748963075,0.26626065808226884,0.1502977394073619,23.881498065430847,61.55,73.78,85.22,62.436,63.94776996300859,60.92423003699141,0.0484,0.7626,0.5499999999999972,0.42,0.6642416574410881,,25153.1,1.39,-2204482,63.09,62.4,64.66,67.13,59.93,57.67,62.34,68.76499999999999,1.4076,8.7538,False,False
2026-06-07 02:30:00,63.22,63.35,63.07,63.3,21795.228,62.49649999999999,62.1502,63.95705,,63.021404351047366,62.60943722148399,62.43874666809139,0.41196712956337933,0.295401952378491,0.11656517718488835,24.046000366617324,62.43,59.82,74.13,62.49649999999999,64.04633564493727,60.94666435506271,0.0496,0.7592,0.28000000000000114,0.41,0.6477093206951027,,25408.67,0.86,-2182687,63.1,62.4,64.66,67.13,59.93,57.67,62.34,68.76499999999999,1.5166,8.6335,False,False
2026-06-07 02:45:00,63.3,63.65,63.28,63.55,35108.381,62.5785,62.168200000000006,63.93325,,63.10272675857854,62.6791085384111,62.482325230127024,0.423618220167441,0.321045205936281,0.10257301423116,24.75173308247446,65.46,50.97,61.52,62.5785,64.17064221792766,60.986357782072325,0.0509,0.8051,0.36999999999999744,0.41,0.6451612903225806,,26821.88,1.31,-2147578,63.13,62.4,64.66,67.13,59.93,57.67,62.34,68.76499999999999,1.904,8.2061,False,False
2026-06-07 03:00:00,63.55,63.7,63.41,63.68,22900.383,62.678,62.1854,63.9103,,63.19153802648954,62.753248646676944,62.529292868161264,0.43828937981259486,0.34449404071154377,0.09379533910105109,25.49425811577204,66.96,58.69,56.49,62.678,64.28500571511847,61.07099428488152,0.0513,0.8118,0.29000000000000625,0.4,0.628140703517588,,26856.9,0.85,-2124678,63.16,62.4,64.66,67.13,59.93,57.67,62.34,68.76499999999999,2.1043,7.9852,False,False
2026-06-07 03:15:00,63.68,64.15,63.55,64.04,67660.9,62.803999999999995,62.2196,63.88830000000001,,63.322070637798845,62.84856356173791,62.58853628509611,0.47350707606093323,0.3702966477814217,0.10321042827951155,26.887318793707223,70.73,70.88,60.18,62.803999999999995,64.42382975063894,61.18417024936105,0.0516,0.8815,0.6000000000000085,0.41,0.6402248594628356,,29343.24,2.31,-2057017,63.26,62.4,64.66,67.13,59.93,57.67,62.34,68.76499999999999,2.6546,7.3782,False,False
2026-06-07 03:30:00,64.04,64.04,63.57,63.77,21443.358,62.90849999999999,62.261799999999994,63.86429999999999,,63.39098284736826,62.91681811272029,62.6348681954845,0.4741647346479638,0.39107026515473015,0.08309446949323368,28.18087513750418,64.76,69.51,66.36,62.90849999999999,64.4922766323112,61.32472336768878,0.0504,0.772,0.47000000000000597,0.42,0.6586169045005488,,29740.49,0.72,-2078461,63.28,62.4,64.66,67.13,59.93,57.67,62.34,68.76499999999999,2.2424,7.8328,False,False
2026-06-07 03:45:00,63.76,63.84,63.62,63.84,20634.273,63.013999999999996,62.3058,63.840900000000005,,63.460062409311604,62.9852019562225,62.68212826624981,0.4748604530891072,0.40782830274160553,0.06703215034750165,29.382034599601358,65.57,67.11,69.17,63.013999999999996,64.54754628574709,61.480453714252896,0.0487,0.7693,0.22000000000000597,0.4,0.6265664160401002,,29740.6,0.69,-2057826,63.3,62.4,64.66,67.13,59.93,57.67,62.34,68.76499999999999,2.3496,7.7146,False,False
2026-06-07 04:00:00,63.84,63.85,63.47,63.59,27070.18,63.090999999999994,62.3346,63.8178,,63.480052807879055,63.03000181131713,62.71773107933806,0.45005099656192726,0.4162728415056699,0.033778155056257364,29.881449563028454,60.23,50.6,62.41,63.090999999999994,64.57457888762002,61.60742111237997,0.047,0.6682,0.38000000000000256,0.4,0.6290297216543481,,30483.02,0.89,-2084896,63.32,62.4,64.66,67.13,59.93,57.67,62.34,68.76499999999999,1.9657,8.1381,False,False
2026-06-07 04:15:00,63.6,63.63,63.31,63.4,14159.159,63.1625,62.361999999999995,63.796099999999996,,63.46773699128228,63.057409084552894,62.74448672328558,0.41032790672938546,0.415083854550413,-0.004755947821027562,29.722276971430038,56.46,31.8,49.84,63.1625,64.55355223330825,61.77144776669175,0.044,0.5854,0.3200000000000003,0.4,0.6309148264984228,,30717.97,0.46,-2099056,63.32,62.4,64.66,67.13,59.93,57.67,62.34,68.76499999999999,1.6719,8.4621,False,False
2026-06-07 04:30:00,63.39,64.13,63.38,63.98,38654.922,63.254000000000005,62.40219999999999,63.777300000000004,,63.54654668493116,63.12574915236379,62.792938224333206,0.42079753256737007,0.4162265901538045,0.004570942413565593,30.48964388479192,63.88,25.78,36.06,63.254000000000005,64.60479547713747,61.90320452286254,0.0427,0.7687,0.7499999999999929,0.42,0.6564551422319475,,31884.86,1.21,-2060401,63.35,62.4,64.66,67.13,59.93,57.67,62.34,68.76499999999999,2.5633,7.4789,False,False
2026-06-07 04:45:00,63.97,64.13,63.86,64.1,22698.405,63.349000000000004,62.453,63.76115,,63.631693348787906,63.19791588181832,62.84419554886916,0.4337774669695875,0.41973676551696115,0.01404070145262637,31.20219887577081,65.2,33.8,30.46,63.349000000000004,64.65416222020676,62.04383777979324,0.0412,0.7877,0.269999999999996,0.41,0.6396255850234009,,32261.2,0.7,-2037702,63.38,62.4,64.66,67.13,59.93,57.67,62.34,68.76499999999999,2.7457,7.2777,False,False
2026-06-07 05:00:00,64.09,64.42,63.9,64.18,39675.494,63.456,62.49980000000001,63.74655,,63.716048218205145,63.270662853535484,62.8965800371488,0.4453853646696615,0.42486648534750127,0.020518879322160233,32.316513983423064,66.1,55.56,38.38,63.456,64.65595438509895,62.256045614901055,0.0378,0.8017,0.5200000000000031,0.42,0.6544094733561856,,32792.23,1.21,-1998027,63.42,62.4,64.66,67.13,59.93,57.67,62.34,68.76499999999999,2.8669,7.144,False,False
2026-06-07 05:15:00,64.18,64.5,64.04,64.23,44991.523,63.55350000000001,62.5418,63.731049999999996,,63.79511772309666,63.3417248643847,62.94887101608414,0.45339285871195756,0.43057176002039255,0.02282109869156501,33.467713647224166,66.67,65.35,51.57,63.55350000000001,64.66473023338162,62.44226976661839,0.035,0.8044,0.45999999999999375,0.42,0.6539000467071461,,34340.2,1.31,-1953035,63.47,62.4,64.66,67.13,59.93,57.67,62.34,68.76499999999999,2.9426,7.0606,False,False
2026-06-07 05:30:00,64.23,64.46,64.03,64.45,28223.501,63.662,62.592,63.718149999999994,,63.89586884262025,63.42381931887472,63.007738819374964,0.47204952374553244,0.43886731276542057,0.03318221098011187,34.49311421065003,69.14,75.23,65.38,63.662,64.66849679059403,62.655503209405964,0.0316,0.8915,0.4299999999999926,0.42,0.6516679596586501,,34338.85,0.82,-1924812,63.5,62.4,64.66,67.13,59.93,57.67,62.34,68.76499999999999,3.2739,6.6951,False,False
2026-06-07 05:45:00,64.45,64.47,64.15,64.26,23639.554,63.76950000000001,62.640600000000006,63.70399999999999,,63.95188902067868,63.4857586285877,63.056847100968106,0.4661303920909745,0.4443199286305314,0.02181046346044313,35.46169308198487,64.68,72.65,71.08,63.76950000000001,64.4992721345896,63.03972786541041,0.0229,0.8361,0.3199999999999932,0.41,0.6380329909741673,,34764.19,0.68,-1948451,63.53,62.4,64.66,67.13,59.93,57.67,62.34,68.76499999999999,2.9879,7.0106,False,False
2026-06-07 06:00:00,64.27,64.3,64.03,64.17,15633.317,63.822,62.6856,63.687749999999994,,63.98544455595888,63.53644317461824,63.1005001558321,0.4490013813406364,0.4452562191725524,0.0037451621680839597,35.79136734258603,62.61,63.18,70.35,63.822,64.50458332824822,63.139416671751796,0.0214,0.7549,0.269999999999996,0.4,0.6233442418575659,,32337.4,0.48,-1964085,63.54,62.4,64.66,67.13,59.93,57.67,62.34,68.76499999999999,2.8518,7.1607,False,False
2026-06-07 06:15:00,64.17,64.86,64.11,64.76,51488.986,63.87199999999999,62.7482,63.67215,,64.10460693196521,63.627077013535406,63.16557858109359,0.4775299184298021,0.4517109590240024,0.025818959405799702,37.009439033925105,69.49,63.98,66.6,63.87199999999999,64.6718842021471,63.07211579785289,0.025,1.0551,0.75,0.43,0.6639901173563928,,31377.69,1.64,-1912596,63.6,62.4,64.66,67.13,59.93,57.67,62.34,68.76499999999999,3.7369,6.1844,False,False
2026-06-07 06:30:00,64.77,64.99,64.68,64.92,47457.927,63.938,62.8156,63.6605,,64.23005201935517,63.72284908660686,63.23437942105071,0.5072029327483136,0.4628093537688647,0.044393578979448955,38.310843829041794,71.04,78.12,68.43,63.938,64.85294262115305,63.023057378846964,0.0286,1.0366,0.30999999999998806,0.42,0.6469500924214417,,31776.77,1.49,-1865138,63.67,62.4,64.66,67.13,59.93,57.67,62.34,68.76499999999999,3.9741,5.9227,False,False
2026-06-07 06:45:00,64.91,65.0,64.75,64.85,22561.937,63.997,62.87179999999999,63.64505,,64.32542863176207,63.8063417468582,63.29773709081343,0.5190868849038637,0.4740648599958645,0.04502202490799917,39.53263249727695,69.38,93.28,78.46,63.997,64.98818429960924,63.005815700390755,0.031,0.9303,0.25,0.41,0.6322282189668466,,31460.35,0.72,-1887700,63.7,62.4,64.66,67.13,59.93,57.67,62.34,68.76499999999999,3.8705,6.037,False,False
2026-06-07 07:00:00,64.85,64.99,64.61,64.8,33562.91,64.055,62.931599999999996,63.63045,,64.39843961149097,63.87994606190574,63.35664936176192,0.5184935495852301,0.4829505979137376,0.03554295167149246,40.010218665437115,68.15,89.57,86.99,64.055,65.09288245962749,63.01711754037253,0.0324,0.8589,0.37999999999999545,0.41,0.6327160493827161,,31717.13,1.06,-1921263,63.74,62.4,64.66,67.13,59.93,57.67,62.34,68.76499999999999,3.7963,6.1188,False,False
2026-06-07 07:15:00,64.8,65.0,64.66,64.96,34458.946,64.1415,62.9962,63.61615,,64.48483351741544,63.95995005732013,63.4195258573791,0.5248834600953103,0.4913371703500522,0.033546289745258084,40.471099151898926,69.98,87.14,90.0,64.1415,65.17824135230602,63.10475864769397,0.0323,0.8947,0.3400000000000034,0.4,0.6157635467980297,,31690.96,1.09,-1886804,63.78,62.4,64.66,67.13,59.93,57.67,62.34,68.76499999999999,4.0333,5.8575,False,False
2026-06-07 07:30:00,64.95,65.02,64.8,64.85,30393.744,64.21900000000001,63.0518,63.606750000000005,,64.5410129762746,64.02587968270382,63.47562288257993,0.5151332935707842,0.4960963949941986,0.01903689857658558,40.9360222739769,67.12,81.98,86.23,64.21900000000001,65.22206687608411,63.21593312391591,0.0312,0.8145,0.21999999999999886,0.39,0.6013878180416347,,32120.89,0.95,-1917197,63.81,62.4,64.66,67.13,59.93,57.67,62.34,68.76499999999999,3.8705,6.037,False,False
2026-06-07 07:45:00,64.85,64.94,64.76,64.93,40167.445,64.28800000000001,63.114799999999995,63.600199999999994,,64.60085713377082,64.0928515580591,63.5326572793415,0.5080055757117208,0.49847823113770307,0.009527344574017715,41.153629979055424,68.14,77.13,82.08,64.28800000000001,65.28714911167995,63.28885088832008,0.0311,0.8213,0.1799999999999926,0.37,0.5698444478669336,,32373.84,1.24,-1877030,63.85,62.4,64.66,67.13,59.93,57.67,62.34,68.76499999999999,3.9889,5.9064,False,False
2026-06-07 08:00:00,64.92,64.97,64.52,64.67,38352.1,64.3375,63.1726,63.5952,,64.61149449780608,64.13560329449916,63.577258954661446,0.47589120330691514,0.4939608255715455,-0.01806962226463038,40.15824504412059,61.47,46.22,68.44,64.3375,65.30748914806858,63.36751085193143,0.0302,0.6714,0.45000000000000284,0.38,0.5875985773929179,,33146.43,1.16,-1915382,63.88,62.4,64.66,67.13,59.93,57.67,62.34,68.76499999999999,3.6029,6.3321,False,False
2026-06-07 08:15:00,64.67,64.9,64.5,64.89,21188.512,64.38000000000001,63.23759999999999,63.596399999999996,,64.65434149814361,64.19148453194367,63.62873899565512,0.46285696619993644,0.48774005369722373,-0.024883087497287293,39.139989797943954,64.62,32.85,52.07,64.38000000000001,65.36939641355742,63.39060358644259,0.0307,0.7577,0.4000000000000057,0.38,0.5856064108491292,,30822.81,0.69,-1894193,63.9,62.4,64.66,67.13,59.93,57.67,62.34,68.76499999999999,3.9297,5.9716,False,False
2026-06-07 08:30:00,64.88,65.28,64.74,65.28,33432.753,64.4555,63.3108,63.59565,,64.75059665227536,64.27211530735525,63.693494329158845,0.4784813449201124,0.4858883119418015,-0.0074069670216890815,39.11878239130891,69.41,38.64,39.24,64.4555,65.4787759570189,63.43222404298111,0.0318,0.9029,0.5400000000000063,0.39,0.5974264705882354,,31422.28,1.06,-1860761,63.93,62.4,64.66,67.13,59.93,57.67,62.34,68.76499999999999,4.5037,5.3385,False,False
2026-06-07 08:45:00,65.27,65.97,65.26,65.97,99752.954,64.562,63.4,63.600249999999996,,64.93819716730992,64.39788454384745,63.782769061348695,0.5403126234624693,0.4967731742459351,0.04353944921653424,40.211132246292486,75.68,71.97,47.82,64.562,65.74625815109015,63.37774184890985,0.0367,1.0945,0.7099999999999937,0.41,0.6214946187661058,,35378.21,2.82,-1761008,64.08,62.4,64.66,67.13,59.93,57.67,62.34,68.76499999999999,5.5025,4.2368,False,False
2026-06-07 09:00:00,65.96,66.0,65.72,66.0,33703.999,64.6825,63.48479999999999,63.6096,,65.10155144926225,64.51655976282171,63.86971929423698,0.5849916864405316,0.5144168766848545,0.07057480975567709,41.263813723562194,75.91,94.31,68.31,64.6825,65.93859042584408,63.426409574155926,0.0388,1.0244,0.28000000000000114,0.41,0.6212121212121211,,35709.9,0.94,-1727304,64.13,62.4,64.66,67.13,59.93,57.67,62.34,68.76499999999999,5.5455,4.1894,False,False
2026-06-07 09:15:00,66.0,66.11,65.55,65.79,33538.3,64.80199999999999,63.5638,63.611149999999995,,65.20746661091421,64.61088866927936,63.94502441995318,0.5965779416348482,0.5308490896748532,0.065728851959995,41.49907209235117,70.83,88.29,84.86,64.80199999999999,65.997651771168,63.60634822883199,0.0369,0.9132,0.5600000000000023,0.42,0.6383948928408572,,36678.86,0.91,-1760842,64.17,62.4,64.66,67.13,59.93,57.67,62.34,68.76499999999999,5.244,4.522,False,False
2026-06-07 09:30:00,65.79,65.81,65.08,65.19,26686.39,64.8625,63.625,63.60615000000001,,65.20477944000433,64.6537858048883,63.99384699171972,0.5509936351160292,0.5348779987630885,0.016115636352940665,39.9989700885514,58.75,54.95,79.18,64.8625,66.00425995265034,63.72074004734965,0.0352,0.6434,0.730000000000004,0.44,0.6749501457278724,,36080.43,0.74,-1787528,64.19,62.4,64.66,67.13,59.93,57.67,62.34,68.76499999999999,4.3718,5.484,False,False
2026-06-07 09:45:00,65.19,65.19,64.85,65.02,31224.278,64.9085,63.6828,63.60035,,65.17635183384982,64.68091278230398,64.03408828616209,0.4954390515458442,0.5269902093196397,-0.03155115777379547,37.911950180659005,55.84,21.62,54.95,64.9085,65.99363933134114,63.823360668658864,0.0334,0.5514,0.3400000000000034,0.43,0.6613349738541987,,36506.73,0.86,-1818753,64.21,62.4,64.66,67.13,59.93,57.67,62.34,68.76499999999999,4.1218,5.7598,False,False
2026-06-07 10:00:00,65.03,65.09,64.63,64.77,34566.072,64.938,63.736399999999996,63.59585,,65.1138361671037,64.68751183546665,64.0629475690577,0.42632433163704775,0.5068570337831213,-0.08053270214607355,35.367110893489055,51.79,0.0,25.52,64.938,65.97055635758122,63.90544364241879,0.0318,0.4186,0.46000000000000796,0.43,0.6638876022850084,,36251.26,0.95,-1853319,64.23,62.4,64.66,67.13,59.93,57.67,62.34,68.76499999999999,3.7517,6.168,False,False
2026-06-07 10:15:00,64.77,65.09,64.76,64.98,24335.746,64.9755,63.797799999999995,63.5911,,65.09324598754928,64.70917762543209,64.0989104094868,0.38406836211719053,0.48229929944993516,-0.09823093733274463,33.00404584111696,54.76,4.11,8.58,64.9755,65.95278894612237,63.998211053877625,0.0301,0.5023,0.3299999999999983,0.43,0.6617420744844567,,35218.47,0.69,-1828983,64.24,62.4,64.66,67.13,59.93,57.67,62.34,68.76499999999999,4.0628,5.8249,False,False
2026-06-07 10:30:00,64.98,65.05,64.59,64.69,26917.707,64.9875,63.8578,63.5877,,65.03120814331093,64.70775706058527,64.1220903934285,0.32345108272566847,0.45052965610508183,-0.12707857337941336,30.953331551251043,50.16,4.11,2.74,64.9875,65.94327744601881,64.03172255398118,0.0294,0.3444,0.45999999999999375,0.43,0.6647086102952543,,35153.18,0.77,-1855901,64.25,62.4,64.66,67.13,59.93,57.67,62.34,68.76499999999999,3.6327,6.2993,False,False
2026-06-07 10:45:00,64.7,64.82,64.46,64.67,20160.614,65.008,63.9208,63.5845,,64.97563765972464,64.70496024128265,64.14357704466659,0.27067741844199134,0.41455920857246376,-0.14388179013047242,29.39295401333585,49.85,4.11,4.11,65.008,65.91438901837678,64.10161098162321,0.0279,0.3135,0.35999999999999943,0.42,0.6494510592237512,,34979.23,0.58,-1876061,64.25,62.4,64.66,67.13,59.93,57.67,62.34,68.76499999999999,3.6029,6.3321,False,False
2026-06-07 11:00:00,64.67,64.84,64.55,64.67,14110.882,65.033,63.9806,63.57625,,64.92861648130547,64.70237059378023,64.16422108213064,0.22624588752523778,0.37689654436301856,-0.15065065683778078,27.879620585231244,49.85,0.0,2.74,65.033,65.86673856813898,64.19926143186102,0.0256,0.2823,0.29000000000000625,0.41,0.633987938766043,,34903.11,0.4,-1876061,64.26,62.4,64.66,67.13,59.93,57.67,62.34,68.76499999999999,3.6029,6.3321,False,False
2026-06-07 11:15:00,64.66,64.87,64.6,64.85,11682.184,65.0375,64.043,63.568450000000006,,64.9165216380277,64.71330610535206,64.19111437302747,0.2032155326756424,0.34216034202554335,-0.13894480934990094,26.372552638584654,52.9,3.9,2.67,65.0375,65.86598943073798,64.209010569262,0.0255,0.3868,0.27000000000001023,0.4,0.6168080185042406,,32912.77,0.35,-1864379,64.26,62.4,64.66,67.13,59.93,57.67,62.34,68.76499999999999,3.8705,6.037,False,False
2026-06-07 11:30:00,64.84,65.09,64.74,65.09,17128.6,65.046,64.1038,63.56315000000001,,64.94321061679267,64.74120935680746,64.2263647897715,0.20200125998520946,0.31412852561747656,-0.1121272656322671,24.72327316428727,56.68,12.64,5.51,65.046,65.87290036312048,64.21909963687953,0.0254,0.5266,0.3500000000000085,0.4,0.6145337225380243,,31396.3,0.55,-1847251,64.27,62.4,64.66,67.13,59.93,57.67,62.34,68.76499999999999,4.2249,5.646,False,False
2026-06-07 11:45:00,65.08,65.25,64.97,65.04,15803.541,65.05550000000001,64.1652,63.5556,,64.95810129113225,64.76334199704394,64.25827205291772,0.19475929408831405,0.2902546793116441,-0.09549538522333006,23.66667304089356,55.68,20.09,12.21,65.05550000000001,65.87726895203505,64.23373104796497,0.0253,0.4906,0.28000000000000114,0.39,0.5996309963099631,,31058.38,0.51,-1863054,64.28,62.4,64.66,67.13,59.93,57.67,62.34,68.76499999999999,4.1513,5.7272,False,False
2026-06-07 12:00:00,65.05,65.11,63.96,63.99,63199.849,65.015,64.202,63.54255,,64.80916263095806,64.70605740467032,64.24775158025429,0.1031052262877381,0.2528247887068629,-0.14971956241912482,23.767556756633766,39.76,16.19,16.31,65.015,65.96033758938127,64.06966241061873,0.0291,-0.0421,1.1499999999999986,0.45,0.7032348804500703,,32540.23,1.94,-1926254,64.28,62.4,64.66,67.13,59.93,57.67,62.34,68.76499999999999,2.5785,7.4621,False,False
2026-06-07 12:15:00,63.99,64.29,63.88,64.05,40159.248,64.96950000000001,64.23899999999999,63.53025,,64.69236838004143,64.65746055987992,64.23999661632276,0.034907820161507175,0.2092413949977918,-0.17433357483628462,24.00276802973367,40.81,8.41,14.9,64.96950000000001,66.00890215610116,63.930097843898864,0.032,0.0577,0.4100000000000037,0.44,0.6869633099141296,,32825.25,1.22,-1886095,64.28,62.4,64.66,67.13,59.93,57.67,62.34,68.76499999999999,2.6698,7.3614,False,False
2026-06-07 12:30:00,64.04,64.16,63.67,63.92,55832.486,64.923,64.2766,63.516850000000005,,64.57354247541967,64.60283385174067,64.22744772940814,-0.029291376320998097,0.16153484073403382,-0.19082621705503192,24.583604413299522,39.22,0.96,8.52,64.923,66.0632326632395,63.7827673367605,0.0351,0.0602,0.4899999999999949,0.45,0.7040050062578223,,34097.18,1.64,-1941927,64.26,62.4,64.66,67.13,59.93,57.67,62.34,68.76499999999999,2.4718,7.5798,False,False
2026-06-07 12:45:00,63.91,64.41,63.91,64.33,26368.871,64.893,64.3176,63.506400000000006,,64.53607440227819,64.58262393679692,64.2314693870784,-0.046549534518732116,0.11991796568348065,-0.16646750020221276,24.35013560827023,46.29,13.03,7.47,64.893,66.06362466455548,63.72237533544453,0.0361,0.2595,0.5,0.45,0.699518109746619,,33407.25,0.79,-1915558,64.26,62.4,64.66,67.13,59.93,57.67,62.34,68.76499999999999,3.0934,6.8941,False,False
2026-06-07 13:00:00,64.33,64.34,64.09,64.33,27515.412,64.876,64.3586,63.498000000000005,,64.50437064808155,64.56391105258975,64.23533333268317,-0.05954040450819775,0.08402629164514497,-0.14356669615334272,24.133343146457314,46.29,25.57,13.19,64.876,66.06990381345899,63.68209618654101,0.0368,0.2713,0.25,0.44,0.6839732628633608,,32865.42,0.84,-1915558,64.26,62.4,64.66,67.13,59.93,57.67,62.34,68.76499999999999,3.0934,6.8941,False,False
2026-06-07 13:15:00,64.34,64.4,64.14,64.38,20636.11,64.8505,64.404,63.4869,,64.48523670222285,64.55028801165717,64.24100653532305,-0.06505130943432391,0.054210771429251195,-0.1192620808635751,23.738941905119766,47.16,40.74,26.45,64.8505,66.06475697445082,63.63624302554918,0.0374,0.3063,0.2600000000000051,0.42,0.65237651444548,,32837.8,0.63,-1894922,64.26,62.4,64.66,67.13,59.93,57.67,62.34,68.76499999999999,3.1687,6.8111,False,False
2026-06-07 13:30:00,64.38,64.44,64.15,64.34,10635.559,64.8035,64.4284,63.4783,,64.46289259418856,64.53471112190479,64.24488863197706,-0.07181852771623198,0.02900491160015456,-0.10082343931638654,23.239304120398575,46.52,42.59,36.3,64.8035,66.02052441267836,63.58647558732165,0.0376,0.3096,0.28999999999999204,0.41,0.6372396642834939,,31697.94,0.34,-1905558,64.26,62.4,64.66,67.13,59.93,57.67,62.34,68.76499999999999,3.1085,6.8775,False,False
2026-06-07 13:45:00,64.34,64.42,64.25,64.34,19209.172,64.72200000000001,64.44,63.4696,,64.44398604123647,64.52028807583777,64.2486184895466,-0.07630203460129792,0.007943522359864064,-0.08424555696116198,22.775354748871756,46.52,43.01,42.11,64.72200000000001,65.82288194309564,63.62111805690437,0.034,0.3265,0.1700000000000017,0.4,0.6216972334473112,,27670.75,0.69,-1905558,64.26,62.4,64.66,67.13,59.93,57.67,62.34,68.76499999999999,3.1085,6.8775,False,False
2026-06-07 14:00:00,64.34,64.58,64.33,64.47,19401.349,64.6455,64.4574,63.4625,,64.44798818873855,64.51656303318312,64.25730011740752,-0.0685748444445693,-0.007360151001022609,-0.061214693443546686,21.776870579463502,49.15,46.81,44.14,64.6455,65.57114572056615,63.71985427943385,0.0286,0.4052,0.25,0.39,0.604932526756631,,26955.62,0.72,-1886156,64.27,62.4,64.66,67.13,59.93,57.67,62.34,68.76499999999999,3.3039,6.662,False,False
2026-06-07 14:15:00,64.47,65.07,64.42,64.98,31121.27,64.60499999999999,64.48360000000001,63.45785,,64.52983615970184,64.55089169739178,64.2856412892739,-0.02105553768993218,-0.010099228338804524,-0.010956309351127656,21.01792172696551,57.92,66.22,52.01,64.60499999999999,65.37811400398667,63.831885996013305,0.0239,0.7425,0.6499999999999915,0.4,0.6155740227762388,,26834.77,1.16,-1855035,64.28,62.4,64.66,67.13,59.93,57.67,62.34,68.76499999999999,4.0628,5.8249,False,False
2026-06-07 14:30:00,64.98,65.35,64.78,64.81,38822.144,64.586,64.507,63.4534,,64.57293828897848,64.57008490499238,64.30620437596905,0.0028533839860926946,-0.007508705873825081,0.010362089859917776,20.956650306673833,54.54,79.61,64.21,64.586,65.31605839708911,63.85594160291089,0.0226,0.6534,0.5699999999999932,0.42,0.6480481407190248,,27441.55,1.41,-1893857,64.29,62.4,64.66,67.13,59.93,57.67,62.34,68.76499999999999,3.8111,6.1025,False,False
2026-06-07 14:45:00,64.81,64.95,64.62,64.92,25350.422,64.58099999999999,64.5408,63.44885,,64.6263323983664,64.59600454165962,64.3302747925977,0.0303278567067764,5.860664229521539e-05,0.030269250064481185,20.395677855841566,56.31,91.13,78.99,64.58099999999999,65.29982652910823,63.862173470891754,0.0223,0.7358,0.3299999999999983,0.41,0.6315465187923598,,27147.86,0.93,-1868507,64.3,62.4,64.66,67.13,59.93,57.67,62.34,68.76499999999999,3.9741,5.9227,False,False
2026-06-07 15:00:00,64.92,64.92,64.64,64.91,22094.962,64.588,64.57300000000001,63.44195,,64.66997356784849,64.61926346449965,64.35300911445663,0.05071010334883397,0.010188905983602966,0.040521197365231,19.87477486578303,56.1,87.89,86.21,64.588,65.31722742102951,63.858772578970466,0.0226,0.7208,0.28000000000000114,0.4,0.6162378678169774,,26524.31,0.83,-1890602,64.3,62.4,64.66,67.13,59.93,57.67,62.34,68.76499999999999,3.9593,5.939,False,False
2026-06-07 15:15:00,64.9,64.98,64.63,64.97,17879.527,64.5875,64.6014,63.434349999999995,,64.71613148048718,64.64524394861078,64.37720483545833,0.0708875318763944,0.022328631162161255,0.04855890071423315,19.545671768735545,57.15,92.55,90.52,64.5875,65.31560858068394,63.85939141931607,0.0225,0.7627,0.3500000000000085,0.4,0.6156687702016316,,26201.5,0.68,-1872722,64.31,62.4,64.66,67.13,59.93,57.67,62.34,68.76499999999999,4.048,5.8412,False,False
2026-06-07 15:30:00,64.96,65.24,64.91,65.14,19063.842,64.60999999999999,64.6306,63.43065000000001,,64.78134202195069,64.68189254500999,64.40711837132271,0.0994494769407055,0.03775280031787011,0.061696676622835386,19.8702897391239,60.08,95.41,91.95,64.60999999999999,65.37815568597593,63.84184431402405,0.0238,0.845,0.3299999999999983,0.39,0.5987104697574455,,25808.8,0.74,-1853659,64.32,62.4,64.66,67.13,59.93,57.67,62.34,68.76499999999999,4.2984,5.5649,False,False
2026-06-07 15:45:00,65.14,65.14,64.78,64.99,24111.624,64.626,64.6496,63.434000000000005,,64.8134432493429,64.7047153194537,64.4299764744081,0.10872792988919855,0.0519478262321358,0.05678010365706275,19.701136411487923,56.42,92.8,93.59,64.626,65.41252868251799,63.839471317482015,0.0243,0.7314,0.35999999999999943,0.39,0.6000923218956763,,26006.35,0.93,-1877770,64.32,62.4,64.66,67.13,59.93,57.67,62.34,68.76499999999999,4.0776,5.8086,False,False
2026-06-07 16:00:00,64.99,65.09,64.75,65.04,23854.789,64.64450000000001,64.675,63.434200000000004,,64.84829813405938,64.72955122171638,64.45389896560778,0.11874691234299917,0.06530764345430848,0.05343926888869069,19.434766737287497,57.35,87.56,91.92,64.64450000000001,65.45249882751499,63.83650117248502,0.025,0.7447,0.3400000000000034,0.39,0.5996309963099631,,26493.55,0.9,-1853915,64.33,62.4,64.66,67.13,59.93,57.67,62.34,68.76499999999999,4.1513,5.7272,False,False
2026-06-07 16:15:00,65.04,65.18,64.98,65.02,16302.47,64.653,64.6986,63.43495,,64.87471380574254,64.75106594603369,64.47609900617218,0.1236478597088535,0.07697568670521748,0.04667217300363602,19.429750212412728,56.83,79.7,86.69,64.653,65.47358002592667,63.832419974073346,0.0254,0.7236,0.20000000000000284,0.37,0.5690556751768686,,26724.56,0.61,-1870218,64.34,62.4,64.66,67.13,59.93,57.67,62.34,68.76499999999999,4.1218,5.7598,False,False
2026-06-07 16:30:00,65.03,65.33,64.97,65.18,9515.423,64.6575,64.7304,63.4335,,64.92168091255138,64.78283883892009,64.50370296671444,0.1388420736312952,0.08934896409043303,0.04949310954086217,19.81427407834513,59.98,85.3,84.19,64.6575,65.48908377746912,63.825916222530886,0.0257,0.8142,0.35999999999999943,0.37,0.5676587910401963,,26343.9,0.36,-1860702,64.34,62.4,64.66,67.13,59.93,57.67,62.34,68.76499999999999,4.3572,5.5002,False,False
2026-06-07 16:45:00,65.18,65.33,64.95,65.15,17130.261,64.663,64.76540000000001,63.4329,,64.95680692600502,64.81003596196304,64.52904794841191,0.14677096404197698,0.10083336408074181,0.04593759996123517,20.085664297720214,59.11,89.51,84.84,64.663,65.50660379825098,63.819396201749015,0.0261,0.7886,0.37999999999999545,0.37,0.56792018419033,,26410.24,0.65,-1877833,64.35,62.4,64.66,67.13,59.93,57.67,62.34,68.76499999999999,4.3131,5.5487,False,False
2026-06-07 17:00:00,65.15,65.62,65.09,65.48,16129.677,64.7375,64.79540000000001,63.43814999999999,,65.03729816815809,64.85966292774356,64.56634018572909,0.17763524041453138,0.11619373934749974,0.06144150106703164,21.049551155829764,65.1,97.36,90.72,64.7375,65.5939277091822,63.88107229081779,0.0265,0.9335,0.5300000000000011,0.38,0.5803298717165547,,24056.73,0.67,-1861703,64.36,62.4,64.66,67.13,59.93,57.67,62.34,68.76499999999999,4.7954,5.0168,False,False
2026-06-07 17:15:00,65.49,65.55,65.37,65.46,12356.615,64.808,64.8226,63.4424,,65.10232921921069,64.9041323405033,64.60138566864167,0.19819687870739244,0.1325943672194783,0.06560251148791416,21.944588952645777,64.49,96.32,94.4,64.808,65.65825321305965,63.95774678694036,0.0262,0.8834,0.1799999999999926,0.37,0.5652306752215094,,22666.6,0.55,-1874060,64.36,62.4,64.66,67.13,59.93,57.67,62.34,68.76499999999999,4.7663,5.0489,False,False
2026-06-07 17:30:00,65.46,65.6,65.42,65.44,16182.284,64.884,64.84779999999999,63.44765,,65.15427857010135,64.94382624120675,64.63427250516553,0.21045232889460408,0.14816595955450346,0.06228636934010062,22.896323195909925,63.83,94.7,96.13,64.884,65.66929645759946,64.09870354240054,0.0242,0.854,0.1799999999999926,0.36,0.5501222493887531,,20684.09,0.78,-1890242,64.37,62.4,64.66,67.13,59.93,57.67,62.34,68.76499999999999,4.7372,5.081,False,False
2026-06-07 17:45:00,65.45,65.45,65.16,65.32,15933.119,64.93350000000001,64.8696,63.453050000000005,,65.17977417470115,64.97169096408032,64.66116377947276,0.20808321062082769,0.1601494097677683,0.04793380085305937,22.575811369916043,59.92,78.35,89.79,64.93350000000001,65.69624504259451,64.1707549574055,0.0235,0.7534,0.29000000000000625,0.35,0.5358236374770361,,20162.3,0.79,-1906175,64.38,62.4,64.66,67.13,59.93,57.67,62.34,68.76499999999999,4.5622,5.274,False,False
2026-06-07 18:00:00,65.33,65.58,65.31,65.54,8657.021,64.994,64.8914,63.4579,,65.23519353243944,65.013787929704,64.69562794498364,0.22140560273544452,0.17240064836130356,0.04900495437414096,22.64472356209003,64.25,76.47,83.17,64.994,65.74708208820914,64.24091791179086,0.0232,0.8625,0.269999999999996,0.35,0.5340250228867865,,19219.38,0.45,-1897518,64.38,62.4,64.66,67.13,59.93,57.67,62.34,68.76499999999999,4.8825,4.9207,False,False
2026-06-07 18:15:00,65.55,65.55,65.22,65.43,8797.729,65.04650000000001,64.9148,63.4603,,65.265163758218,65.04461845342962,64.72442684910193,0.22054530478837364,0.18202957964671757,0.038515725141656076,22.31347343603696,60.72,64.24,73.02,65.04650000000001,65.76495667928035,64.32804332071967,0.0221,0.7669,0.3299999999999983,0.34,0.5196393091853889,,18627.46,0.47,-1906316,64.39,62.4,64.66,67.13,59.93,57.67,62.34,68.76499999999999,4.7226,5.0971,False,False
2026-06-07 18:30:00,65.43,65.56,65.27,65.29,8177.212,65.09400000000001,64.93719999999999,63.46370000000001,,65.26898471849215,65.06279486428669,64.74660618835284,0.2061898542054621,0.1868616345584665,0.019328219646995604,22.037105095360094,56.47,47.44,62.72,65.09400000000001,65.73749048167207,64.45050951832795,0.0198,0.6523,0.29000000000000625,0.34,0.5207535610353806,,18504.55,0.44,-1914493,64.39,62.4,64.66,67.13,59.93,57.67,62.34,68.76499999999999,4.5183,5.3224,False,False
2026-06-07 18:45:00,65.28,65.36,64.91,64.95,16403.772,65.1245,64.941,63.45915,,65.21991014641644,65.05443968915434,64.75458241626058,0.16547045726210285,0.18258339909919377,-0.017112941837090917,20.59462466161066,47.72,17.27,42.98,65.1245,65.66749268193422,64.58150731806577,0.0167,0.3393,0.45000000000000284,0.35,0.5388760585065435,,18364.28,0.89,-1930897,64.4,62.4,64.66,67.13,59.93,57.67,62.34,68.76499999999999,4.0185,5.8737,False,False
2026-06-07 19:00:00,64.96,64.98,64.17,64.34,38419.599,65.118,64.9294,63.45354999999999,,65.08453935466007,65.00151823069845,64.73832428228957,0.08302112396161476,0.16267094407167798,-0.07964982011006322,21.182683458948702,36.73,0.18,21.63,65.118,65.69596740028483,64.54003259971516,0.0178,-0.173,0.8100000000000023,0.38,0.5906123717749455,,19315.19,1.99,-1969316,64.4,62.4,64.66,67.13,59.93,57.67,62.34,68.76499999999999,3.1085,6.8775,False,False
2026-06-07 19:15:00,64.34,64.34,63.77,64.05,55569.95,65.0715,64.9134,63.4493,,64.92537945394314,64.93103539879486,64.71133117318017,-0.005655944851724826,0.12900556628699741,-0.13466151113872224,22.430074196049574,32.86,0.0,5.82,65.0715,65.82054219542616,64.32245780457384,0.023,-0.1819,0.5700000000000003,0.39,0.6088992974238877,,20537.62,2.71,-2024886,64.39,62.4,64.66,67.13,59.93,57.67,62.34,68.76499999999999,2.6698,7.3614,False,False
2026-06-07 19:30:00,64.05,64.07,63.69,63.79,23273.437,65.0205,64.8932,63.443149999999996,,64.75070569179803,64.84651425814339,64.67520053893782,-0.0958085663453545,0.08404273976052704,-0.17985130610588154,23.71482573833074,29.82,0.0,0.06,65.0205,65.95935652735116,64.08164347264884,0.0289,-0.1553,0.37999999999999545,0.39,0.6113810942153943,,19760.19,1.18,-2048160,64.38,62.4,64.66,67.13,59.93,57.67,62.34,68.76499999999999,2.2731,7.799,False,False
2026-06-07 19:45:00,63.8,64.14,63.64,63.95,33770.844,64.97200000000001,64.873,63.437450000000005,,64.62752020075219,64.78010579457721,64.64676130211673,-0.15258559382502312,0.03671707304341701,-0.18930266686844013,24.642304957740095,33.87,3.83,1.28,64.97200000000001,66.02588704078728,63.918112959212735,0.0324,0.0151,0.5,0.4,0.6254886630179828,,20181.21,1.67,-2014389,64.38,62.4,64.66,67.13,59.93,57.67,62.34,68.76499999999999,2.5176,7.5293,False,False
2026-06-07 20:00:00,63.94,64.41,63.75,64.29,34763.465,64.941,64.8618,63.43405,,64.57559401602109,64.74380166164556,64.63277066281803,-0.1682076456244772,-0.004267870690161837,-0.16393977493431539,24.536230219855295,41.59,14.94,6.26,64.941,66.03815229476005,63.84384770523996,0.0338,0.2033,0.6599999999999966,0.42,0.6532897806812878,,20814.63,1.67,-1979625,64.37,62.4,64.66,67.13,59.93,57.67,62.34,68.76499999999999,3.0331,6.9606,False,False
2026-06-07 20:15:00,64.28,64.7,64.1,64.5,22143.751,64.91749999999999,64.8532,63.436499999999995,,64.56396416740246,64.72574227930144,64.6275639701585,-0.1617781118989825,-0.03576991893192597,-0.12600819296705654,23.533331926419734,45.79,30.03,16.27,64.91749999999999,66.03203318054187,63.802966819458106,0.0343,0.3127,0.6000000000000085,0.43,0.6666666666666666,,21027.84,1.05,-1957482,64.37,62.4,64.66,67.13,59.93,57.67,62.34,68.76499999999999,3.3488,6.6124,False,False
2026-06-07 20:30:00,64.51,64.65,64.42,64.55,15681.492,64.888,64.85079999999999,63.44,,64.56181583395593,64.71272433268652,64.62452224583856,-0.15090849873058687,-0.05879763489165815,-0.09211086383892872,22.602069225372425,46.78,42.51,29.16,64.888,66.00895072430428,63.76704927569573,0.0346,0.3492,0.23000000000000398,0.42,0.6506584043377227,,20858.73,0.75,-1941800,64.38,62.4,64.66,67.13,59.93,57.67,62.34,68.76499999999999,3.4237,6.5298,False,False
2026-06-07 20:45:00,64.55,64.8,64.46,64.7,13082.515,64.8735,64.84700000000001,63.448949999999996,,64.58307493642425,64.71178178952455,64.62748215776647,-0.12870685310029728,-0.07277947853338598,-0.0559273745669113,21.27884785610518,49.72,50.66,41.07,64.8735,65.9963961614843,63.75060383851571,0.0346,0.4227,0.3400000000000034,0.41,0.633693972179289,,20307.27,0.64,-1928718,64.38,62.4,64.66,67.13,59.93,57.67,62.34,68.76499999999999,3.6476,6.2828,False,False
2026-06-07 21:00:00,64.69,64.93,64.47,64.87,16586.025,64.865,64.8388,63.46375,,64.62721725389744,64.72350165696717,64.63699266138347,-0.09628440306973118,-0.07748046344065503,-0.018803939629076158,19.850044205170548,52.9,57.92,50.36,64.865,65.98515976304245,63.74484023695754,0.0345,0.5022,0.46000000000000796,0.42,0.6474487436411283,,19943.83,0.83,-1912132,64.38,62.4,64.66,67.13,59.93,57.67,62.34,68.76499999999999,3.9001,6.0043,False,False
2026-06-07 21:15:00,64.87,64.9,64.57,64.58,9282.214,64.84299999999999,64.811,63.4727,,64.61995306099014,64.71287190459924,64.63475765505471,-0.09291884360909819,-0.08056813947434366,-0.012350704134754531,18.523297957874103,47.39,58.63,55.74,64.84299999999999,65.96761642583843,63.71838357416154,0.0347,0.3831,0.3300000000000125,0.41,0.6348714772375348,,19592.82,0.47,-1921414,64.38,62.4,64.66,67.13,59.93,57.67,62.34,68.76499999999999,3.4686,6.4803,False,False
2026-06-07 21:30:00,64.59,64.63,64.31,64.35,17107.718,64.8015,64.778,63.482150000000004,,64.57842182083782,64.68599250425856,64.62359068818982,-0.1075706834207466,-0.08596864826362426,-0.02160203515712235,17.880066863823043,43.52,54.14,56.9,64.8015,65.93497671951685,63.66802328048315,0.035,0.3008,0.3199999999999932,0.4,0.6216006216006217,,19972.43,0.86,-1938522,64.38,62.4,64.66,67.13,59.93,57.67,62.34,68.76499999999999,3.1235,6.8609,False,False
2026-06-07 21:45:00,64.36,64.63,64.33,64.63,8123.085,64.7755,64.75479999999999,63.4881,,64.58635692532431,64.68184491135052,64.623842033751,-0.09548798602621389,-0.08787251581614218,-0.007615470210071709,17.282780847918488,48.99,55.77,56.18,64.7755,65.8991308627801,63.6518691372199,0.0347,0.4353,0.29999999999999716,0.4,0.6189076280365157,,19522.08,0.42,-1930398,64.38,62.4,64.66,67.13,59.93,57.67,62.34,68.76499999999999,3.5432,6.398,False,False
2026-06-07 22:00:00,64.64,67.49,64.53,67.31,137178.694,64.86699999999999,64.7972,63.5044,,65.00537893681287,64.8765230660653,64.7291815618392,0.12885587074757154,-0.04452683850339943,0.173382709250971,19.875945466691164,74.45,72.09,60.67,64.86699999999999,66.44026479184707,63.29373520815291,0.0485,1.2764,2.9599999999999937,0.58,0.8616847422374089,,25574.53,5.36,-1793220,64.49,62.4,64.66,67.13,59.93,57.67,62.34,68.76499999999999,7.3837,2.1616,False,False
2026-06-07 22:15:00,67.33,67.92,66.05,66.26,92838.479,64.907,64.822,63.514700000000005,,65.19839756191858,64.97900283894936,64.78921365745335,0.21939472296922702,0.00825747379112586,0.21113724917810117,22.566787934113822,61.5,80.97,69.61,64.907,66.58118919889202,63.23281080110798,0.0516,0.9041,1.8700000000000045,0.67,1.0111681255659521,,29598.62,3.14,-1886058,64.57,62.4,64.66,67.13,59.93,57.67,62.34,68.76499999999999,5.9161,3.7806,False,False
2026-06-07 22:30:00,66.27,66.78,65.87,66.32,41947.622,64.951,64.85300000000001,63.524049999999995,,65.37095178316189,65.07833596199015,64.84924449441596,0.29261582117173646,0.06512914326724799,0.22748667790448845,24.64855103878689,61.91,80.95,78.0,64.951,66.72731078361937,63.174689216380614,0.0547,0.8853,0.9099999999999966,0.69,1.040410132689988,,30886.89,1.36,-1844111,64.59,62.4,64.66,67.13,59.93,57.67,62.34,68.76499999999999,6.0012,3.6867,False,False
2026-06-07 22:45:00,66.33,66.48,65.74,65.83,46870.531,64.9765,64.87,63.53,,65.44157458575236,65.13401477962051,64.88770549463494,0.30755980613184875,0.11361527584016815,0.1939445302916806,26.2781348454474,56.63,67.64,76.52,64.9765,66.78938110331023,63.16361889668977,0.0558,0.7354,0.7400000000000091,0.69,1.048154336928452,,32433.76,1.45,-1890981,64.62,62.4,64.66,67.13,59.93,57.67,62.34,68.76499999999999,5.3015,4.4585,False,False
2026-06-07 23:00:00,65.82,66.15,65.77,66.13,37093.108,65.006,64.8988,63.536100000000005,,65.5474861879443,65.20779146261158,64.93642292621789,0.3396947253327198,0.1588311657386785,0.18086355959404132,27.791319808775015,58.94,64.57,71.05,65.006,66.87579762485068,63.136202375149324,0.0575,0.8006,0.38000000000000966,0.67,1.0131559050355363,,33855.56,1.1,-1853888,64.64,62.4,64.66,67.13,59.93,57.67,62.34,68.76499999999999,5.7311,3.9846,False,False
2026-06-07 23:15:00,66.14,66.37,65.79,66.36,41702.088,65.0525,64.93260000000001,63.5432,,65.67248831287594,65.29314024315887,64.99224947813092,0.3793480697170679,0.20293454653435639,0.17641352318271153,29.391940658207496,60.67,59.96,64.06,65.0525,67.01085457248718,63.094145427512814,0.0602,0.8338,0.5799999999999983,0.66,0.9945750452079566,,35500.78,1.17,-1812186,64.66,62.4,64.66,67.13,59.93,57.67,62.34,68.76499999999999,6.0579,3.6242,False,False
2026-06-07 23:30:00,66.35,66.38,66.04,66.25,30359.954,65.1005,64.9642,63.547700000000006,,65.76133626474117,65.36401874366562,65.04157302800813,0.39731752107554996,0.24181114144259513,0.15550637963295483,30.887280639345573,59.38,57.03,60.52,65.1005,67.12916276930923,63.071837230690754,0.0623,0.7833,0.3399999999999892,0.64,0.9660377358490566,,36609.92,0.83,-1842546,64.68,62.4,64.66,67.13,59.93,57.67,62.34,68.76499999999999,5.9019,3.7962,False,False
2026-06-07 23:45:00,66.24,66.67,66.17,66.5,54870.761,65.178,64.9972,63.55575000000001,,65.87497683939638,65.4481655033941,65.09876624259604,0.42681133600228804,0.2788111803545337,0.14800015564775432,32.53695695497745,61.38,55.69,57.56,65.178,67.298790319421,63.057209680578985,0.0651,0.8117,0.5,0.63,0.9473684210526316,,38533.27,1.42,-1787675,64.71,62.4,64.66,67.13,59.93,57.67,62.34,68.76499999999999,6.2556,3.406,False,False
2026-06-08 00:00:00,66.5,66.6,66.02,66.21,39159.786,65.2715,65.0196,63.5654,,65.92651886410464,65.50459768832786,65.14234403700404,0.4219211757767738,0.30743317943898174,0.11448799633779205,33.6356267514233,57.82,51.74,54.82,65.2715,67.40159784801257,63.141402151987435,0.0653,0.7203,0.5799999999999983,0.63,0.9515178975985502,,38570.28,1.02,-1826835,66.28,65.46,68.96,71.42,63.0,59.5,62.34,68.76499999999999,5.845,3.8589,False,False
2026-06-08 00:15:00,66.21,66.6,66.05,66.56,31024.422,65.397,65.05,63.5775,,66.02397750039623,65.58277563734062,65.19793838849408,0.4412018630556105,0.3341869161623075,0.10701494689330299,34.65582013383732,60.78,53.25,53.56,65.397,67.51982929377961,63.274170706220396,0.0649,0.7739,0.5499999999999972,0.62,0.9314903846153846,,37343.0,0.83,-1795810,66.33,65.46,68.96,71.42,63.0,59.5,62.34,68.76499999999999,6.3401,3.3128,False,False
2026-06-08 00:30:00,66.56,67.11,66.4,66.8,59210.528,65.5475,65.1062,63.58865000000001,,66.14336557725835,65.67294040494501,65.26076433404333,0.470425172313341,0.3614345673925142,0.1089906049208268,36.103209374028275,62.71,54.68,53.22,65.5475,67.61674216994949,63.47825783005051,0.0631,0.8026,0.7099999999999937,0.63,0.94311377245509,,39139.85,1.51,-1736600,66.53,65.46,68.96,71.42,63.0,59.5,62.34,68.76499999999999,6.6766,2.9416,False,False
2026-06-08 00:45:00,66.79,66.99,66.56,66.71,33709.777,65.6855,65.1594,63.600150000000006,,66.23054010383399,65.74975963420835,65.31759710525732,0.4807804696256426,0.3853037478391399,0.09547672178650268,37.44721366849131,61.49,58.64,55.52,65.6855,67.67266380804466,63.69833619195535,0.0605,0.7578,0.4299999999999926,0.61,0.9144056363363814,,39136.8,0.86,-1770310,66.58,65.46,68.96,71.42,63.0,59.5,62.34,68.76499999999999,6.5507,3.0805,False,False
2026-06-08 01:00:00,66.72,66.81,65.98,65.99,32655.96,65.7705,65.2008,63.609700000000004,,66.19353393401337,65.76755521685958,65.34396584622762,0.42597871715379654,0.39343874170207127,0.03253997545172527,37.02877564379079,52.64,44.82,52.71,65.7705,67.64878000827252,63.89221999172747,0.0571,0.5584,0.8299999999999983,0.63,0.9546901045612972,,39031.43,0.84,-1802966,66.53,65.46,68.96,71.42,63.0,59.5,62.34,68.76499999999999,5.5311,4.2052,False,False
2026-06-08 01:15:00,65.99,66.03,65.47,65.54,54134.127,65.82249999999999,65.225,63.61955,,66.09299025185747,65.75069927486997,65.35165346010105,0.3422909769874991,0.3832091887591568,-0.04091821177165772,35.46712681086783,47.99,24.14,42.53,65.82249999999999,67.60797207379962,64.03702792620037,0.0543,0.4209,0.5600000000000023,0.62,0.9459871833994506,,40630.94,1.33,-1857100,66.34,65.46,68.96,71.42,63.0,59.5,62.34,68.76499999999999,4.8825,4.9207,False,False
2026-06-08 01:30:00,65.55,66.02,65.4,65.97,43726.547,65.89349999999999,65.2578,63.63309999999999,,66.07406867464863,65.76694377302775,65.37590234401866,0.307124901620881,0.36799233133150167,-0.060867429710620646,33.8680156337685,52.32,14.59,27.85,65.89349999999999,67.57587019519686,64.21112980480312,0.0511,0.5227,0.6199999999999903,0.62,0.939821130817038,,42033.2,1.04,-1813373,66.26,65.46,68.96,71.42,63.0,59.5,62.34,68.76499999999999,5.5025,4.2368,False,False
2026-06-08 01:45:00,65.98,66.28,65.88,66.19,29589.251,65.968,65.294,63.64585,,66.09190426316422,65.79828127132198,65.40782774229244,0.2936229918422413,0.3531184634336496,-0.05949547159140833,32.80258682701089,54.42,24.36,21.03,65.968,67.55722159032668,64.37877840967333,0.0482,0.5698,0.4000000000000057,0.61,0.9215893639522587,,42858.53,0.69,-1783784,66.25,65.46,68.96,71.42,63.0,59.5,62.34,68.76499999999999,5.8166,3.8903,False,False
2026-06-08 02:00:00,66.19,66.47,66.06,66.45,21025.308,66.047,65.3362,63.65554999999999,,66.14699591498511,65.84655673270554,65.4486972425947,0.30043918227957533,0.3425826072028348,-0.042143424923259454,32.10552572706783,56.83,44.37,27.77,66.047,67.56174298671161,64.53225701328839,0.0459,0.633,0.4099999999999966,0.59,0.8878856282919487,,43080.5,0.49,-1762759,66.25,65.46,68.96,71.42,63.0,59.5,62.34,68.76499999999999,6.1851,3.4838,False,False
2026-06-08 02:15:00,66.45,66.65,66.2,66.51,27622.796,66.1435,65.3796,63.6658,,66.2028426972951,65.89570067843106,65.49031695857138,0.3071420188640417,0.33549448953507616,-0.02835247067103447,31.72751413120229,57.39,55.83,41.52,66.1435,67.5026525997754,64.7843474002246,0.0411,0.6348,0.45000000000000284,0.58,0.8720493158923469,,43997.53,0.63,-1735136,66.27,65.46,68.96,71.42,63.0,59.5,62.34,68.76499999999999,6.2697,3.3905,False,False
2026-06-08 02:30:00,66.5,66.58,66.12,66.4,32875.06,66.246,65.4182,63.674850000000006,,66.23317459001893,65.93305618373246,65.5259908033333,0.30011840628647235,0.3284192728853554,-0.028300866598883034,31.168997949036196,55.95,59.32,53.17,66.246,67.3135776811388,65.1784223188612,0.0322,0.5721,0.45999999999999375,0.57,0.8584337349397588,,44785.89,0.73,-1768011,66.28,65.46,68.96,71.42,63.0,59.5,62.34,68.76499999999999,6.1145,3.5617,False,False
2026-06-08 02:45:00,66.41,66.48,66.21,66.46,12669.326,66.3375,65.4478,63.68375,,66.2680708069391,65.97208905901154,65.56261861496729,0.2959817479275557,0.3219317678937955,-0.0259500199662398,30.650375779881966,56.59,58.78,57.98,66.3375,67.08872006026856,65.58627993973145,0.0226,0.5815,0.27000000000001023,0.55,0.8275654529040025,,45013.21,0.28,-1755342,66.28,65.46,68.96,71.42,63.0,59.5,62.34,68.76499999999999,6.1992,3.4683,False,False
2026-06-08 03:00:00,66.46,66.75,66.24,66.56,23534.047,66.3,65.4828,63.69469999999999,,66.31298299048693,66.01563801760328,65.60173161045877,0.2973449728836499,0.3170144088917664,-0.019669436008116492,30.616048590214728,57.69,59.46,59.19,66.3,66.90805124437995,65.69194875562005,0.0183,0.7138,0.5100000000000051,0.55,0.8263221153846154,,39330.97,0.6,-1731808,66.29,65.46,68.96,71.42,63.0,59.5,62.34,68.76499999999999,6.3401,3.3128,False,False
2026-06-08 03:15:00,66.57,66.61,66.27,66.27,22193.014,66.30049999999999,65.5098,63.703900000000004,,66.3063702227197,66.03447964592895,65.6279382139702,0.2718905767907529,0.3079896424715637,-0.03609906568081078,30.584173342666574,53.46,53.83,57.36,66.30049999999999,66.90842918562885,65.69257081437112,0.0183,0.4749,0.3400000000000034,0.53,0.7997585634525427,,35798.7,0.62,-1754001,66.3,65.46,68.96,71.42,63.0,59.5,62.34,68.76499999999999,5.9303,3.7649,False,False
2026-06-08 03:30:00,66.27,66.44,66.2,66.28,20594.2,66.2985,65.5372,63.71505,,66.30231326537822,66.0526663388231,65.65350926440274,0.24964692655511556,0.2963210992882741,-0.04667417273315855,30.33007683918697,53.59,47.03,53.44,66.2985,66.90642225957498,65.69057774042503,0.0183,0.4848,0.23999999999999488,0.51,0.7694628847314424,,34731.03,0.59,-1733406,66.3,65.46,68.96,71.42,63.0,59.5,62.34,68.76499999999999,5.9445,3.7492,False,False
2026-06-08 03:45:00,66.28,66.43,66.18,66.37,8499.956,66.3255,65.5652,63.72765,,66.31272660916619,66.07617253594732,65.68160694030853,0.23655407321886912,0.2843676940743931,-0.047813620855523986,30.027218723780297,54.78,40.45,47.1,66.3255,66.89239273096732,65.7586072690327,0.0171,0.5392,0.25,0.49,0.7382853698960373,,32812.5,0.26,-1724906,66.3,65.46,68.96,71.42,63.0,59.5,62.34,68.76499999999999,6.072,3.6086,False,False
2026-06-08 04:00:00,66.37,66.42,65.81,65.95,30584.319,66.31649999999999,65.58139999999999,63.739450000000005,,66.25692251544831,66.06682642217345,65.69213215833565,0.19009609327486032,0.2655133739144866,-0.07541728063962627,28.59225435246853,48.53,29.39,38.96,66.31649999999999,66.90187527324686,65.73112472675312,0.0177,0.187,0.6099999999999994,0.5,0.7581501137225171,,32487.06,0.94,-1755491,66.28,65.46,68.96,71.42,63.0,59.5,62.34,68.76499999999999,5.4738,4.2684,False,False
2026-06-08 04:15:00,65.96,65.97,65.58,65.76,16582.467,66.2865,65.5968,63.75065000000001,,66.18047289768703,66.04409853904949,65.6947936423225,0.13637435863753922,0.2396855708590971,-0.1033112122215579,26.639558683097462,45.98,16.71,28.85,66.2865,66.92185402481186,65.65114597518814,0.0192,0.0857,0.39000000000000057,0.5,0.7603406326034062,,31231.08,0.53,-1772073,66.27,65.46,68.96,71.42,63.0,59.5,62.34,68.76499999999999,5.2007,4.5696,False,False
2026-06-08 04:30:00,65.76,65.87,65.37,65.44,23801.419,66.24600000000001,65.60480000000001,63.75975,,66.06655399035056,65.9993504991199,65.68480173478044,0.06720349123065716,0.2051891549334091,-0.13798566370275195,25.168335274745104,41.97,1.34,15.81,66.24600000000001,66.98582643768474,65.50617356231528,0.0223,-0.0447,0.5,0.5,0.7640586797066016,,30903.15,0.77,-1795875,66.24,65.46,68.96,71.42,63.0,59.5,62.34,68.76499999999999,4.7372,5.081,False,False
2026-06-08 04:45:00,65.45,65.74,65.43,65.44,13751.241,66.193,65.6132,63.7693,,65.97016106875816,65.95791712881471,65.67520166674983,0.012243939943445525,0.1666001119354164,-0.15435617199197088,23.80219925270363,41.97,0.0,6.02,66.193,67.00460270291008,65.38139729708992,0.0245,0.0361,0.30999999999998806,0.48,0.7334963325183375,,28847.18,0.48,-1795875,66.22,65.46,68.96,71.42,63.0,59.5,62.34,68.76499999999999,4.7372,5.081,False,False
2026-06-08 05:00:00,65.44,65.65,65.16,65.18,18019.271,66.1415,65.61319999999999,63.7789,,65.84859782741076,65.9002936377914,65.65578199354395,-0.05169581038065019,0.12294092747220309,-0.17463673785285327,23.184848080347837,38.79,0.0,0.45,66.1415,67.07075040532249,65.2122495946775,0.0281,-0.0174,0.4900000000000091,0.48,0.736422215403498,,27790.15,0.65,-1813894,66.19,65.46,68.96,71.42,63.0,59.5,62.34,68.76499999999999,4.3572,5.5002,False,False
2026-06-08 05:15:00,65.18,65.52,65.09,65.43,25567.06,66.08500000000001,65.6188,63.790749999999996,,65.78419816165525,65.86545707202909,65.6469277977187,-0.08125891037383326,0.08210095990299582,-0.16335987027682908,22.771438499735662,43.25,7.86,2.62,66.08500000000001,67.0440455781949,65.12595442180512,0.029,0.1585,0.4299999999999926,0.48,0.7336084364970196,,27517.28,0.93,-1788327,66.16,65.46,68.96,71.42,63.0,59.5,62.34,68.76499999999999,4.7226,5.0971,False,False
2026-06-08 05:30:00,65.43,65.44,64.98,65.11,17488.375,66.0005,65.6114,63.801950000000005,,65.68047536755444,65.80949728891582,65.6258718056513,-0.12902192136138524,0.03987638365011961,-0.16889830501150485,22.639676129077266,39.3,8.77,5.54,66.0005,66.99156481810564,65.00943518189436,0.03,0.0507,0.45999999999999375,0.48,0.7372139456304715,,25431.18,0.69,-1805815,66.13,65.46,68.96,71.42,63.0,59.5,62.34,68.76499999999999,4.2543,5.6136,False,False
2026-06-08 05:45:00,65.12,65.34,65.06,65.34,17971.621,65.932,65.60900000000001,63.814449999999994,,65.62809454177683,65.7747197119591,65.61466114660615,-0.1466251701822614,0.0025760728836434106,-0.14920124306590482,22.51732535632304,43.3,16.74,11.12,65.932,66.90581723131324,64.95818276868677,0.0295,0.196,0.28000000000000114,0.46,0.7040097949188858,,24644.27,0.73,-1787844,66.11,65.46,68.96,71.42,63.0,59.5,62.34,68.76499999999999,4.5914,5.2418,False,False
2026-06-08 06:00:00,65.33,65.69,65.27,65.56,31798.035,65.9105,65.6114,63.83375,,65.61761845842655,65.75881454811027,65.61251757222945,-0.14119608968371722,-0.026178359629828715,-0.1150177300538885,21.22722851943167,46.91,23.2,16.24,65.9105,66.89781907070156,64.92318092929844,0.03,0.3225,0.4200000000000017,0.46,0.701647345942648,,24601.37,1.29,-1756046,66.08,65.46,68.96,71.42,63.0,59.5,62.34,68.76499999999999,4.9115,4.8887,False,False
2026-06-08 06:15:00,65.56,65.89,65.48,65.77,29715.045,65.922,65.6204,63.856500000000004,,65.64106177251477,65.7596431001021,65.61869335371065,-0.11858132758732154,-0.04465895322132728,-0.07392237436599426,19.9697299364963,50.17,42.37,27.44,65.922,66.89642236600511,64.94757763399488,0.0296,0.422,0.4099999999999966,0.46,0.699407024479246,,23380.42,1.27,-1726331,66.06,65.46,68.96,71.42,63.0,59.5,62.34,68.76499999999999,5.2151,4.5537,False,False
2026-06-08 06:30:00,65.77,65.85,65.59,65.75,22844.679,65.911,65.6246,63.882250000000006,,65.6578214998202,65.75892879639083,65.6238426339573,-0.10110729657063189,-0.0559486218911882,-0.04515867467944369,18.80205268091346,49.86,57.48,41.02,65.911,66.88810420712508,64.93389579287492,0.0296,0.4176,0.2599999999999909,0.44,0.6692015209125476,,22336.32,1.02,-1749175,66.05,65.46,68.96,71.42,63.0,59.5,62.34,68.76499999999999,5.1863,4.5856,False,False
2026-06-08 06:45:00,65.76,65.78,65.61,65.68,8089.356,65.88550000000001,65.6296,63.90625,,65.66123357677094,65.75308221888041,65.62604488360603,-0.09184864210946841,-0.06312862593484425,-0.028720016174624163,17.717780943586533,48.71,63.84,54.56,65.88550000000001,66.85855757930051,64.9124424206995,0.0295,0.3944,0.1700000000000017,0.42,0.6394640682095005,,21261.33,0.38,-1757265,66.05,65.46,68.96,71.42,63.0,59.5,62.34,68.76499999999999,5.0853,4.697,False,False
2026-06-08 07:00:00,65.68,65.89,65.38,65.7,18530.514,65.848,65.63780000000001,63.931400000000004,,65.6671976418831,65.74915020266704,65.62894508424893,-0.08195256078393243,-0.06689341290466189,-0.01505914787927054,16.933462956719577,49.07,65.19,62.17,65.848,66.78665749596934,64.90934250403066,0.0285,0.4212,0.5100000000000051,0.43,0.654490106544901,,21136.59,0.88,-1738734,66.04,65.46,68.96,71.42,63.0,59.5,62.34,68.76499999999999,5.1142,4.6651,False,False
2026-06-08 07:15:00,65.69,66.05,65.55,65.97,26957.735,65.821,65.6582,63.95054999999999,,65.71378262005493,65.76550944691392,65.6423197868274,-0.05172682685899588,-0.0638600956955287,0.012133268836532818,15.773927736979582,53.8,75.45,68.16,65.821,66.70918916904148,64.93281083095852,0.027,0.5839,0.5,0.43,0.6518114294376232,,21103.34,1.28,-1711776,66.03,65.46,68.96,71.42,63.0,59.5,62.34,68.76499999999999,5.5025,4.2368,False,False
2026-06-08 07:30:00,65.98,66.11,65.9,65.97,19267.707,65.7995,65.6908,63.9687,,65.75320067850802,65.78065689529068,65.65516999126555,-0.027456216782653087,-0.05657931991295358,0.02912310313030049,14.891342683841222,53.8,88.1,76.25,65.7995,66.64863516375097,64.95036483624902,0.0258,0.6004,0.20999999999999375,0.42,0.6366530241018644,,20422.97,0.94,-1711776,66.03,65.46,68.96,71.42,63.0,59.5,62.34,68.76499999999999,5.5025,4.2368,False,False
2026-06-08 07:45:00,65.97,66.23,65.94,66.11,17726.885,65.78200000000001,65.732,63.986149999999995,,65.80809288181447,65.8050526808247,65.67300646219631,0.0030402009897727567,-0.04465541573240831,0.04769561672218107,14.455835275268438,56.24,100.0,87.85,65.78200000000001,66.58710476598586,64.97689523401417,0.0245,0.7037,0.29000000000000625,0.41,0.6201784903947966,,20675.85,0.86,-1694049,66.03,65.46,68.96,71.42,63.0,59.5,62.34,68.76499999999999,5.7026,4.016,False,False
2026-06-08 08:00:00,66.1,66.11,65.78,65.95,18992.029,65.75150000000001,65.7752,64.0008,,65.82992474615071,65.81578951928213,65.68386895387489,0.014135226868575046,-0.03289728721221164,0.04703251408078669,13.476251372649434,52.81,93.44,93.85,65.75150000000001,66.47454254806921,65.0284574519308,0.022,0.6373,0.3299999999999983,0.4,0.6065200909780136,,20448.75,0.93,-1713041,66.03,65.46,68.96,71.42,63.0,59.5,62.34,68.76499999999999,5.4738,4.2684,False,False
2026-06-08 08:15:00,65.94,65.99,65.52,65.74,17222.474,65.72500000000001,65.81099999999999,64.0144,,65.81609016981983,65.8101754808168,65.68607017136999,0.005914689003034823,-0.02513489196916235,0.031049580972197174,13.285870195956068,48.61,78.85,90.76,65.72500000000001,66.40563437901518,65.04436562098483,0.0207,0.511,0.46999999999999886,0.41,0.6236689990873137,,20200.22,0.85,-1730264,66.03,65.46,68.96,71.42,63.0,59.5,62.34,68.76499999999999,5.1719,4.6015,False,False
2026-06-08 08:30:00,65.75,65.88,65.57,65.69,30824.832,65.6955,65.839,64.02955,,65.79669168215524,65.80127359334888,65.68622428229666,-0.004581911193639598,-0.021024295814057802,0.016442384620418204,13.1090876747408,47.64,61.92,78.07,65.6955,66.32399779131421,65.06700220868578,0.0191,0.4956,0.3100000000000023,0.4,0.6089206880803776,,20711.75,1.49,-1761089,66.02,65.46,68.96,71.42,63.0,59.5,62.34,68.76499999999999,5.0997,4.6811,False,False
2026-06-08 08:45:00,65.69,65.71,65.45,65.63,16063.999,65.6585,65.8616,64.0466,,65.77104680797751,65.78858666050822,65.6840194084811,-0.017539852530703115,-0.020327407157386866,0.002787554626683751,13.313365531872762,46.44,49.19,63.32,65.6585,66.20105826755001,65.11594173245,0.0165,0.4737,0.2599999999999909,0.39,0.5942404388237088,,21089.95,0.76,-1777153,66.01,65.46,68.96,71.42,63.0,59.5,62.34,68.76499999999999,5.013,4.7768,False,False
2026-06-08 09:00:00,65.63,65.89,65.6,65.87,16586.954,65.6545,65.888,64.06125,,65.78627037598098,65.79461727824835,65.69131276501126,-0.008346902267376777,-0.01793130617938485,0.009584403912008072,12.795307297333208,51.68,52.01,54.37,65.6545,66.18913120589659,65.11986879410341,0.0163,0.7015,0.29000000000000625,0.38,0.5768938818885684,,20390.08,0.81,-1760566,66.01,65.46,68.96,71.42,63.0,59.5,62.34,68.76499999999999,5.359,4.395,False,False
2026-06-08 09:15:00,65.86,66.17,65.8,66.03,21216.943,65.66799999999999,65.91460000000001,64.07809999999999,,65.82376724121467,65.81205303541515,65.70459461736377,0.011714205799520983,-0.012002203783603681,0.023716409583124664,12.397016439600584,54.85,64.2,55.13,65.66799999999999,66.22693131110088,65.1090686888991,0.017,0.8238,0.37000000000000455,0.38,0.5754959866727245,,20621.81,1.03,-1739349,66.01,65.46,68.96,71.42,63.0,59.5,62.34,68.76499999999999,5.5884,4.1421,False,False
2026-06-08 09:30:00,66.02,66.21,65.78,66.16,40294.813,65.704,65.9404,64.09395,,65.87549535795087,65.83782688464366,65.72245365197696,0.037668473307206796,-0.002068068365441587,0.03973654167264838,12.152421972468497,57.3,83.49,66.57,65.704,66.29303668012183,65.11496331987816,0.0179,0.8871,0.4299999999999926,0.39,0.5894800483675937,,21446.48,1.88,-1699054,66.01,65.46,68.96,71.42,63.0,59.5,62.34,68.76499999999999,5.7739,3.9374,False,False
2026-06-08 09:45:00,66.16,66.39,66.1,66.38,23655.472,65.751,65.9764,64.11195,,65.95311145672765,65.87798785615153,65.74823978327198,0.07512360057612,0.01337026542287073,0.06175333515324927,12.470830236059582,61.14,95.26,80.98,65.751,66.39845331065361,65.1035466893464,0.0197,0.9857,0.29000000000000625,0.38,0.5724615848147032,,21941.69,1.08,-1675399,66.01,65.46,68.96,71.42,63.0,59.5,62.34,68.76499999999999,6.0862,3.5929,False,False
2026-06-08 10:00:00,66.37,66.44,66.17,66.25,22880.138,65.8045,66.01440000000001,64.1284,,65.99878661723109,65.90554431125142,65.76791665451623,0.09324230597967187,0.02934467353423096,0.06389763244544092,12.912335462641114,57.83,92.49,90.41,65.8045,66.42974016438528,65.17925983561473,0.019,0.8563,0.269999999999996,0.37,0.5584905660377358,,22184.73,1.03,-1698279,66.02,65.46,68.96,71.42,63.0,59.5,62.34,68.76499999999999,5.9019,3.7962,False,False
2026-06-08 10:15:00,66.24,66.25,65.81,65.93,21421.094,65.8295,66.0404,64.1413,,65.98820406073399,65.90735584375132,65.77427286414304,0.0808482169826732,0.039645382223919404,0.04120283475875379,12.010020097990296,50.57,68.51,85.42,65.8295,66.43123346084239,65.2277665391576,0.0183,0.5835,0.4399999999999977,0.38,0.5763688760806917,,21977.44,0.97,-1719700,66.02,65.46,68.96,71.42,63.0,59.5,62.34,68.76499999999999,5.4452,4.3,False,False
2026-06-08 10:30:00,65.93,66.47,65.88,66.16,41819.48,65.882,66.0174,64.15555,,66.01463420523645,65.92607022569567,65.78939941849038,0.08856397954077977,0.04942910168729148,0.03913487785348829,11.812847393689339,54.95,54.47,71.82,65.882,66.3962843776115,65.36771562238852,0.0156,0.7703,0.5900000000000034,0.39,0.5894800483675937,,23193.99,1.8,-1677880,66.02,65.46,68.96,71.42,63.0,59.5,62.34,68.76499999999999,5.7739,3.9374,False,False
2026-06-08 10:45:00,66.16,66.22,66.04,66.21,18417.412,65.9255,66.01639999999999,64.1707,,66.04469048135391,65.94710206082932,65.80589355894173,0.0975884205245876,0.0590609654547507,0.0385274550698369,11.629758453981307,55.86,50.0,57.66,65.9255,66.3916815774572,65.4593184225428,0.0141,0.8051,0.1799999999999926,0.38,0.5739314302975382,,23216.28,0.79,-1659463,66.03,65.46,68.96,71.42,63.0,59.5,62.34,68.76499999999999,5.845,3.8589,False,False
2026-06-08 11:00:00,66.21,66.54,66.04,66.47,43889.162,65.971,66.0194,64.18705,,66.11012271499177,65.98583524150864,65.83193694878716,0.12428747348313607,0.07210626706042778,0.05218120642270829,12.355320790804052,60.37,72.23,58.9,65.971,66.4638499291206,65.47815007087941,0.0149,1.0062,0.5,0.39,0.5867308560252746,,23820.84,1.84,-1615574,66.04,65.46,68.96,71.42,63.0,59.5,62.34,68.76499999999999,6.2133,3.4527,False,False
2026-06-08 11:15:00,66.48,66.93,66.47,66.82,65161.392,66.0235,66.0392,64.20345,,66.21933460499304,66.04762522361911,65.87068451942297,0.17170938137392966,0.09202688992312816,0.0796824914508015,13.886597706599023,65.49,86.28,69.5,66.0235,66.63549501202168,65.41150498797832,0.0185,1.1507,0.46000000000000796,0.39,0.5836575875486383,,25593.15,2.55,-1550412,66.08,65.46,68.96,71.42,63.0,59.5,62.34,68.76499999999999,6.7046,2.9108,False,False
2026-06-08 11:30:00,66.81,67.06,66.69,66.85,59423.258,66.07849999999999,66.0536,64.22155000000001,,66.31636005037872,66.10706039223992,65.90908904807304,0.20929965813880358,0.11548144356626325,0.09381821457254033,15.555471340858459,65.89,98.25,85.59,66.07849999999999,66.77840300080003,65.37859699919996,0.0212,1.0511,0.37000000000000455,0.39,0.5833956619296934,,27422.08,2.17,-1490989,66.11,65.46,68.96,71.42,63.0,59.5,62.34,68.76499999999999,6.7464,2.8646,False,False
2026-06-08 11:45:00,66.85,66.88,66.59,66.68,49406.224,66.1285,66.06,64.2414,,66.37230465801277,66.1495003631851,65.9393208501094,0.22280429482766806,0.1369460138185442,0.08585828100912385,16.69859299504174,61.48,92.43,92.32,66.1285,66.85104739418578,65.40595260581422,0.0219,0.8816,0.28999999999999204,0.38,0.5698860227954409,,29487.93,1.68,-1540395,66.14,65.46,68.96,71.42,63.0,59.5,62.34,68.76499999999999,6.5087,3.1269,False,False
2026-06-08 12:00:00,66.69,66.92,65.99,66.02,87514.507,66.1445,66.0554,64.2617,,66.31810394139542,66.1399077436899,65.9424847383404,0.17819619770551753,0.14519605059593887,0.03300014710957866,15.77420035504642,48.02,61.82,84.17,66.1445,66.84079016939963,65.44820983060036,0.0211,0.4106,0.9300000000000068,0.42,0.6361708573159649,,32937.13,2.66,-1627910,66.15,65.46,68.96,71.42,63.0,59.5,62.34,68.76499999999999,5.5741,4.1578,False,False
2026-06-08 12:15:00,66.02,66.46,66.01,66.46,31994.282,66.16900000000001,66.0546,64.2847,,66.33993410425767,66.16361828119435,65.96277945448391,0.1763158230633195,0.151420005089415,0.0248958179739045,14.915835760765052,55.08,41.65,65.3,66.16900000000001,66.87386728874264,65.46413271125738,0.0213,0.7064,0.44999999999998863,0.42,0.6319590731266927,,33188.95,0.96,-1595916,66.15,65.46,68.96,71.42,63.0,59.5,62.34,68.76499999999999,6.1992,3.4683,False,False
2026-06-08 12:30:00,66.46,67.25,66.46,67.09,59878.597,66.225,66.07220000000001,64.31240000000001,,66.45532885744879,66.23223914925401,66.00698418175905,0.22308970819477736,0.1657539457104875,0.05733576248428987,15.795964504952785,62.86,43.55,49.01,66.225,67.03362456320166,65.41637543679833,0.0244,1.0349,0.7900000000000063,0.45,0.6707407959457445,,35219.5,1.7,-1536037,66.18,65.46,68.96,71.42,63.0,59.5,62.34,68.76499999999999,7.08,2.4966,False,False
2026-06-08 12:45:00,67.09,67.32,66.88,67.26,45466.709,66.2825,66.0862,64.3395,,66.57912441784129,66.30836958264261,66.0561220569842,0.27075483519867305,0.1867541236081246,0.08400071159054845,16.731470886441578,64.64,71.83,52.34,66.2825,67.21131078465247,65.35368921534753,0.028,1.0262,0.4399999999999977,0.45,0.6690454950936663,,36606.49,1.24,-1490570,66.21,65.46,68.96,71.42,63.0,59.5,62.34,68.76499999999999,7.3149,2.2376,False,False
2026-06-08 13:00:00,67.26,67.29,66.85,66.89,35723.755,66.3295,66.088,64.3638,,66.62695143048109,66.35145331726167,66.08882315278873,0.2754981132194132,0.20450292153038235,0.07099519168903085,17.50448596479992,58.11,77.48,64.29,66.3295,67.28229036187754,65.37670963812245,0.0287,0.7941,0.44000000000001194,0.45,0.6727462998953506,,37443.07,0.95,-1526294,66.23,65.46,68.96,71.42,63.0,59.5,62.34,68.76499999999999,6.8022,2.8031,False,False
2026-06-08 13:15:00,66.9,67.14,66.8,66.84,33394.508,66.38449999999999,66.0906,64.38650000000001,,66.659728133484,66.38764196042747,66.11828106836565,0.27208617305652183,0.21801957183561027,0.05406660122091156,18.055467037394948,57.27,67.06,72.12,66.38449999999999,67.32086418915897,65.44813581084101,0.0282,0.7432,0.3400000000000034,0.44,0.6582884500299222,,38251.68,0.87,-1559689,66.24,65.46,68.96,71.42,63.0,59.5,62.34,68.76499999999999,6.7325,2.88,False,False
2026-06-08 13:30:00,66.83,67.0,66.53,66.59,49352.116,66.4295,66.1026,64.4073,,66.64900072833261,66.40263144484025,66.13677984999838,0.24636928349235632,0.22368951416695948,0.022679769325396837,17.706386083959906,53.13,45.6,63.38,66.4295,67.31018095663012,65.54881904336989,0.0265,0.5911,0.46999999999999886,0.44,0.6607598738549331,,39178.04,1.26,-1609041,66.25,65.46,68.96,71.42,63.0,59.5,62.34,68.76499999999999,6.3823,3.2663,False,False
2026-06-08 13:45:00,66.6,66.98,66.42,66.78,33349.465,66.487,66.1274,64.4289,,66.66915446243529,66.43058467114838,66.16200416960629,0.23856979128690625,0.22666556959094886,0.011904221695957395,17.054773568168482,55.75,41.19,51.28,66.487,67.29506721971717,65.67893278028282,0.0243,0.6813,0.5600000000000023,0.45,0.6738544474393532,,40042.31,0.83,-1575691,66.26,65.46,68.96,71.42,63.0,59.5,62.34,68.76499999999999,6.6487,2.9724,False,False
2026-06-08 14:00:00,66.78,66.91,66.45,66.85,50154.159,66.536,66.145,64.44995,,66.69697685282985,66.46165247328554,66.18898439824919,0.23532437954430918,0.22839733158162095,0.006927047962688226,16.449704803505018,56.71,40.14,42.31,66.536,67.30441326600398,65.76758673399603,0.0231,0.7043,0.45999999999999375,0.45,0.6731488406881079,,41720.67,1.2,-1525537,66.28,65.46,68.96,71.42,63.0,59.5,62.34,68.76499999999999,6.7464,2.8646,False,False
2026-06-08 14:15:00,66.85,66.96,66.58,66.8,108284.121,66.5745,66.1572,64.47285000000001,,66.7128265677791,66.48671525304216,66.21294579439629,0.22611131473694002,0.22794012821268478,-0.0018288134757447616,16.024387069225508,55.78,45.08,42.14,66.5745,67.31273331071898,65.83626668928102,0.0222,0.6527,0.37999999999999545,0.45,0.6736526946107785,,46074.03,2.35,-1633821,66.31,65.46,68.96,71.42,63.0,59.5,62.34,68.76499999999999,6.6766,2.9416,False,False
2026-06-08 14:30:00,66.8,67.07,66.72,66.88,84685.326,66.6105,66.1658,64.49425000000001,,66.73854555735156,66.51584745652052,66.23910478285134,0.22269810083103891,0.2268917227363556,-0.004193621905316691,15.93121196652052,56.99,47.4,44.21,66.6105,67.33369393919382,65.88730606080618,0.0217,0.6863,0.3499999999999943,0.44,0.6578947368421053,,48293.56,1.75,-1549136,66.33,65.46,68.96,71.42,63.0,59.5,62.34,68.76499999999999,6.7883,2.8185,False,False
2026-06-08 14:45:00,66.89,67.31,66.84,67.28,72551.297,66.65549999999999,66.1812,64.51605,,66.82184624083592,66.57245134863011,66.27992420313169,0.2493948922058138,0.23139235663024726,0.018002535575566525,16.452818125265498,62.54,58.28,50.25,66.65549999999999,67.42858609175536,65.88241390824462,0.0232,0.9039,0.46999999999999886,0.44,0.6539833531510106,,50738.35,1.43,-1476585,66.36,65.46,68.96,71.42,63.0,59.5,62.34,68.76499999999999,7.3424,2.2072,False,False
2026-06-08 15:00:00,67.28,67.8,67.22,67.77,73797.996,66.7315,66.2086,64.54105,,66.96771604993809,66.661158656139,66.33835854810691,0.3065573937990962,0.24642536406401705,0.06013202973507914,17.924133839689596,67.99,77.15,60.94,66.7315,67.62605134300138,65.83694865699862,0.0268,1.0805,0.5799999999999983,0.45,0.6640106241699867,,53284.24,1.38,-1402787,66.4,65.46,68.96,71.42,63.0,59.5,62.34,68.76499999999999,8.0124,1.4682,False,False
2026-06-08 15:15:00,67.78,67.82,67.39,67.43,67734.267,66.8065,66.22800000000001,64.56545,,67.03883665763992,66.71810986679536,66.3811680168086,0.32072679084456013,0.26128564942012567,0.05944114142443446,19.325650747011327,61.32,82.62,72.68,66.8065,67.66906105809953,65.94393894190047,0.0258,0.8614,0.4299999999999926,0.45,0.6673587423995254,,55599.9,1.22,-1470521,66.44,65.46,68.96,71.42,63.0,59.5,62.34,68.76499999999999,7.5486,1.9798,False,False
2026-06-08 15:30:00,67.43,67.46,67.17,67.39,33536.967,66.868,66.2446,64.58965,,67.09286178723377,66.767879506292,66.42073005536513,0.32498228094176795,0.27402497572445417,0.050957305217313786,19.79119552502744,60.57,72.24,77.34,66.868,67.7116661849223,66.0243338150777,0.0252,0.8094,0.28999999999999204,0.44,0.6529158628876688,,55185.78,0.61,-1504058,66.45,65.46,68.96,71.42,63.0,59.5,62.34,68.76499999999999,7.4937,2.0404,False,False
2026-06-08 15:45:00,67.4,67.56,67.06,67.18,29311.078,66.9165,66.26280000000001,64.6133,,67.10626766612089,66.79840695027038,66.45050534731159,0.30786071585050934,0.2807921237496652,0.027068592100844113,19.8297367815949,56.64,46.79,67.22,66.9165,67.71098824972415,66.12201175027585,0.0237,0.6658,0.5,0.44,0.6549568323905923,,55730.46,0.53,-1533369,66.46,65.46,68.96,71.42,63.0,59.5,62.34,68.76499999999999,7.2045,2.3593,False,False
2026-06-08 16:00:00,67.19,67.46,67.01,67.39,28584.224,66.9625,66.285,64.63635000000001,,67.14991879440998,66.84222865765776,66.487348274868,0.3076901367522282,0.28617172635017785,0.02151841040205038,19.685092256782518,59.47,38.82,52.62,66.9625,67.75466890809332,66.17033109190669,0.0237,0.7698,0.44999999999998863,0.44,0.6529158628876688,,54965.21,0.52,-1504785,66.47,65.46,68.96,71.42,63.0,59.5,62.34,68.76499999999999,7.4937,2.0404,False,False
2026-06-08 16:15:00,67.39,67.75,67.39,67.52,35245.207,66.9975,66.308,64.66069999999999,,67.20685436450076,66.8924339422757,66.52784442095161,0.31442042222505506,0.2918214655251533,0.02259895669990175,20.231374149598373,61.16,40.15,41.92,66.9975,67.82425968633561,66.1707403136644,0.0247,0.816,0.35999999999999943,0.44,0.6516587677725119,,53469.4,0.66,-1469539,66.49,65.46,68.96,71.42,63.0,59.5,62.34,68.76499999999999,7.6718,1.8439,False,False
2026-06-08 16:30:00,67.51,67.54,67.07,67.21,36356.647,67.0155,66.3332,64.68265000000001,,67.20733830842372,66.91595735395899,66.55459562012999,0.2913809544647279,0.2917333633130682,-0.00035240884834031316,19.637424331205402,55.25,37.01,38.66,67.0155,67.84441114373791,66.18658885626209,0.0247,0.6173,0.4700000000000131,0.44,0.6546644844517185,,52316.07,0.69,-1505896,66.5,65.46,68.96,71.42,63.0,59.5,62.34,68.76499999999999,7.2459,2.3136,False,False
2026-06-08 16:45:00,67.22,67.23,66.9,66.96,39070.395,67.0295,66.3572,64.7058,,67.1692862609739,66.91921977218425,66.57049383110528,0.2500664887896562,0.2833999884083858,-0.03333349961872961,18.568032024333483,50.97,22.78,33.31,67.0295,67.84388320218578,66.21511679781422,0.0243,0.4573,0.3299999999999983,0.43,0.6421744324970131,,51799.28,0.75,-1544966,66.51,65.46,68.96,71.42,63.0,59.5,62.34,68.76499999999999,6.8996,2.6956,False,False
2026-06-08 17:00:00,66.95,67.03,66.56,66.69,76991.533,67.063,66.3822,64.73095,,67.09554991313176,66.90224052980024,66.57518034753252,0.19330938333152403,0.2653818673930135,-0.07207248406148947,17.82388288187658,46.75,4.75,21.51,67.063,67.74726218428646,66.37873781571355,0.0204,0.2274,0.46999999999999886,0.43,0.6447743289848553,,51273.13,1.5,-1621958,66.52,65.46,68.96,71.42,63.0,59.5,62.34,68.76499999999999,6.5227,3.1114,False,False
2026-06-08 17:15:00,66.69,67.15,66.68,67.14,22036.74,67.09700000000001,66.4162,64.75845,,67.10238838803457,66.91985234240762,66.59733013782537,0.18253604562694647,0.2488127030398001,-0.06627665741285363,16.789351262904017,53.63,10.8,12.78,67.09700000000001,67.7199336367478,66.47406636325222,0.0186,0.5345,0.46999999999999886,0.44,0.655347036044087,,50775.26,0.43,-1599921,66.52,65.46,68.96,71.42,63.0,59.5,62.34,68.76499999999999,7.1492,2.4203,False,False
2026-06-08 17:30:00,67.13,67.14,66.71,66.95,27014.205,67.09,66.4516,64.78245,,67.07894402064464,66.92208550222928,66.61116032849888,0.1568585184153619,0.23042186611491247,-0.07356334769955056,15.828714759572348,50.66,16.93,10.83,67.09,67.71640158634119,66.46359841365881,0.0187,0.3883,0.4300000000000068,0.44,0.6572068707991038,,49132.04,0.55,-1626935,66.53,65.46,68.96,71.42,63.0,59.5,62.34,68.76499999999999,6.8857,2.711,False,False
2026-06-08 17:45:00,66.95,67.39,66.95,67.38,21266.957,67.096,66.4906,64.80919999999999,,67.12526032516085,66.95600509465675,66.64131090385187,0.16925523050410618,0.21818853899275123,-0.04893330848864505,15.175666894087534,56.54,32.29,20.01,67.096,67.7314906931301,66.46050930686991,0.0189,0.7234,0.4399999999999977,0.44,0.6530127634312853,,47922.05,0.44,-1605668,66.53,65.46,68.96,71.42,63.0,59.5,62.34,68.76499999999999,7.48,2.0555,False,False
2026-06-08 18:00:00,67.38,67.6,67.38,67.46,24188.661,67.1245,66.5376,64.83665,,67.17675873667457,66.9933380506081,66.67341635860278,0.18342068606646933,0.21123496840749487,-0.027814282341025537,15.107069457673582,57.55,38.44,29.22,67.1245,67.77210205454813,66.47689794545187,0.0193,0.759,0.21999999999999886,0.42,0.6225911651348948,,47345.29,0.51,-1581480,66.54,65.46,68.96,71.42,63.0,59.5,62.34,68.76499999999999,7.5897,1.9345,False,False
2026-06-08 18:15:00,67.46,67.54,67.38,67.53,19123.575,67.159,66.58139999999999,64.8665,,67.23110354641695,67.03309078760009,66.70700787395168,0.19801275881685854,0.20859052648936763,-0.010577767672509092,15.04337183814634,58.46,50.69,40.47,67.159,67.81623183444874,66.50176816555127,0.0196,0.7822,0.1600000000000108,0.4,0.5923293351103214,,46631.75,0.41,-1562356,66.55,65.46,68.96,71.42,63.0,59.5,62.34,68.76499999999999,7.6855,1.8288,False,False
2026-06-08 18:30:00,67.52,67.62,67.23,67.33,13150.269,67.196,66.6168,64.89395,,67.24631838542972,67.05508406259267,66.73143893771828,0.19123432283704744,0.20511928575890362,-0.013884962921856175,14.473080089756232,54.83,53.82,47.65,67.196,67.79947764097787,66.59252235902213,0.018,0.611,0.39000000000000057,0.4,0.5940888162780336,,44821.65,0.29,-1575507,66.55,65.46,68.96,71.42,63.0,59.5,62.34,68.76499999999999,7.4113,2.1313,False,False
2026-06-08 18:45:00,67.33,67.54,67.16,67.43,26488.767,67.2285,66.65,64.92044999999999,,67.27457709536361,67.08285561351173,66.7588334891803,0.19172148185188576,0.20243972497750004,-0.010718243125614285,13.710085886341398,56.29,58.94,54.48,67.2285,67.80714724278377,66.64985275721622,0.0172,0.6741,0.38000000000000966,0.4,0.5932077710218003,,44478.62,0.6,-1549018,66.56,65.46,68.96,71.42,63.0,59.5,62.34,68.76499999999999,7.5486,1.9798,False,False
2026-06-08 19:00:00,67.43,67.71,67.38,67.53,18889.299,67.2625,66.68560000000001,64.9484,,67.31387292684613,67.11597741991827,66.78907531313402,0.19789550692786406,0.20153088136757286,-0.003635374439708794,13.50967855452607,57.76,66.03,59.6,67.2625,67.8272495951884,66.6977504048116,0.0168,0.7368,0.3299999999999983,0.4,0.5923293351103214,,42915.38,0.44,-1530128,66.57,65.46,68.96,71.42,63.0,59.5,62.34,68.76499999999999,7.6855,1.8288,False,False
2026-06-08 19:15:00,67.54,67.82,67.43,67.64,27632.959,67.3045,66.7248,64.97745,,67.36404632271595,67.15479390733172,66.82244490869739,0.20925241538422767,0.2030751881709038,0.006177227213323866,13.635396296642046,59.38,76.76,67.24,67.3045,67.84900267023868,66.75999732976133,0.0162,0.8081,0.38999999999998636,0.39,0.576581904198699,,38882.82,0.71,-1502495,66.58,65.46,68.96,71.42,63.0,59.5,62.34,68.76499999999999,7.8356,1.6632,False,False
2026-06-08 19:30:00,67.64,67.73,67.44,67.57,33076.927,67.339,66.76219999999999,65.0057,,67.39573150383657,67.18554991419605,66.85176079463083,0.21018158964052702,0.20449646846482847,0.005685121175698554,13.752134200035453,57.86,80.39,74.39,67.339,67.85704897147316,66.82095102852684,0.0154,0.723,0.29000000000000625,0.39,0.5771792215480244,,36302.4,0.91,-1535572,66.59,65.46,68.96,71.42,63.0,59.5,62.34,68.76499999999999,7.7401,1.7685,False,False
2026-06-08 19:45:00,67.56,67.6,67.28,67.46,42038.008,67.348,66.792,65.03484999999999,,67.4056189647848,67.20587955018152,66.87561331248844,0.19973941460327183,0.20354505769251716,-0.003805643089245331,13.23195926245837,55.46,77.9,78.35,67.348,67.86798380541804,66.82801619458196,0.0154,0.6077,0.3199999999999932,0.38,0.563296768455381,,34776.73,1.21,-1577610,66.61,65.46,68.96,71.42,63.0,59.5,62.34,68.76499999999999,7.5897,1.9345,False,False
2026-06-08 20:00:00,67.46,67.53,67.03,67.09,36062.878,67.314,66.81439999999999,65.06255,,67.35706220097175,67.19729587979771,66.88402063356732,0.15976632117404677,0.19478931038882308,-0.03502298921477631,12.690434469023195,48.21,52.54,70.28,67.314,67.80597346954804,66.82202653045195,0.0146,0.2723,0.5,0.39,0.5813086898196452,,32889.98,1.1,-1613673,66.61,65.46,68.96,71.42,63.0,59.5,62.34,68.76499999999999,7.08,2.4966,False,False
2026-06-08 20:15:00,67.1,67.2,66.94,67.02,23348.942,67.2935,66.8326,65.08745,,67.30520647774533,67.18416285166454,66.88935315774114,0.121043626080791,0.18004017352721668,-0.058996547446425684,12.472448560322773,46.96,27.39,52.61,67.2935,67.7991012574957,66.78789874250428,0.015,0.2295,0.2600000000000051,0.38,0.5669949268874963,,30670.71,0.76,-1637022,66.62,65.46,68.96,71.42,63.0,59.5,62.34,68.76499999999999,6.983,2.6037,False,False
2026-06-08 20:30:00,67.03,67.4,66.97,67.32,12035.447,67.28999999999999,66.86,65.115,,67.30748240424604,67.19422486265235,66.90624126920227,0.11325754159369694,0.16668364714051273,-0.05342610554681579,11.612496899413731,52.63,19.62,33.18,67.28999999999999,67.79375432609054,66.78624567390945,0.015,0.5298,0.4300000000000068,0.39,0.5793226381461677,,29595.64,0.41,-1624987,66.62,65.46,68.96,71.42,63.0,59.5,62.34,68.76499999999999,7.3975,2.1465,False,False
2026-06-08 20:45:00,67.31,67.48,67.24,67.48,12209.573,67.30499999999999,66.8948,65.14375,,67.33402357282358,67.21539339134476,66.92874161158649,0.11863018147882087,0.15707295400817436,-0.03844277252935349,11.084689296218226,55.37,38.34,28.45,67.30499999999999,67.81281264676338,66.79718735323661,0.0151,0.6723,0.2400000000000091,0.37,0.5483106105512744,,28740.56,0.42,-1612777,66.62,65.46,68.96,71.42,63.0,59.5,62.34,68.76499999999999,7.6171,1.9043,False,False
2026-06-08 21:00:00,67.48,68.17,67.42,67.94,59362.115,67.3325,66.9398,65.1731,,67.42725071546612,67.26906795494885,66.96839880328898,0.15818276051726343,0.15729491530999218,0.0008878452072712539,12.38159292575113,62.15,71.12,43.03,67.3325,67.91392746300733,66.75107253699267,0.0173,1.0224,0.75,0.4,0.588754783632617,,30279.46,1.96,-1553415,66.65,65.46,68.96,71.42,63.0,59.5,62.34,68.76499999999999,8.2426,1.2143,False,False
2026-06-08 21:15:00,67.93,68.05,67.71,67.8,21487.897,67.34649999999999,66.9832,65.2032,,67.48459675924056,67.30839625458228,67.00101061492471,0.17620050465828285,0.16107603317965033,0.015124471478632523,13.585860581745969,59.21,82.77,64.08,67.34649999999999,67.95956048469708,66.7334395153029,0.0182,0.8699,0.3400000000000034,0.4,0.5899705014749264,,29591.59,0.73,-1574903,66.66,65.46,68.96,71.42,63.0,59.5,62.34,68.76499999999999,8.0531,1.4233,False,False
2026-06-08 21:30:00,67.81,67.92,67.73,67.89,16605.6,67.3805,67.0236,65.23375,,67.54696648858817,67.3514780135021,67.03587294375119,0.1954884750860657,0.1679585215609334,0.027529953525132295,14.704109119455463,60.5,89.91,81.27,67.3805,68.0356649049162,66.72533509508379,0.0194,0.8888,0.18999999999999773,0.38,0.5597289733392252,,28604.04,0.58,-1558297,66.66,65.46,68.96,71.42,63.0,59.5,62.34,68.76499999999999,8.175,1.2888,False,False
2026-06-08 21:45:00,67.9,67.94,67.48,67.48,12882.428,67.40650000000001,67.0526,65.26295,,67.5366639518823,67.3609981606501,67.05328969105506,0.1756657912322055,0.16949997549518786,0.0061658157370176325,14.766614129198793,52.34,68.37,80.35,67.40650000000001,68.03200274516809,66.78099725483193,0.0186,0.5588,0.45999999999999375,0.39,0.5779490219324245,,27294.64,0.47,-1571180,66.67,65.46,68.96,71.42,63.0,59.5,62.34,68.76499999999999,7.6171,1.9043,False,False
2026-06-08 22:00:00,67.48,67.48,67.02,67.06,26553.893,67.425,67.0706,65.29015,,67.4633310362081,67.33870200060194,67.05355284042544,0.12462903560616212,0.16052578751738272,-0.035896751911220603,14.028863599317493,45.56,41.51,66.6,67.425,67.97908530599364,66.87091469400636,0.0164,0.1706,0.46000000000000796,0.39,0.5815687444079928,,24772.76,1.07,-1597734,66.67,65.46,68.96,71.42,63.0,59.5,62.34,68.76499999999999,7.0385,2.5425,False,False
2026-06-08 22:15:00,67.06,67.24,66.84,67.09,19933.199,67.42249999999999,67.0848,65.31805,,67.40589549217609,67.32027963018697,67.0549821408009,0.08561586198911186,0.14554380241172857,-0.059927940422616705,13.808098748030663,46.09,12.88,40.92,67.42249999999999,67.98242010708498,66.862579892915,0.0166,0.2031,0.3999999999999915,0.39,0.5813086898196452,,24667.58,0.81,-1577801,66.68,65.46,68.96,71.42,63.0,59.5,62.34,68.76499999999999,7.08,2.4966,False,False
2026-06-08 22:30:00,67.08,67.19,66.94,67.06,13397.015,67.42800000000001,67.101,65.34455,,67.35268080107207,67.30099965758053,67.05517891959302,0.05168114349153541,0.12677127062768995,-0.07509012713615454,13.60310281469289,45.61,1.18,18.52,67.42800000000001,67.97026037637998,66.88573962362004,0.0161,0.1607,0.25,0.38,0.5666567253206084,,23986.72,0.56,-1591198,66.68,65.46,68.96,71.42,63.0,59.5,62.34,68.76499999999999,7.0385,2.5425,False,False
2026-06-08 22:45:00,67.06,67.21,66.91,67.2,9073.723,67.419,67.1264,65.37135,,67.32919144706098,67.29351820146346,67.0608581776482,0.03567324559752194,0.10855166562165634,-0.0728784200241344,13.495303972949175,48.34,6.77,6.94,67.419,67.97051084352766,66.86748915647233,0.0164,0.3015,0.29999999999999716,0.38,0.5654761904761905,,23377.06,0.39,-1582124,66.68,65.46,68.96,71.42,63.0,59.5,62.34,68.76499999999999,7.2321,2.3289,False,False
2026-06-08 23:00:00,67.2,67.42,67.15,67.38,13829.881,67.41499999999999,67.1508,65.3976,,67.33700814751313,67.29992426061432,67.07337354323063,0.037083886898813034,0.09425810987708769,-0.05717422297827465,12.681728080128407,51.7,18.03,8.66,67.41499999999999,67.96641922155199,66.863580778448,0.0164,0.4683,0.269999999999996,0.37,0.5491243692490354,,22859.12,0.61,-1568294,66.68,65.46,68.96,71.42,63.0,59.5,62.34,68.76499999999999,7.48,2.0555,False,False
2026-06-08 23:15:00,67.39,67.41,66.67,66.82,26584.216,67.3795,67.163,65.42105000000001,,67.2574684325111,67.26437431538363,67.06343732584904,-0.006905882872530356,0.07402531132716408,-0.08093119419969444,13.1841368970271,42.45,17.92,14.24,67.3795,67.98819057042851,66.77080942957147,0.0181,0.0404,0.7399999999999949,0.4,0.598623166716552,,23232.15,1.14,-1594878,66.68,65.46,68.96,71.42,63.0,59.5,62.34,68.76499999999999,6.7046,2.9108,False,False
2026-06-08 23:30:00,66.82,66.94,66.65,66.87,13979.538,67.35650000000001,67.17099999999999,65.44495,,67.19785790443247,67.23516140313299,67.05585154836477,-0.037303498700524074,0.05175954932162645,-0.08906304802215052,13.696578213273332,43.43,13.98,16.64,67.35650000000001,68.00643198024845,66.70656801975157,0.0193,0.1257,0.28999999999999204,0.39,0.5832211754149843,,23273.62,0.6,-1580899,66.69,65.46,68.96,71.42,63.0,59.5,62.34,68.76499999999999,6.7743,2.8339,False,False
2026-06-08 23:45:00,66.86,66.86,66.66,66.82,15569.989,67.326,67.171,65.4695,,67.13972591913516,67.20440870660462,67.04660246803675,-0.0646827874694651,0.028471081963408147,-0.09315386943287324,14.172416578359119,42.65,1.98,11.29,67.326,68.01734194449115,66.63465805550884,0.0205,0.134,0.21000000000000796,0.38,0.5686920083807244,,22727.68,0.69,-1596469,66.69,65.46,68.96,71.42,63.0,59.5,62.34,68.76499999999999,6.7046,2.9108,False,False
2026-06-09 00:00:00,66.82,66.86,66.55,66.57,17317.183,67.27799999999999,67.1654,65.4939,,67.05207577772975,67.15741546907836,67.02791217517257,-0.10533969134860399,0.0017089273010057193,-0.10704861864960971,14.890704169110421,38.9,1.98,5.98,67.27799999999999,68.03945566965147,66.51654433034851,0.0226,0.0351,0.3100000000000023,0.37,0.5558059185819438,,22649.07,0.76,-1613786,66.66,66.66,68.33,69.85,65.14,63.47,62.34,68.76499999999999,6.3542,3.2973,False,False
2026-06-09 00:15:00,66.57,66.89,65.85,65.93,99768.348,67.1925,67.1504,65.51594999999999,,66.8794487350021,67.06649580470219,66.98485679575404,-0.18704706970008544,-0.03604227209921251,-0.15100479760087293,16.90980553837963,31.32,0.33,1.43,67.1925,68.14328637813358,66.24171362186641,0.0283,-0.1639,1.0400000000000063,0.42,0.6370392840891854,,26255.84,3.8,-1713554,66.29,66.66,68.33,69.85,65.14,63.47,62.34,68.76499999999999,5.4452,4.3,False,False
2026-06-09 00:30:00,65.94,66.0,65.47,65.79,58361.285,67.1035,67.1458,65.5365,,66.71184123730947,66.97194055990943,66.93799966650879,-0.26009932259995594,-0.0808536821993612,-0.17924564040059474,19.302105588150432,29.95,0.0,0.77,67.1035,68.22365553431428,65.98334446568572,0.0334,-0.0863,0.5300000000000011,0.43,0.65359477124183,,27520.06,2.12,-1771915,66.11,66.66,68.33,69.85,65.14,63.47,62.34,68.76499999999999,5.244,4.522,False,False
2026-06-09 00:45:00,65.78,65.78,65.29,65.42,73618.749,67.0015,67.125,65.55495,,66.51309643156955,66.85698199991614,66.87847026782217,-0.3438855683465931,-0.1334600594288076,-0.21042550891778553,21.73977860378495,26.62,0.0,0.11,67.0015,68.33598629974712,65.66701370025287,0.0398,-0.0926,0.5,0.43,0.6572913482115561,,29099.09,2.53,-1845534,65.93,66.66,68.33,69.85,65.14,63.47,62.34,68.76499999999999,4.708,5.1131,False,False
2026-06-09 01:00:00,65.41,65.67,65.39,65.59,44224.505,66.9265,67.095,65.57265000000001,,66.37108159594347,66.76313148140383,66.82794202202523,-0.39204988546036645,-0.1851780246351194,-0.20687186082524706,24.003332118302712,30.44,4.95,1.65,66.9265,68.40127420216476,65.45172579783525,0.0441,0.0469,0.28000000000000114,0.42,0.6403415154749199,,29507.18,1.5,-1801310,65.87,66.66,68.33,69.85,65.14,63.47,62.34,68.76499999999999,4.955,4.8407,False,False
2026-06-09 01:15:00,65.58,66.0,65.52,65.88,24213.441,66.8695,67.06739999999999,65.5922,,66.29553058118293,66.69771433463318,66.79076782508305,-0.40218375345024526,-0.22857917039814457,-0.1736045830521007,24.846225756687886,36.52,18.11,7.69,66.8695,68.41546214292934,65.32353785707066,0.0462,0.18,0.480000000000004,0.43,0.652701882210079,,29550.4,0.82,-1777096,65.87,66.66,68.33,69.85,65.14,63.47,62.34,68.76499999999999,5.3734,4.3792,False,False
2026-06-09 01:30:00,65.89,66.07,65.77,65.85,16970.831,66.796,67.04660000000001,65.6107,,66.22698741484709,66.6349206802159,66.75387496919744,-0.40793326536881125,-0.26444998939227793,-0.14348327597653332,25.380862355963163,36.17,30.8,17.95,66.796,68.3907862420704,65.20121375792961,0.0478,0.2034,0.29999999999999716,0.42,0.6378132118451025,,29797.17,0.57,-1794067,65.87,66.66,68.33,69.85,65.14,63.47,62.34,68.76499999999999,5.3303,4.4267,False,False
2026-06-09 01:45:00,65.86,66.08,65.76,65.99,14479.298,66.7215,67.0296,65.62965,,66.19052781256292,66.58714877797769,66.72391908805245,-0.396620965414769,-0.2908841845967761,-0.10573678081799287,25.84027060079255,39.12,42.46,30.46,66.7215,68.32095089261817,65.12204910738184,0.0479,0.2713,0.3199999999999932,0.41,0.6213062585240188,,29910.66,0.48,-1779588,65.87,66.66,68.33,69.85,65.14,63.47,62.34,68.76499999999999,5.5311,4.2052,False,False
2026-06-09 02:00:00,65.99,66.08,65.86,65.87,8004.908,66.61800000000001,67.0152,65.6488,,66.14121584139939,66.53402664627563,66.69043206499157,-0.3928108048762482,-0.31126950865267056,-0.08154129622357764,26.266863970991267,37.52,43.78,39.01,66.61800000000001,68.15201571391191,65.08398428608811,0.0461,0.2562,0.21999999999999886,0.4,0.6072567177774404,,27342.8,0.29,-1787593,65.87,66.66,68.33,69.85,65.14,63.47,62.34,68.76499999999999,5.359,4.395,False,False
2026-06-09 02:15:00,65.87,65.9,65.6,65.9,15389.13,66.523,66.9976,65.6669,,66.10410571195332,66.48706170951448,66.65943472910955,-0.3829559975611545,-0.32560680643436735,-0.05734919112678716,27.177682945598015,38.2,46.48,44.24,66.523,67.98231635039447,65.06368364960552,0.0439,0.2865,0.30000000000001137,0.39,0.5918057663125948,,27037.86,0.57,-1772204,65.87,66.66,68.33,69.85,65.14,63.47,62.34,68.76499999999999,5.4021,4.3475,False,False
2026-06-09 02:30:00,65.9,65.97,65.53,65.73,18077.572,66.41499999999999,66.9752,65.68415,,66.04655098703742,66.43098306436525,66.62298630836015,-0.3844320773278298,-0.33737186061305985,-0.047060216714769953,28.023443422018566,35.82,48.11,46.12,66.41499999999999,67.76387867660989,65.06612132339009,0.0406,0.2461,0.4399999999999977,0.39,0.5933363760839799,,27111.46,0.67,-1790281,65.86,66.66,68.33,69.85,65.14,63.47,62.34,68.76499999999999,5.1575,4.6174,False,False
2026-06-09 02:45:00,65.74,65.92,65.65,65.91,11377.941,66.3365,66.95739999999999,65.70315,,66.02554314287781,66.39239172626412,66.59502606097348,-0.36684858338631443,-0.34326720516771075,-0.023581378218603677,28.80879243583765,40.07,60.31,51.63,66.3365,67.60473997397231,65.06826002602769,0.0382,0.3319,0.269999999999996,0.38,0.576543771810044,,27036.23,0.42,-1778903,65.86,66.66,68.33,69.85,65.14,63.47,62.34,68.76499999999999,5.4165,4.3317,False,False
2026-06-09 03:00:00,65.92,66.02,65.79,65.98,16841.045,66.2825,66.93939999999999,65.71745,,66.01853650551199,66.3618441909853,66.5709073919157,-0.3433076854733059,-0.34327530122882977,-3.238424447615795e-05,29.058317629213064,41.69,76.27,61.56,66.2825,67.51242297576643,65.05257702423357,0.0371,0.377,0.22999999999998977,0.37,0.5607759927250682,,26550.59,0.63,-1762062,65.87,66.66,68.33,69.85,65.14,63.47,62.34,68.76499999999999,5.5168,4.221,False,False
2026-06-09 03:15:00,65.99,66.1,65.85,65.9,13946.578,66.223,66.9118,65.72815,,66.0003001200486,66.32763351017157,66.54459729811508,-0.32733339012295914,-0.34008691900765564,0.012753528884696497,28.91240059604376,40.35,88.4,74.99,66.223,67.40254674613522,65.04345325386478,0.0356,0.3631,0.25,0.36,0.5462822458270106,,26251.26,0.53,-1776009,65.87,66.66,68.33,69.85,65.14,63.47,62.34,68.76499999999999,5.4021,4.3475,False,False
2026-06-09 03:30:00,65.9,65.96,65.68,65.88,11346.473,66.164,66.874,65.73955,,65.98179240927189,66.29447547238108,66.51853465897331,-0.3126830631091906,-0.33460614782796266,0.02192308471877208,29.21368303342046,40.0,91.31,85.33,66.164,67.28380073415448,65.04419926584552,0.0338,0.3732,0.2799999999999869,0.36,0.546448087431694,,26148.73,0.43,-1787355,65.87,66.66,68.33,69.85,65.14,63.47,62.34,68.76499999999999,5.3734,4.3792,False,False
2026-06-09 03:45:00,65.88,66.06,65.79,66.01,13070.679,66.1045,66.84559999999999,65.75125,,65.98613203861467,66.27340321516766,66.4985921233273,-0.2872711765529914,-0.3251391535729684,0.03786797701997702,29.014173092375387,43.41,93.29,91.0,66.1045,67.11350106932407,65.09549893067593,0.0305,0.4532,0.269999999999996,0.35,0.530222693531283,,26348.58,0.5,-1774285,65.87,66.66,68.33,69.85,65.14,63.47,62.34,68.76499999999999,5.5598,4.1736,False,False
2026-06-09 04:00:00,66.01,66.22,65.83,66.13,14588.282,66.042,66.8204,65.7637,,66.00826557113548,66.26278075478487,66.48413753025564,-0.25451518364938863,-0.31101435958825246,0.05649917593886383,28.107373850763967,46.43,96.26,93.62,66.042,66.85395281169748,65.23004718830252,0.0246,0.5542,0.39000000000000057,0.35,0.5292605474066233,,26386.5,0.55,-1759696,65.88,66.66,68.33,69.85,65.14,63.47,62.34,68.76499999999999,5.7311,3.9846,False,False
2026-06-09 04:15:00,66.12,66.22,65.96,65.97,16717.005,65.9995,66.7962,65.7774,,66.00237856019156,66.24109329146748,66.46397527416718,-0.2387147312759197,-0.29655443392578595,0.057839702649866265,27.265345983553363,43.12,93.11,94.22,65.9995,66.72429325546,65.27470674454,0.022,0.4796,0.2600000000000051,0.35,0.5305441867515537,,25893.14,0.65,-1776413,65.88,66.66,68.33,69.85,65.14,63.47,62.34,68.76499999999999,5.5025,4.2368,False,False
2026-06-09 04:30:00,65.97,67.32,65.89,67.07,112237.307,66.00949999999999,66.7898,65.79625,,66.16662801246979,66.30249378839582,66.48774094969004,-0.13586577592603533,-0.26441670232583586,0.12855092639980054,27.385570206484985,62.76,93.11,94.16,66.00949999999999,66.78836489606232,65.23063510393766,0.0236,1.1808,1.4299999999999926,0.43,0.6411212166393321,,30806.03,3.64,-1664176,66.05,66.66,68.33,69.85,65.14,63.47,62.34,68.76499999999999,7.0523,2.5272,False,False
2026-06-09 04:45:00,67.07,67.41,66.99,67.02,37490.915,66.0195,66.7798,65.81360000000001,,66.29791601055136,66.3556423966628,66.50861385362376,-0.05772638611144032,-0.22307863908295678,0.16535225297151646,27.66546393519762,61.72,91.82,92.68,66.0195,66.8458674472637,65.19313255273629,0.025,1.1054,0.4200000000000017,0.42,0.6266786034019696,,31902.07,1.18,-1701667,66.11,66.66,68.33,69.85,65.14,63.47,62.34,68.76499999999999,6.983,2.6037,False,False
2026-06-09 05:00:00,67.02,67.18,66.7,67.05,102906.108,66.04350000000001,66.7766,65.83045,,66.4136212396973,66.4070762932063,66.52984468289341,0.006544946491004566,-0.1771539219681645,0.18369886845916908,26.95769884950641,62.12,97.92,94.28,66.04350000000001,66.96013629933881,65.1268637006612,0.0278,1.049,0.480000000000004,0.43,0.6413124533929903,,36181.52,2.84,-1598761,66.23,66.66,68.33,69.85,65.14,63.47,62.34,68.76499999999999,7.0246,2.5578,False,False
2026-06-09 05:15:00,67.05,67.18,66.94,67.06,114885.967,66.1,66.7786,65.84554999999999,,66.51306412589773,66.45544101222805,66.55063508748583,0.05762311366967765,-0.13019851484059608,0.18782162851027373,26.300488412793143,62.27,97.31,95.68,66.1,67.12058806577501,65.07941193422498,0.0309,0.9703,0.2400000000000091,0.42,0.6263048016701461,,36937.4,3.11,-1483875,66.34,66.66,68.33,69.85,65.14,63.47,62.34,68.76499999999999,7.0385,2.5425,False,False
2026-06-09 05:30:00,67.06,67.39,67.04,67.19,38673.869,66.17,66.7886,65.86265,,66.61720810652885,66.50985278910005,66.57570822130992,0.107355317428798,-0.08268774838671727,0.19004306581551528,26.158656061777332,64.17,98.6,97.94,66.17,67.288419938081,65.051580061919,0.0338,0.956,0.3499999999999943,0.41,0.6102098526566453,,35953.03,1.08,-1445201,66.38,66.66,68.33,69.85,65.14,63.47,62.34,68.76499999999999,7.2183,2.3441,False,False
2026-06-09 05:45:00,67.18,67.35,67.11,67.18,19850.867,66.258,66.7894,65.87935,,66.70379147475518,66.55949332324079,66.59940593812131,0.1442981515143913,-0.037290568406495556,0.18158871992088685,26.026954592976935,63.91,99.08,98.33,66.258,67.4045573183286,65.11144268167139,0.0346,0.9021,0.23999999999999488,0.4,0.5954153021732659,,33264.64,0.6,-1465052,66.4,66.66,68.33,69.85,65.14,63.47,62.34,68.76499999999999,7.2045,2.3593,False,False
2026-06-09 06:00:00,67.19,67.31,67.11,67.23,27245.973,66.34,66.795,65.89755,,66.78474663248515,66.60916048448222,66.62413511701851,0.17558614800293526,0.005284774875390606,0.17030137312754465,25.904660371947994,64.7,99.69,99.12,66.34,67.51950926459504,65.16049073540496,0.0356,0.8773,0.20000000000000284,0.38,0.5652238583965491,,32415.71,0.84,-1437806,66.42,66.66,68.33,69.85,65.14,63.47,62.34,68.76499999999999,7.2735,2.2832,False,False
2026-06-09 06:15:00,67.23,67.47,67.23,67.29,19743.119,66.4105,66.7932,65.917,,66.86247791979513,66.65959304118724,66.65024746537073,0.20288487860788962,0.04480479562189041,0.1580800829859992,26.172386684557914,65.67,99.69,99.49,66.4105,67.64166504515983,65.17933495484017,0.0371,0.8572,0.23999999999999488,0.37,0.5498588200326943,,32192.19,0.61,-1418063,66.44,66.66,68.33,69.85,65.14,63.47,62.34,68.76499999999999,7.3562,2.192,False,False
2026-06-09 06:30:00,67.3,67.36,67.18,67.24,15366.875,66.47999999999999,66.7888,65.9333,,66.92055823982665,66.70258614924744,66.67337501574835,0.21797209057920952,0.07943825461335424,0.13853383596585528,26.206271873439754,64.09,97.94,99.11,66.47999999999999,67.7346502972635,65.22534970273648,0.0377,0.8029,0.1799999999999926,0.36,0.5353955978584176,,32112.0,0.48,-1433430,66.45,66.66,68.33,69.85,65.14,63.47,62.34,68.76499999999999,7.2873,2.268,False,False
2026-06-09 06:45:00,67.25,67.34,66.98,67.05,16719.013,66.533,66.7792,65.94805000000001,,66.9404723567764,66.72832050856245,66.68814462297391,0.21215184821394928,0.10598097333347326,0.10617087488047602,25.416286195883167,58.32,88.4,95.34,66.533,67.79004917627805,65.27595082372196,0.0378,0.7056,0.35999999999999943,0.36,0.5369127516778524,,32223.98,0.52,-1450149,66.46,66.66,68.33,69.85,65.14,63.47,62.34,68.76499999999999,7.0246,2.5578,False,False
2026-06-09 07:00:00,67.06,67.34,67.01,67.02,23267.294,66.59049999999999,66.773,65.96225,,66.9527073788108,66.74992639681707,66.70115855932787,0.20278098199372607,0.12534097506552383,0.07744000692820224,24.68272806672348,57.44,76.23,87.52,66.59049999999999,67.82485855918526,65.35614144081472,0.0371,0.674,0.3299999999999983,0.36,0.5371530886302597,,32987.1,0.71,-1473416,66.48,66.66,68.33,69.85,65.14,63.47,62.34,68.76499999999999,6.983,2.6037,False,False
2026-06-09 07:15:00,67.01,67.21,66.62,66.69,48314.071,66.63,66.7582,65.97455000000001,,66.91229085899376,66.74548740446025,66.70072096876598,0.16680345453350753,0.1336334709591206,0.03316998357438694,23.239063831428286,48.75,53.27,72.63,66.63,67.82112507629164,65.43887492370835,0.0358,0.5252,0.5899999999999892,0.37,0.5548058179637128,,34633.35,1.4,-1521730,66.5,66.66,68.33,69.85,65.14,63.47,62.34,68.76499999999999,6.5227,3.1114,False,False
2026-06-09 07:30:00,66.69,66.94,66.68,66.91,12515.241,66.689,66.7458,65.98685,,66.91193841914856,66.75767352264837,66.70892798959869,0.15426489650018027,0.13775975606733254,0.01650514043284773,21.89851847008275,53.77,45.22,58.24,66.689,67.80707917994832,65.57092082005167,0.0335,0.5988,0.2599999999999909,0.37,0.5529816170975939,,34355.23,0.36,-1509215,66.5,66.66,68.33,69.85,65.14,63.47,62.34,68.76499999999999,6.8301,2.7724,False,False
2026-06-09 07:45:00,66.91,66.97,66.8,66.89,15484.556,66.738,66.7308,66.0,,66.90856327774108,66.76747548393368,66.71602885275169,0.14108779380740089,0.13842536361534621,0.002662430192054671,20.54200246022924,53.26,32.94,43.81,66.738,67.79665058099162,65.67934941900837,0.0317,0.5718,0.1700000000000017,0.35,0.5232471221408282,,34560.56,0.45,-1524699,66.5,66.66,68.33,69.85,65.14,63.47,62.34,68.76499999999999,6.8022,2.8031,False,False
2026-06-09 08:00:00,66.9,66.94,66.39,66.59,42238.401,66.76849999999999,66.7112,66.0121,,66.85955354270399,66.75432915179044,66.71108654480065,0.1052243909135484,0.13178516907498666,-0.02656077816143826,20.53464488689522,46.17,24.63,34.26,66.76849999999999,67.768737340257,65.76826265974297,0.03,0.4108,0.5499999999999972,0.37,0.5556389848325574,,35830.43,1.18,-1566938,66.51,66.66,68.33,69.85,65.14,63.47,62.34,68.76499999999999,6.3823,3.2663,False,False
2026-06-09 08:15:00,66.59,66.72,66.46,66.62,18321.545,66.8045,66.6944,66.0214,,66.82269915151876,66.74437884425042,66.70751452343592,0.07832030726834205,0.12109219671365776,-0.04277188944531571,20.527812854513627,46.93,10.19,22.59,66.8045,67.72148533536011,65.8875146646399,0.0275,0.3994,0.2600000000000051,0.36,0.5403782647853497,,36049.18,0.51,-1548616,66.51,66.66,68.33,69.85,65.14,63.47,62.34,68.76499999999999,6.4245,3.2198,False,False
2026-06-09 08:30:00,66.61,66.79,66.52,66.72,20282.856,66.84649999999999,66.687,66.0304,,66.80689928205433,66.74257300393558,66.70800414996783,0.06432627811875591,0.10973901299467739,-0.045412734875921484,20.224504946008448,49.49,6.98,13.93,66.84649999999999,67.65582135313106,66.03717864686892,0.0242,0.4218,0.27000000000001023,0.35,0.5245803357314148,,36496.0,0.56,-1528333,66.51,66.66,68.33,69.85,65.14,63.47,62.34,68.76499999999999,6.5647,3.065,False,False
2026-06-09 08:45:00,66.71,66.78,66.57,66.6,17100.606,66.876,66.6786,66.03915,,66.77506862327674,66.73201204068108,66.70376869310635,0.04305658259565348,0.09640252691487261,-0.05334594431921913,19.942861888110784,46.59,7.69,8.29,66.876,67.59489974412821,66.1571002558718,0.0215,0.308,0.21000000000000796,0.34,0.5105105105105106,,36697.49,0.47,-1545434,66.52,66.66,68.33,69.85,65.14,63.47,62.34,68.76499999999999,6.3964,3.2508,False,False
2026-06-09 09:00:00,66.6,66.72,66.5,66.71,12584.512,66.905,66.6664,66.0487,,66.76505806584954,66.73038151914915,66.70401305808257,0.034676546700396216,0.08405733087197734,-0.04938078417158112,19.911522541336986,49.51,12.11,8.93,66.905,67.53896828743717,66.27103171256283,0.019,0.3462,0.21999999999999886,0.33,0.494678459001649,,36597.3,0.34,-1532849,66.52,66.66,68.33,69.85,65.14,63.47,62.34,68.76499999999999,6.5507,3.0805,False,False
2026-06-09 09:15:00,66.72,66.83,66.41,66.42,21456.764,66.9275,66.64519999999999,66.056,,66.711972209565,66.70739029550847,66.69287529109894,0.004581914056529968,0.06816224750888786,-0.06358033345235789,19.360371198782897,42.85,6.43,8.74,66.9275,67.44253193564978,66.41246806435021,0.0154,0.0073,0.4200000000000017,0.34,0.5118940078289672,,36834.29,0.58,-1554306,66.52,66.66,68.33,69.85,65.14,63.47,62.34,68.76499999999999,6.1427,3.5306,False,False
2026-06-09 09:30:00,66.41,66.44,66.08,66.15,25443.181,66.8815,66.6094,66.0625,,66.625514946555,66.66610212547081,66.67158606399703,-0.04058717891581409,0.04641236222394747,-0.08699954113976156,19.883360430724643,37.75,5.72,8.09,66.8815,67.49740412787963,66.26559587212037,0.0184,-0.0938,0.35999999999999943,0.34,0.5139833711262283,,32494.59,0.78,-1579749,66.51,66.66,68.33,69.85,65.14,63.47,62.34,68.76499999999999,5.7596,3.9531,False,False
2026-06-09 09:45:00,66.15,66.24,66.11,66.18,9262.571,66.83950000000002,66.577,66.06875,,66.55697418554654,66.63009456062113,66.6523081791344,-0.07312037507459479,0.022505814764239022,-0.09562618983883381,20.368993288956265,38.62,1.11,4.42,66.83950000000002,67.52613864701988,66.15286135298015,0.0205,0.0198,0.12999999999999545,0.33,0.4986400725294651,,31083.17,0.3,-1570487,66.51,66.66,68.33,69.85,65.14,63.47,62.34,68.76499999999999,5.8024,3.906,False,False
2026-06-09 10:00:00,66.18,66.28,66.0,66.21,29335.694,66.79749999999999,66.5434,66.07645000000001,,66.5035935416163,66.59897644501956,66.6349627603448,-0.09538290340326228,-0.0010719288692612391,-0.09431097453400103,21.133939870321896,39.54,4.0,3.61,66.79749999999999,67.53108169638116,66.0639183036188,0.022,0.0996,0.28000000000000114,0.32,0.48331067814529527,,27404.65,1.07,-1541151,66.5,66.66,68.33,69.85,65.14,63.47,62.34,68.76499999999999,5.845,3.8589,False,False
2026-06-09 10:15:00,66.22,66.24,66.09,66.21,6548.288,66.755,66.518,66.08305,,66.45842530444456,66.57016337501811,66.61829755405677,-0.11173807057355134,-0.023205157210119263,-0.08853291336343208,21.84424741016141,39.54,7.03,4.05,66.755,67.52226445039793,65.98773554960206,0.023,0.1448,0.14999999999999147,0.31,0.4682072194532549,,21987.76,0.3,-1541151,66.5,66.66,68.33,69.85,65.14,63.47,62.34,68.76499999999999,5.845,3.8589,False,False
2026-06-09 10:30:00,66.21,66.22,66.05,66.17,10185.324,66.704,66.5002,66.0875,,66.41405218068387,66.54052164353529,66.60071725781924,-0.1264694628514178,-0.043858018338378976,-0.08261144451303883,22.625233209750853,38.65,7.79,6.27,66.704,67.48499531638342,65.92300468361657,0.0234,0.1581,0.1700000000000017,0.3,0.4533776635937736,,20563.34,0.5,-1551336,66.5,66.66,68.33,69.85,65.14,63.47,62.34,68.76499999999999,5.7881,3.9217,False,False
2026-06-09 10:45:00,66.16,66.49,66.1,66.42,22978.54,66.66600000000001,66.4868,66.08975000000001,,66.41496722980943,66.53159411438452,66.59363030653222,-0.11662688457508352,-0.058411791585719894,-0.05821509298936363,21.90861033016426,46.72,23.55,12.79,66.66600000000001,67.42306914097252,65.9089308590275,0.0227,0.3375,0.39000000000000057,0.31,0.46672688949111707,,20719.72,1.11,-1528358,66.49,66.66,68.33,69.85,65.14,63.47,62.34,68.76499999999999,6.1427,3.5306,False,False
2026-06-09 11:00:00,66.41,66.47,66.03,66.05,31226.755,66.607,66.4666,66.09,,66.35881842522336,66.49592047628195,66.57231147098194,-0.13710205105859075,-0.07414984348029408,-0.06295220757829667,21.497389197274035,38.62,22.4,17.91,66.607,67.36291979524579,65.85108020475421,0.0227,0.1316,0.4399999999999977,0.32,0.48448145344436033,,20918.76,1.49,-1559585,66.49,66.66,68.33,69.85,65.14,63.47,62.34,68.76499999999999,5.617,4.1105,False,False
2026-06-09 11:15:00,66.05,66.13,65.9,66.01,26867.962,66.54299999999999,66.44279999999999,66.0911,,66.30515405211207,66.45992636692773,66.55026004074736,-0.15477231481565923,-0.09027433774736711,-0.06449797706829212,21.566540880432616,37.86,20.84,22.26,66.54299999999999,67.27169313446254,65.81430686553745,0.0219,0.1343,0.22999999999998977,0.31,0.46962581427056505,,21275.0,1.26,-1586453,66.48,66.66,68.33,69.85,65.14,63.47,62.34,68.76499999999999,5.5598,4.1736,False,False
2026-06-09 11:30:00,66.01,66.16,65.92,66.07,18466.175,66.4845,66.4166,66.09549999999999,,66.26897650563329,66.43104293234049,66.53142631365922,-0.16206642670719873,-0.10463275553933343,-0.0574336711678653,21.47005709995921,39.78,7.93,17.06,66.4845,67.16377128136448,65.80522871863552,0.0204,0.1949,0.23999999999999488,0.31,0.46919933403965497,,21429.97,0.86,-1567986,66.47,66.66,68.33,69.85,65.14,63.47,62.34,68.76499999999999,5.6455,4.079,False,False
2026-06-09 11:45:00,66.08,66.23,65.97,66.11,24283.609,66.4375,66.4024,66.10095,,66.2445185816897,66.40726197438934,66.51489979155494,-0.1627433926996389,-0.11625488297139454,-0.04648850972824435,21.001572924316005,41.09,15.53,14.77,66.4375,67.08116957852467,65.79383042147533,0.0194,0.2456,0.2600000000000051,0.3,0.4537891393132657,,21808.2,1.11,-1543703,66.47,66.66,68.33,69.85,65.14,63.47,62.34,68.76499999999999,5.7026,4.016,False,False
2026-06-09 12:00:00,66.11,66.52,66.09,66.41,55398.614,66.407,66.39320000000001,66.10915,,66.26997726142974,66.40746479110125,66.51078607423906,-0.13748752967150324,-0.12050141231141628,-0.016986117360086955,19.786439975911218,49.89,48.56,24.01,66.407,66.98934010681243,65.82465989318756,0.0175,0.5026,0.4299999999999926,0.31,0.466797169101039,,23414.76,2.37,-1488304,66.46,66.66,68.33,69.85,65.14,63.47,62.34,68.76499999999999,6.1286,3.5462,False,False
2026-06-09 12:15:00,66.42,66.43,66.22,66.26,13396.978,66.3855,66.382,66.11555,,66.26844229813287,66.3965414732419,66.5009513262297,-0.12809917510902835,-0.1220209648709387,-0.006078210238089646,18.658102238106775,46.18,65.94,43.34,66.3855,66.95546675803548,65.8155332419645,0.0172,0.3899,0.21000000000000796,0.3,0.4527618472683368,,21668.91,0.62,-1501701,66.46,66.66,68.33,69.85,65.14,63.47,62.34,68.76499999999999,5.9161,3.7806,False,False
2026-06-09 12:30:00,66.27,66.33,66.07,66.08,15067.216,66.34400000000001,66.37219999999999,66.1225,,66.23945117534319,66.37309395670546,66.48444343108343,-0.13364278136226915,-0.1243453281692048,-0.009297453193064353,17.707483912364168,42.12,68.48,60.99,66.34400000000001,66.87252924034254,65.81547075965747,0.0159,0.2503,0.2600000000000051,0.3,0.45399515738498786,,21796.51,0.69,-1516768,66.46,66.66,68.33,69.85,65.14,63.47,62.34,68.76499999999999,5.6598,4.0633,False,False
2026-06-09 12:45:00,66.07,66.27,65.95,66.21,21317.339,66.30999999999999,66.3778,66.1302,,66.2349202252904,66.36101292287543,66.47368094358997,-0.12609269758503672,-0.12469480205237118,-0.001397895532665533,17.310302232672516,45.82,57.31,63.91,66.30999999999999,66.774214106684,65.84578589331598,0.014,0.3923,0.3199999999999932,0.3,0.4531037607612144,,22088.15,0.97,-1495451,66.45,66.66,68.33,69.85,65.14,63.47,62.34,68.76499999999999,5.845,3.8589,False,False
2026-06-09 13:00:00,66.22,66.38,66.16,66.2,31079.034,66.2905,66.38600000000001,66.13785,,66.22954788293804,66.34908603969947,66.46294835756683,-0.1195381567614362,-0.12366347299418419,0.004125316232747991,16.411175650127884,45.58,55.57,60.45,66.2905,66.73764180018871,65.84335819981128,0.0135,0.3988,0.21999999999999886,0.3,0.4531722054380664,,21530.18,1.44,-1526530,66.45,66.66,68.33,69.85,65.14,63.47,62.34,68.76499999999999,5.8308,3.8746,False,False
2026-06-09 13:15:00,66.21,66.23,65.67,65.74,60436.94,66.2465,66.3924,66.14229999999999,,66.15423282402449,66.3039685552773,66.43459744158382,-0.14973573125280382,-0.12887792464590814,-0.02085780660689568,17.216656370621084,36.15,43.56,52.15,66.2465,66.72891825050819,65.76408174949181,0.0146,-0.025,0.5600000000000023,0.32,0.48676604806814733,,23635.95,2.56,-1586967,66.43,66.66,68.33,69.85,65.14,63.47,62.34,68.76499999999999,5.1719,4.6015,False,False
2026-06-09 13:30:00,65.75,66.05,65.6,66.03,51322.806,66.212,66.4012,66.14699999999999,,66.13512008186687,66.28367458821971,66.4187308752472,-0.14855450635283773,-0.13281324098729405,-0.015741265365543683,18.149291122171373,44.01,40.47,46.53,66.212,66.64832918524557,65.77567081475443,0.0132,0.2914,0.45000000000000284,0.32,0.484628199303347,,25187.95,2.04,-1535644,66.41,66.66,68.33,69.85,65.14,63.47,62.34,68.76499999999999,5.5884,4.1421,False,False
2026-06-09 13:45:00,66.04,66.22,65.84,65.86,25587.788,66.175,66.4008,66.1511,,66.09279391542582,66.25229128538862,66.39681986053164,-0.15949736996280706,-0.13815006678239666,-0.021347303180410393,18.219526000771328,40.84,30.45,38.16,66.175,66.59809635583176,65.75190364416824,0.0128,0.1277,0.37999999999999545,0.33,0.5010628606134224,,25612.3,1.0,-1561232,66.4,66.66,68.33,69.85,65.14,63.47,62.34,68.76499999999999,5.3447,4.4109,False,False
2026-06-09 14:00:00,65.86,65.99,65.37,65.38,55794.07,66.10849999999999,66.39139999999999,66.15805,,65.98313331305262,66.18767711610057,66.35694457188335,-0.2045438030479545,-0.15142881403550823,-0.05311498901244627,19.457025694671636,33.49,30.45,33.79,66.10849999999999,66.591398049611,65.62560195038898,0.0146,-0.2543,0.6199999999999903,0.35,0.5353319057815845,,27772.78,2.01,-1617026,66.38,66.66,68.33,69.85,65.14,63.47,62.34,68.76499999999999,4.6497,5.1774,False,False
2026-06-09 14:15:00,65.37,65.48,64.73,64.77,95494.148,66.026,66.367,66.16165,,65.79649741873683,66.08266399638941,66.29471145141734,-0.2861665776525797,-0.17837636675892254,-0.10779021089365715,21.662073194694976,26.87,11.37,24.09,66.026,66.77518622518191,65.27681377481808,0.0227,-0.3382,0.75,0.38,0.5866913694611704,,31474.65,3.03,-1712520,66.31,66.66,68.33,69.85,65.14,63.47,62.34,68.76499999999999,3.7517,6.168,False,False
2026-06-09 14:30:00,64.77,65.0,64.5,64.54,84170.07,65.9455,66.3404,66.16475,,65.60319012354655,65.96839258924946,66.22589923763627,-0.3652024657029074,-0.21574158654771952,-0.14946087915518785,23.998880070106395,24.88,0.0,13.94,65.9455,66.94331814607368,64.94768185392631,0.0303,-0.2043,0.5,0.39,0.6042764177254415,,34411.0,2.45,-1796690,66.24,66.66,68.33,69.85,65.14,63.47,62.34,68.76499999999999,3.4087,6.5463,False,False
2026-06-09 14:45:00,64.53,65.08,64.39,65.08,63025.424,65.8905,66.324,66.1685,,65.52269933530862,65.90258573078654,66.18096201263093,-0.379886395477925,-0.24857054833376063,-0.1313158471441644,26.300096165792482,36.75,15.83,9.07,65.8905,66.9530584813638,64.82794151863621,0.0323,0.1186,0.6899999999999977,0.41,0.6299938537185003,,37099.14,1.7,-1733665,66.19,66.66,68.33,69.85,65.14,63.47,62.34,68.76499999999999,4.2102,5.6623,False,False
2026-06-09 15:00:00,65.08,65.31,64.82,65.2,46864.521,65.84,66.3134,66.17285,,65.47305328372268,65.85054234332087,66.14249291409638,-0.3774890595981901,-0.27435425058664653,-0.1031348090115436,27.50864354357455,39.06,34.73,16.85,65.84,66.93415672888794,64.74584327111207,0.0332,0.2075,0.4900000000000091,0.41,0.6288343558282208,,37975.58,1.23,-1686800,66.17,66.66,68.33,69.85,65.14,63.47,62.34,68.76499999999999,4.3865,5.4678,False,False
2026-06-09 15:15:00,65.19,65.29,64.67,64.67,38310.306,65.763,66.2886,66.1743,,65.34950662468842,65.76309476233413,66.08474809393574,-0.4135881376457178,-0.3022010279984608,-0.11138710964725695,28.85476111228251,33.29,45.93,32.16,65.763,66.95948784277029,64.56651215722972,0.0364,0.0432,0.6200000000000045,0.43,0.6649141796814597,,39563.68,0.97,-1725111,66.14,66.66,68.33,69.85,65.14,63.47,62.34,68.76499999999999,3.6029,6.3321,False,False
2026-06-09 15:30:00,64.67,64.83,64.45,64.68,45847.634,65.6885,66.2626,66.176,,65.24650560550558,65.68286552067975,66.02965993338924,-0.4363599151741795,-0.3290328054336046,-0.10732710974057491,30.412047448183326,33.49,43.58,41.41,65.6885,66.96139599360225,64.41560400639776,0.0388,0.1039,0.37999999999999545,0.43,0.6648113790970933,,41346.8,1.11,-1679263,66.11,66.66,68.33,69.85,65.14,63.47,62.34,68.76499999999999,3.6178,6.3157,False,False
2026-06-09 15:45:00,64.68,64.75,64.26,64.33,44331.597,65.58399999999999,66.2312,66.17595,,65.10550474312011,65.58265325988866,65.96300660266809,-0.4771485167685512,-0.35865594770059395,-0.11849256906795724,32.1027545148964,30.09,32.98,40.83,65.58399999999999,66.94420741452494,64.22379258547504,0.0415,0.039,0.4899999999999949,0.43,0.6684284159801026,,42414.45,1.05,-1723595,66.08,66.66,68.33,69.85,65.14,63.47,62.34,68.76499999999999,3.0934,6.8941,False,False
2026-06-09 16:00:00,64.33,64.5,63.97,64.01,57576.303,65.482,66.1938,66.17365000000001,,64.93696555187086,65.46616042582284,65.88641810844581,-0.5291948739519796,-0.39276373295087114,-0.13643114100110848,34.008601312322696,27.36,25.72,34.09,65.482,66.9927000816987,63.9712999183013,0.0461,0.0128,0.5300000000000011,0.44,0.6873925949070457,,43731.93,1.32,-1781171,66.03,66.66,68.33,69.85,65.14,63.47,62.34,68.76499999999999,2.609,7.4285,False,False
2026-06-09 16:15:00,64.02,64.21,63.83,64.1,43320.559,65.3865,66.1556,66.16924999999999,,64.8082016208138,65.36496335724337,65.8163624963499,-0.5567617364295643,-0.4255633336466098,-0.13119840278295447,35.92714167756133,29.3,19.38,26.03,65.3865,66.99498114037738,63.77801885962262,0.0492,0.1001,0.37999999999999545,0.43,0.670826833073323,,44554.56,0.97,-1737850,65.99,66.66,68.33,69.85,65.14,63.47,62.34,68.76499999999999,2.7457,7.2777,False,False
2026-06-09 16:30:00,64.1,64.38,63.54,64.13,74420.497,65.2895,66.1156,66.16585,,64.70386290991937,65.27348459004016,65.75023063374793,-0.5696216801207896,-0.4543750029414458,-0.11524667717934384,37.99191085267164,29.98,19.96,21.69,65.2895,66.95731893501734,63.621681064982674,0.0511,0.1524,0.8399999999999963,0.46,0.7172929985966008,,47352.27,1.57,-1663430,65.93,66.66,68.33,69.85,65.14,63.47,62.34,68.76499999999999,2.7912,7.2275,False,False
2026-06-09 16:45:00,64.12,64.33,63.85,64.14,56249.219,65.191,66.079,66.16194999999999,,64.61711476993177,65.1895227685557,65.68708433438526,-0.5724079986239303,-0.4779816020779427,-0.09442639654598761,39.90919651527407,30.22,25.31,21.55,65.191,66.88723608088839,63.49476391911161,0.052,0.1902,0.4799999999999969,0.46,0.7171811661989398,,48950.55,1.15,-1607181,65.89,66.66,68.33,69.85,65.14,63.47,62.34,68.76499999999999,2.8064,7.2108,False,False
2026-06-09 17:00:00,64.15,64.66,64.09,64.55,55123.686,65.098,66.02860000000001,66.16015,,64.60678942071151,65.14215071162565,65.64249279186035,-0.535361290914139,-0.489457539845182,-0.045903751068957,40.30059592042109,39.33,48.37,31.21,65.098,66.7149314668295,63.4810685331705,0.0497,0.3305,0.5699999999999932,0.47,0.7281177381874516,,48936.81,1.13,-1552057,65.85,66.66,68.33,69.85,65.14,63.47,62.34,68.76499999999999,3.4237,6.5298,False,False
2026-06-09 17:15:00,64.55,65.15,64.55,64.96,74781.019,65.033,65.9874,66.1601,,64.66112950983282,65.12865806632004,65.61572836865014,-0.467528556487224,-0.48507174317359036,0.01754318668636634,39.015936831682524,46.82,72.82,48.83,65.033,66.5549807039382,63.5110192960618,0.0468,0.476,0.6000000000000085,0.48,0.7389162561576356,,52006.01,1.44,-1477276,65.83,66.66,68.33,69.85,65.14,63.47,62.34,68.76499999999999,4.0333,5.8575,False,False
2026-06-09 17:30:00,64.96,65.17,64.87,64.91,47954.26,64.97449999999999,65.9446,66.15894999999999,,64.69941727755085,65.11246117251855,65.58805274635013,-0.4130438949677,-0.47066617353241236,0.05762227856471236,37.762514278271716,46.07,95.72,72.3,64.97449999999999,66.41478469408041,63.534215305919574,0.0443,0.4776,0.29999999999999716,0.47,0.7240794946849485,,53650.36,0.89,-1525230,65.81,66.66,68.33,69.85,65.14,63.47,62.34,68.76499999999999,3.9593,5.939,False,False
2026-06-09 17:45:00,64.92,65.02,64.75,64.79,22880.25,64.90350000000001,65.89920000000001,66.15795,,64.71335308100457,65.0885751597394,65.55675656021876,-0.3752220787348364,-0.4515773545728972,0.07635527583806084,36.83895708471614,44.25,94.96,87.83,64.90350000000001,66.2222118914433,63.58478810855673,0.0406,0.457,0.269999999999996,0.45,0.6945516283377063,,53728.51,0.43,-1548110,65.8,66.66,68.33,69.85,65.14,63.47,62.34,68.76499999999999,3.7814,6.1352,False,False
2026-06-09 18:00:00,64.8,65.05,64.66,64.97,24444.14,64.84200000000001,65.8548,66.1576,,64.75283722238848,65.07979181457353,65.53374649903371,-0.3269545921850465,-0.4266528020953271,0.09969820991028056,36.160953588776636,47.6,94.96,95.21,64.84200000000001,66.01252574782366,63.67147425217636,0.0361,0.5547,0.39000000000000057,0.45,0.6926273664768355,,53396.76,0.46,-1523666,65.79,66.66,68.33,69.85,65.14,63.47,62.34,68.76499999999999,4.048,5.8412,False,False
2026-06-09 18:15:00,64.97,65.55,64.92,65.08,35529.024,64.809,65.8128,66.1579,,64.80316995740563,65.07980723571623,65.51595251867946,-0.27663727831060214,-0.3966496973383821,0.12001241902777998,34.01461051653691,49.59,96.1,95.34,64.809,65.90795452710015,63.71004547289985,0.0339,0.6233,0.6299999999999955,0.46,0.706822372464659,,52151.37,0.68,-1488137,65.78,66.66,68.33,69.85,65.14,63.47,62.34,68.76499999999999,4.2102,5.6623,False,False
2026-06-09 18:30:00,65.07,65.39,65.05,65.05,25815.417,64.76,65.7692,66.15725,,64.84114381011246,65.07759929232985,65.4976798708881,-0.23645548221739432,-0.3646108543141846,0.1281553720967903,32.02157766374288,49.04,99.18,96.75,64.76,65.70655052413444,63.813449475865575,0.0292,0.6532,0.3400000000000034,0.45,0.6917755572636434,,50876.0,0.51,-1513953,65.78,66.66,68.33,69.85,65.14,63.47,62.34,68.76499999999999,4.166,5.711,False,False
2026-06-09 18:45:00,65.05,65.34,65.05,65.3,17480.569,64.732,65.7294,66.158,,64.91173707009516,65.09407341882394,65.48992771908857,-0.18233634872878213,-0.3281559531971041,0.14581960446832198,30.170904300434138,53.64,99.18,98.15,64.732,65.56824725631031,63.895752743689684,0.0258,0.8396,0.29000000000000625,0.44,0.6738131699846861,,50470.64,0.35,-1496472,65.78,66.66,68.33,69.85,65.14,63.47,62.34,68.76499999999999,4.5329,5.3063,False,False
2026-06-09 19:00:00,65.29,65.47,65.17,65.21,14043.193,64.7235,65.6888,66.15665,,64.9576236746959,65.10266057298513,65.47895016147726,-0.14503689828923427,-0.29153214221553014,0.14649524392629587,28.06308855447688,51.83,96.88,98.41,64.7235,65.5351072423234,63.9118927576766,0.0251,0.7997,0.29999999999999716,0.43,0.6594080662475081,,48383.09,0.29,-1510515,65.77,66.66,68.33,69.85,65.14,63.47,62.34,68.76499999999999,4.4012,5.4516,False,False
2026-06-09 19:15:00,65.2,65.37,65.12,65.35,24942.219,64.7525,65.65480000000001,66.1561,,65.01798926320421,65.12098201202326,65.47389329239972,-0.10299274881904807,-0.2538242635362337,0.15083151471718564,26.253654150838667,54.41,97.7,97.92,64.7525,65.61118626707633,63.89381373292367,0.0265,0.8479,0.25,0.42,0.6426931905126243,,44855.5,0.56,-1485573,65.77,66.66,68.33,69.85,65.14,63.47,62.34,68.76499999999999,4.606,5.2257,False,False
2026-06-09 19:30:00,65.35,65.65,65.16,65.31,37772.83,64.791,65.62060000000001,66.15544999999999,,65.06291399194203,65.13498334446598,65.46746610446247,-0.07206935252395397,-0.21747328133377777,0.1454039288098238,25.002350809616388,53.52,96.53,97.04,64.791,65.67814562977189,63.903854370228096,0.0274,0.7925,0.4900000000000091,0.42,0.6430868167202572,,42535.63,0.89,-1523346,65.76,66.66,68.33,69.85,65.14,63.47,62.34,68.76499999999999,4.5475,5.2902,False,False
2026-06-09 19:45:00,65.31,65.64,65.05,65.41,42170.842,64.80749999999999,65.595,66.1559,,65.11631183933557,65.15535494857961,65.46521253173846,-0.03904310924404797,-0.1817872469158318,0.14274413767178384,23.490199324612846,55.47,98.83,97.69,64.80749999999999,65.72889196756704,63.88610803243295,0.0284,0.827,0.5900000000000034,0.44,0.6726800183458187,,41492.9,1.02,-1481175,65.76,66.66,68.33,69.85,65.14,63.47,62.34,68.76499999999999,4.6935,5.1292,False,False
2026-06-09 20:00:00,65.42,65.61,65.29,65.59,26346.593,64.827,65.5686,66.15615,,65.18918694097624,65.18755087831445,65.4701061579448,0.0016360626617881735,-0.14510258500030784,0.14673864766209602,22.0860586599667,58.81,98.83,98.06,64.827,65.79851211494042,63.855487885059574,0.03,0.8927,0.3199999999999932,0.43,0.6555877420338466,,40467.01,0.65,-1454828,65.75,66.66,68.33,69.85,65.14,63.47,62.34,68.76499999999999,4.955,4.8407,False,False
2026-06-09 20:15:00,65.58,65.7,65.31,65.49,18319.987,64.86800000000001,65.5406,66.15645,,65.23546587313375,65.20995451695784,65.47088630861363,0.025511356175911715,-0.11097979676506395,0.13649115294097566,21.064072256687325,56.28,95.68,97.78,64.86800000000001,65.87998294140097,63.85601705859905,0.0312,0.8073,0.39000000000000057,0.42,0.641319285387082,,39467.49,0.46,-1473148,65.75,66.66,68.33,69.85,65.14,63.47,62.34,68.76499999999999,4.8099,5.0008,False,False
2026-06-09 20:30:00,65.48,65.68,65.33,65.61,12498.577,64.9145,65.521,66.15804999999999,,65.29308650803625,65.2395875157017,65.47634174749153,0.053498992334553463,-0.07808403894514046,0.13158303127969392,20.11508488221362,58.58,95.16,96.56,64.9145,65.9744399188545,63.85456008114551,0.0327,0.8281,0.3500000000000085,0.42,0.6401463191586648,,37800.04,0.33,-1460650,65.75,66.66,68.33,69.85,65.14,63.47,62.34,68.76499999999999,4.984,4.8087,False,False
2026-06-09 20:45:00,65.61,65.63,65.47,65.62,5696.055,64.97900000000001,65.50099999999999,66.1614,,65.3433808914153,65.26776621824231,65.48197540445265,0.07561467317297854,-0.047344296521516664,0.12295896969449521,19.233882320202323,58.78,95.08,95.31,64.97900000000001,66.04615361692103,63.911846383079,0.0328,0.8003,0.1599999999999966,0.4,0.609570252971655,,35868.26,0.16,-1454954,65.75,66.66,68.33,69.85,65.14,63.47,62.34,68.76499999999999,4.9985,4.7927,False,False
2026-06-09 21:00:00,65.63,65.65,65.41,65.55,12669.239,65.05600000000001,65.4776,66.16745,,65.37516844658217,65.28867242429844,65.48464303565059,0.08649602228372544,-0.020576232760468247,0.10707225504419368,18.161288280158892,56.77,94.73,94.99,65.05600000000001,66.04837938416092,64.0636206158391,0.0305,0.7489,0.2400000000000091,0.39,0.5949656750572083,,33622.91,0.38,-1467623,65.75,66.66,68.33,69.85,65.14,63.47,62.34,68.76499999999999,4.897,4.9047,False,False
2026-06-09 21:15:00,65.54,65.56,65.11,65.13,15885.731,65.10749999999999,65.4482,66.17285,,65.33745022403106,65.27691891138744,65.47073546562508,0.06053131264361866,-0.004354723679650866,0.06488603632326953,17.687052209227062,46.49,61.92,83.91,65.10749999999999,65.99203080039331,64.22296919960667,0.0272,0.5127,0.45000000000000284,0.39,0.5988023952095809,,32251.17,0.49,-1483509,65.75,66.66,68.33,69.85,65.14,63.47,62.34,68.76499999999999,4.2837,5.5811,False,False
2026-06-09 21:30:00,65.14,65.19,64.98,65.01,21949.77,65.1515,65.4142,66.17895,,65.28707326648782,65.25714714017356,65.4526674081496,0.02992612631426539,0.0025014463191323846,0.027424679995133004,17.66278029574869,44.04,28.66,61.77,65.1515,65.9098437631841,64.3931562368159,0.0233,0.4067,0.20999999999999375,0.38,0.5845254576219043,,29627.63,0.74,-1505459,65.74,66.66,68.33,69.85,65.14,63.47,62.34,68.76499999999999,4.1071,5.776,False,False
2026-06-09 21:45:00,65.02,65.07,64.88,65.02,6349.426,65.1955,65.3862,66.1843,,65.24598507164355,65.23958068534589,65.4357000588104,0.0064043862976603805,0.003282034314837984,0.0031223519828223966,17.945584647456165,44.3,0.6,30.39,65.1955,65.79146803164194,64.59953196835805,0.0183,0.3528,0.18999999999999773,0.37,0.5690556751768686,,27132.64,0.23,-1499109,65.74,66.66,68.33,69.85,65.14,63.47,62.34,68.76499999999999,4.1218,5.7598,False,False
2026-06-09 22:00:00,65.02,65.11,64.86,65.1,5647.75,65.223,65.3652,66.18835,,65.22352582985224,65.22924137532026,65.42253535062176,-0.0057155454680213325,0.0014825183582661207,-0.007198063826287453,18.018859585667656,46.48,6.09,11.78,65.223,65.73893961295181,64.70706038704819,0.0158,0.3808,0.25,0.36,0.5529953917050692,,24658.84,0.23,-1493461,65.74,66.66,68.33,69.85,65.14,63.47,62.34,68.76499999999999,4.2396,5.6298,False,False
2026-06-09 22:15:00,65.1,65.35,65.05,65.14,16831.131,65.232,65.34440000000001,66.19154999999999,,65.21067570218267,65.22263090307432,65.41145553295033,-0.011955200891648587,-0.001205025491716821,-0.010750175399931765,17.037923495423446,47.58,14.08,6.92,65.232,65.73473358017335,64.72926641982664,0.0154,0.4085,0.29999999999999716,0.35,0.5373042677310408,,21761.35,0.77,-1476630,65.74,66.66,68.33,69.85,65.14,63.47,62.34,68.76499999999999,4.2984,5.5649,False,False
2026-06-09 22:30:00,65.15,65.29,65.05,65.14,15442.946,65.24350000000001,65.32300000000001,66.1945,,65.19980251723149,65.21651009543919,65.40081021793267,-0.016707578207700635,-0.004305536034913585,-0.01240204217278705,16.127054268768106,47.58,21.47,13.88,65.24350000000001,65.72530690607253,64.76169309392749,0.0148,0.3926,0.2400000000000091,0.35,0.5373042677310408,,20135.78,0.77,-1476630,65.73,66.66,68.33,69.85,65.14,63.47,62.34,68.76499999999999,4.2984,5.5649,False,False
2026-06-09 22:45:00,65.15,65.18,64.82,64.89,26762.362,65.24849999999999,65.2966,66.19545,,65.15214059150357,65.1923241624437,65.38077844468042,-0.0401835709401297,-0.011481143015956808,-0.02870242792417289,16.106051648483465,41.4,15.97,17.17,65.24849999999999,65.71222746079683,64.78477253920316,0.0142,0.1135,0.36000000000001364,0.35,0.5393743257820928,,20329.89,1.32,-1503393,65.73,66.66,68.33,69.85,65.14,63.47,62.34,68.76499999999999,3.9297,5.9716,False,False
2026-06-09 23:00:00,64.89,65.03,64.76,64.96,20325.261,65.24799999999999,65.2724,66.1959,,65.12258050050302,65.17511496522565,65.36427732920276,-0.05253446472262624,-0.019691807357290696,-0.032842657365335544,16.28363200075821,43.61,12.21,16.55,65.24799999999999,65.71301160144239,64.78298839855759,0.0143,0.1903,0.269999999999996,0.34,0.5233990147783252,,20123.95,1.01,-1483067,65.72,66.66,68.33,69.85,65.14,63.47,62.34,68.76499999999999,4.0333,5.8575,False,False
2026-06-09 23:15:00,64.95,65.18,64.9,64.92,15704.364,65.24,65.2424,66.1976,,65.0914142696564,65.15621756039413,65.34685468884187,-0.0648032907377285,-0.02871410403337826,-0.03608918670435024,15.761530243276827,42.62,6.56,11.58,65.24,65.7223626065657,64.7576373934343,0.0148,0.1683,0.28000000000000114,0.34,0.5237215033887862,,19132.71,0.82,-1498772,65.72,66.66,68.33,69.85,65.14,63.47,62.34,68.76499999999999,3.9741,5.9227,False,False
2026-06-09 23:30:00,64.92,65.0,64.69,64.94,17930.423,65.2345,65.2202,66.20054999999999,,65.06811976663234,65.14020144480938,65.33089960300494,-0.07208167817704236,-0.03738761886211108,-0.03469405931493128,15.985118846433785,43.31,10.22,9.66,65.2345,65.72835593467413,64.74064406532587,0.0151,0.2018,0.3100000000000023,0.34,0.5235602094240838,,18738.46,0.96,-1480841,65.71,66.66,68.33,69.85,65.14,63.47,62.34,68.76499999999999,4.0037,5.8901,False,False
2026-06-09 23:45:00,64.95,65.11,64.83,64.96,12244.973,65.2175,65.1992,66.2022,,65.0514859563812,65.12685318963831,65.31635452053416,-0.07536723325711137,-0.04498354174111114,-0.030383691516000226,15.701016280477097,44.04,11.06,9.28,65.2175,65.72507939488084,64.70992060511917,0.0156,0.2463,0.28000000000000114,0.33,0.5080049261083744,,18476.68,0.66,-1468596,65.71,66.66,68.33,69.85,65.14,63.47,62.34,68.76499999999999,4.0333,5.8575,False,False
2026-06-10 00:00:00,64.97,65.22,64.96,65.11,17836.161,65.2125,65.17999999999999,66.1912,,65.06048811693793,65.12560480522066,65.30826218639557,-0.06511668828272832,-0.04901017104943457,-0.016106517233293746,14.967605846743236,49.29,23.85,15.04,65.2125,65.72235550068748,64.70264449931253,0.0156,0.3995,0.2600000000000051,0.33,0.5068345876209492,,18666.33,0.96,-1450760,65.1,65.32,67.11,69.25,63.18,61.39,62.34,68.76499999999999,4.2543,5.6136,False,False
2026-06-10 00:15:00,65.11,65.12,64.85,65.09,13057.481,65.1995,65.1596,66.18535,,65.0650284066398,65.12296741224135,65.29970288496828,-0.05793900560155407,-0.05079593795985847,-0.007143067641695602,14.688173489408545,48.63,35.87,23.59,65.1995,65.7078502729441,64.6911497270559,0.0156,0.3923,0.27000000000001023,0.32,0.4916269780304194,,18072.1,0.72,-1463818,65.06,65.32,67.11,69.25,63.18,61.39,62.34,68.76499999999999,4.2249,5.646,False,False
2026-06-10 00:30:00,65.09,65.11,64.49,64.58,28958.645,65.163,65.12299999999999,66.17665,,64.99040865177214,65.08274760392717,65.27147924242051,-0.09233895215503196,-0.05910454079889317,-0.03323441135613879,15.529324763186803,35.63,30.81,30.18,65.163,65.73835709735434,64.58764290264565,0.0177,-0.0066,0.6200000000000045,0.34,0.5264787860018583,,17631.39,1.64,-1492776,64.9,65.32,67.11,69.25,63.18,61.39,62.34,68.76499999999999,3.4686,6.4803,False,False
2026-06-10 00:45:00,64.58,65.2,64.54,65.19,24380.821,65.152,65.1016,66.17345,,65.02111501303797,65.09069222585849,65.26828397801187,-0.06957721282051921,-0.06119907520321838,-0.00837813761730083,15.907848424260937,52.12,49.02,38.57,65.152,65.71576926971592,64.58823073028408,0.0173,0.5337,0.6599999999999966,0.37,0.5675717134529836,,16741.88,1.46,-1468395,64.92,65.32,67.11,69.25,63.18,61.39,62.34,68.76499999999999,4.3718,5.484,False,False
2026-06-10 01:00:00,65.18,65.28,64.89,65.11,26743.726,65.128,65.0822,66.16835,,65.03478962641674,65.09212243135046,65.26207676318786,-0.05733280493372206,-0.06042582114931912,0.003093016215597058,15.906227227263424,50.3,62.99,47.61,65.128,65.65277965300959,64.60322034699041,0.0161,0.4828,0.39000000000000057,0.37,0.5682690830901551,,16761.74,1.6,-1495139,64.96,65.32,67.11,69.25,63.18,61.39,62.34,68.76499999999999,4.2543,5.6136,False,False
2026-06-10 01:15:00,65.11,65.32,65.05,65.19,21003.849,65.113,65.0618,66.1625,,65.05866814542955,65.0993726216208,65.25925022345501,-0.040704476191251615,-0.056481552157705624,0.01577707596645401,15.726296846188175,52.1,96.28,69.43,65.113,65.61066190171981,64.61533809828019,0.0153,0.5774,0.269999999999996,0.36,0.5522319374137138,,16895.93,1.24,-1474135,65.0,65.32,67.11,69.25,63.18,61.39,62.34,68.76499999999999,4.3718,5.484,False,False
2026-06-10 01:30:00,65.19,65.23,64.81,64.91,9345.814,65.078,65.036,66.15580000000001,,65.03579612305577,65.08534502001926,65.2455541362607,-0.0495488969634863,-0.05509502111886176,0.005546124155375462,16.315555075250245,45.84,83.59,80.95,65.078,65.52429940387263,64.63170059612737,0.0137,0.3118,0.4200000000000017,0.37,0.5700200277307041,,16738.3,0.56,-1483481,65.0,65.32,67.11,69.25,63.18,61.39,62.34,68.76499999999999,3.9593,5.939,False,False
2026-06-10 01:45:00,64.9,65.27,64.86,65.09,19903.733,65.0515,65.023,66.14874999999999,,65.0441351810472,65.08568983335117,65.2394539740544,-0.04155465230397226,-0.05238694735588387,0.010832295051911606,16.672581866934642,50.0,82.98,87.62,65.0515,65.41812184734368,64.68487815265632,0.0113,0.5525,0.4099999999999966,0.37,0.5684436933476724,,17448.68,1.14,-1463577,65.01,65.32,67.11,69.25,63.18,61.39,62.34,68.76499999999999,4.2249,5.646,False,False
2026-06-10 02:00:00,65.1,65.25,64.87,64.88,17546.458,65.018,65.0,66.1421,,65.01888361473225,65.07045354939923,65.22535773977776,-0.05156993466698623,-0.052223544818104345,0.0006536101511181169,17.004106744927295,45.6,69.84,78.8,65.018,65.30707110762835,64.72892889237166,0.0089,0.2613,0.37999999999999545,0.37,0.5702836004932182,,17692.54,0.99,-1481124,65.01,65.32,67.11,69.25,63.18,61.39,62.34,68.76499999999999,3.9149,5.988,False,False
2026-06-10 02:15:00,64.89,64.92,64.53,64.73,28162.244,64.998,64.9774,66.13295,,64.97443998169652,65.04523476796226,65.20593194606099,-0.07079478626573632,-0.055937793107630744,-0.014856993158105576,18.293794403972573,42.71,63.5,72.11,64.998,65.30896454359097,64.68703545640903,0.0096,0.0691,0.39000000000000057,0.37,0.5716051289973737,,18306.37,1.54,-1509286,64.97,65.32,67.11,69.25,63.18,61.39,62.34,68.76499999999999,3.6923,6.2336,False,False
2026-06-10 02:30:00,64.73,64.79,64.33,64.42,26771.059,64.9685,64.95819999999999,66.12105,,64.88914152297397,64.99892108144654,65.17511108543114,-0.10977955847256737,-0.06670614618061807,-0.0430734122919493,19.95354158553451,37.43,38.08,57.14,64.9685,65.37265083166952,64.5643491683305,0.0124,-0.1786,0.46000000000000796,0.38,0.5898789195901893,,18547.43,1.44,-1536057,64.92,65.32,67.11,69.25,63.18,61.39,62.34,68.76499999999999,3.2288,6.7448,False,False
2026-06-10 02:45:00,64.42,64.42,64.25,64.31,14446.687,64.933,64.949,66.10905,,64.80004282713182,64.94788989022827,65.14118516051226,-0.14784706309644946,-0.08293432956378435,-0.0649127335326651,21.666613919409684,35.74,18.14,39.91,64.933,65.43176056907646,64.43423943092355,0.0154,-0.1245,0.1700000000000017,0.36,0.5597885243352512,,18952.29,0.76,-1550504,64.88,65.32,67.11,69.25,63.18,61.39,62.34,68.76499999999999,3.0633,6.9274,False,False
2026-06-10 03:00:00,64.31,64.68,64.27,64.51,11303.603,64.9035,64.9484,66.10165,,64.75542085372692,64.91545360206321,65.11643280127649,-0.16003274833629177,-0.09835401331828585,-0.06167873501800593,21.962866066191296,40.95,14.6,23.61,64.9035,65.42970888388166,64.37729111611833,0.0162,0.1261,0.4100000000000108,0.37,0.5735544876763292,,19235.09,0.59,-1539200,64.86,65.32,67.11,69.25,63.18,61.39,62.34,68.76499999999999,3.3638,6.5959,False,False
2026-06-10 03:15:00,64.51,64.86,64.47,64.8,10307.403,64.8865,64.9428,66.09795,,64.76227918392277,64.90690148339186,65.10402367181467,-0.14462229946909133,-0.10760767054844696,-0.037014628920644374,21.466762255845858,47.6,35.16,22.63,64.8865,65.40240594818312,64.37059405181688,0.0159,0.4162,0.39000000000000057,0.37,0.5709876543209876,,18908.9,0.55,-1528893,64.86,65.32,67.11,69.25,63.18,61.39,62.34,68.76499999999999,3.7963,6.1188,False,False
2026-06-10 03:30:00,64.81,64.82,64.51,64.61,8399.141,64.86,64.931,66.09115,,64.73885161716542,64.8849087809184,65.08465019448862,-0.14605716375297106,-0.11529756918935177,-0.03075959456361929,21.00609443195366,44.1,52.07,33.94,64.86,65.37552732328649,64.34447267671351,0.0159,0.2575,0.30999999999998806,0.36,0.5571892895836558,,18556.71,0.45,-1537292,64.85,65.32,67.11,69.25,63.18,61.39,62.34,68.76499999999999,3.5134,6.4309,False,False
2026-06-10 03:45:00,64.61,64.74,64.47,64.51,14113.291,64.84100000000001,64.92779999999999,66.08274999999999,,64.70364367606305,64.85713776010962,65.06211489274396,-0.15349408404657083,-0.1229368721607956,-0.03055721188577523,20.709678743737946,42.33,54.85,47.36,64.84100000000001,65.37937572480094,64.30262427519908,0.0166,0.1926,0.269999999999996,0.36,0.5580530150364283,,17924.26,0.79,-1551405,64.84,65.32,67.11,69.25,63.18,61.39,62.34,68.76499999999999,3.3638,6.5959,False,False
2026-06-10 04:00:00,64.52,64.58,64.39,64.52,18103.418,64.819,64.9246,66.07310000000001,,64.67539080282259,64.8321645926941,65.04085548518538,-0.15677378987150803,-0.1297042557029381,-0.027069534168569942,20.698891019021666,42.58,44.58,50.5,64.819,65.37264438520178,64.26535561479822,0.0171,0.23,0.18999999999999773,0.34,0.5269683818970863,,17813.16,1.02,-1533302,64.82,65.32,67.11,69.25,63.18,61.39,62.34,68.76499999999999,3.3788,6.5794,False,False
2026-06-10 04:15:00,64.51,64.66,64.43,64.49,9360.241,64.7975,64.92779999999999,66.063,,64.64686914084987,64.80681906730935,65.01925330929575,-0.15994992645947548,-0.13575338985424557,-0.024196536605229912,20.294812960543158,42.0,40.22,46.55,64.7975,65.36777694103478,64.22722305896522,0.0176,0.2304,0.22999999999998977,0.34,0.5272135214761979,,17495.96,0.53,-1542662,64.81,65.32,67.11,69.25,63.18,61.39,62.34,68.76499999999999,3.3339,6.6289,False,False
2026-06-10 04:30:00,64.49,64.5,64.15,64.19,14186.393,64.75999999999999,64.9314,66.05194999999999,,64.57658158071912,64.76112876602718,64.98673357167631,-0.18454718530806247,-0.14551214894500897,-0.0390350363630535,20.812320203820388,36.61,28.45,37.75,64.75999999999999,65.38667039939347,64.13332960060652,0.0194,0.0452,0.3499999999999943,0.34,0.5296775198629071,,17308.76,0.82,-1556848,64.79,65.32,67.11,69.25,63.18,61.39,62.34,68.76499999999999,2.8821,7.1273,False,False
2026-06-10 04:45:00,64.19,64.35,64.12,64.29,13980.817,64.7265,64.9352,66.0411,,64.53249210676233,64.72623033891406,64.95941068651254,-0.19373823215173047,-0.15515736558635326,-0.03858086656537721,21.37924957792889,39.4,23.08,30.58,64.7265,65.37924400559821,64.0737559944018,0.0202,0.1656,0.22999999999998977,0.33,0.5132991133924405,,17395.55,0.8,-1542868,64.77,65.32,67.11,69.25,63.18,61.39,62.34,68.76499999999999,3.0331,6.9606,False,False
2026-06-10 05:00:00,64.29,64.38,64.08,64.12,15265.281,64.67699999999999,64.935,66.02890000000001,,64.46903178264505,64.6813243878834,64.92649262037479,-0.21229260523834625,-0.16658441351675188,-0.04570819172159438,22.024801594023977,36.46,12.02,21.18,64.67699999999999,65.35687924624594,63.99712075375405,0.021,0.0904,0.29999999999999716,0.33,0.5146600124766063,,17267.01,0.88,-1558133,64.74,65.32,67.11,69.25,63.18,61.39,62.34,68.76499999999999,2.776,7.2442,False,False
2026-06-10 05:15:00,64.11,64.19,63.92,64.19,19538.302,64.632,64.93599999999999,66.0185,,64.42610381608426,64.64492998878092,64.89761055683068,-0.2188261726966516,-0.17703276535273182,-0.041793407343919786,23.079458671129373,38.49,17.99,17.7,64.632,65.31590827332184,63.94809172667818,0.0212,0.1769,0.269999999999996,0.32,0.49852001869450074,,17591.05,1.11,-1538595,64.71,65.32,67.11,69.25,63.18,61.39,62.34,68.76499999999999,2.8821,7.1273,False,False
2026-06-10 05:30:00,64.2,64.23,64.0,64.1,10675.331,64.60799999999999,64.92699999999999,66.0076,,64.37593399822515,64.60456480442677,64.86633171146478,-0.2286308062016218,-0.18735237352250983,-0.041278432679111965,23.823649850789792,36.86,12.59,14.2,64.60799999999999,65.33209944068632,63.883900559313666,0.0224,0.1492,0.23000000000000398,0.32,0.499219968798752,,16676.88,0.64,-1549270,64.69,65.32,67.11,69.25,63.18,61.39,62.34,68.76499999999999,2.7457,7.2777,False,False
2026-06-10 05:45:00,64.1,64.19,63.97,64.13,14586.789,64.555,64.9104,65.99640000000001,,64.3380979984982,64.56941185595072,64.837455958074,-0.23131385745251976,-0.19614467030851182,-0.035169187144007935,24.60525339551482,37.81,16.72,15.77,64.555,65.25448853495148,63.855511465048544,0.0217,0.1962,0.21999999999999886,0.31,0.4833931077498831,,16187.18,0.9,-1534683,64.67,65.32,67.11,69.25,63.18,61.39,62.34,68.76499999999999,2.7912,7.2275,False,False
2026-06-10 06:00:00,64.13,64.17,63.92,64.02,16918.289,64.5005,64.89259999999999,65.98675,,64.28915984488309,64.52871468143584,64.80539886167895,-0.239554836552756,-0.20482670355736066,-0.034728132995395344,25.485211697361862,35.69,8.97,12.76,64.5005,65.1876596765344,63.81334032346561,0.0213,0.1504,0.25,0.31,0.4842236800999688,,15695.91,1.08,-1551601,64.65,65.32,67.11,69.25,63.18,61.39,62.34,68.76499999999999,2.6242,7.4117,False,False
2026-06-10 06:15:00,64.02,64.23,64.0,64.11,14367.984,64.44649999999999,64.87899999999999,65.9785,,64.26159679182415,64.49769877910727,64.7781283180837,-0.2361019872831207,-0.2110817603025127,-0.025020226980608018,25.901239361283043,38.71,14.28,13.32,64.44649999999999,65.07254102774758,63.8204589722524,0.0194,0.2312,0.23000000000000398,0.3,0.4679457182966776,,15364.11,0.94,-1537233,64.63,65.32,67.11,69.25,63.18,61.39,62.34,68.76499999999999,2.7609,7.261,False,False
2026-06-10 06:30:00,64.1,64.35,63.83,64.22,17471.542,64.412,64.864,65.97240000000001,,64.25519728538966,64.4771284991734,64.75624093306081,-0.2219312137837477,-0.2132516509987597,-0.008679562784987993,26.833210371553033,42.28,26.92,16.72,64.412,65.0057073530409,63.818292646959115,0.0184,0.3383,0.519999999999996,0.32,0.49828713796325136,,15770.4,1.11,-1519762,64.61,65.32,67.11,69.25,63.18,61.39,62.34,68.76499999999999,2.9274,7.0772,False,False
2026-06-10 06:45:00,64.23,64.37,64.18,64.2,10849.143,64.36749999999999,64.8464,65.9662,,64.24670539532971,64.4566004621976,64.73442756313686,-0.20989506686788673,-0.21258033417258512,0.0026852673046983966,27.560710267181513,41.81,51.18,30.79,64.36749999999999,64.87429072811905,63.860709271880935,0.0157,0.3347,0.18999999999999773,0.31,0.4828660436137071,,15317.67,0.71,-1530611,64.6,65.32,67.11,69.25,63.18,61.39,62.34,68.76499999999999,2.8972,7.1106,False,False
2026-06-10 07:00:00,64.21,64.47,64.14,64.4,18730.464,64.3435,64.8334,65.9623,,64.27028918066361,64.45240783536815,64.72131275673934,-0.18211865470453859,-0.20648799827897585,0.024369343574437263,27.554984886161115,48.11,76.05,51.38,64.3435,64.78997272563845,63.89702727436157,0.0139,0.5633,0.3299999999999983,0.31,0.48136645962732916,,15376.87,1.22,-1511881,64.59,65.32,67.11,69.25,63.18,61.39,62.34,68.76499999999999,3.1988,6.778,False,False
2026-06-10 07:15:00,64.4,64.6,64.36,64.53,17595.728,64.3335,64.818,65.95779999999999,,64.31024469133075,64.45815540311865,64.71381029569073,-0.14791071178790105,-0.1947725409807609,0.04686182919285986,26.741090987577625,51.77,90.92,72.72,64.3335,64.75157956936205,63.91542043063795,0.013,0.735,0.23999999999999488,0.3,0.4649000464900046,,14848.55,1.19,-1494285,64.59,65.32,67.11,69.25,63.18,61.39,62.34,68.76499999999999,3.3938,6.5628,False,False
2026-06-10 07:30:00,64.53,64.8,64.45,64.62,13820.099,64.34349999999999,64.8062,65.95535,,64.35789935420294,64.47014389177653,64.7101314605656,-0.11224453757358788,-0.17826694029932633,0.06602240272573845,24.921194630642308,54.17,100.0,88.99,64.34349999999999,64.77947561496518,63.9075243850348,0.0136,0.8171,0.3499999999999943,0.31,0.4797276385020117,,14201.0,0.97,-1480465,64.59,65.32,67.11,69.25,63.18,61.39,62.34,68.76499999999999,3.5283,6.4144,False,False
2026-06-10 07:45:00,64.63,64.64,64.48,64.5,16923.542,64.353,64.7892,65.95115000000001,,64.37976099201788,64.47235545534863,64.70189101113166,-0.09259446333075516,-0.1611324449056121,0.06853798157485694,23.23129087063094,50.55,93.47,94.8,64.353,64.79415160301679,63.91184839698321,0.0137,0.6666,0.1599999999999966,0.3,0.46511627906976744,,14324.84,1.18,-1497388,64.59,65.32,67.11,69.25,63.18,61.39,62.34,68.76499999999999,3.3488,6.6124,False,False
2026-06-10 08:00:00,64.5,64.52,64.04,64.12,20964.577,64.3335,64.7654,65.94395,,64.33979776247666,64.44625505124873,64.67907175579316,-0.10645728877206295,-0.1501974136789023,0.043740124906839345,23.400958823873456,41.16,70.0,87.82,64.3335,64.7798784092143,63.887121590785696,0.0139,0.2609,0.47999999999998977,0.31,0.4834684965689332,,14807.89,1.42,-1518353,64.57,65.32,67.11,69.25,63.18,61.39,62.34,68.76499999999999,2.776,7.2442,False,False
2026-06-10 08:15:00,64.11,64.29,63.8,63.86,34032.057,64.2865,64.73440000000001,65.9344,,64.26598272209563,64.40282875115622,64.64695129478166,-0.1368460290605924,-0.14752713675524032,0.010681107694647918,24.230741832668464,36.21,37.59,67.02,64.2865,64.72392187272585,63.849078127274154,0.0136,0.0125,0.4900000000000091,0.32,0.5010961478233636,,15994.12,2.13,-1552385,64.54,65.32,67.11,69.25,63.18,61.39,62.34,68.76499999999999,2.3802,7.6809,False,False
2026-06-10 08:30:00,63.86,63.94,63.52,63.54,38812.703,64.23299999999999,64.6934,65.92334999999999,,64.15429307254246,64.33891551032984,64.60354144008434,-0.1846224377873824,-0.15494619696166875,-0.029676240825713657,25.637828506556048,31.23,10.8,39.46,64.23299999999999,64.75699678584994,63.709003214150044,0.0163,-0.1613,0.4199999999999946,0.33,0.5193578847969783,,17514.8,2.22,-1591198,64.49,65.32,67.11,69.25,63.18,61.39,62.34,68.76499999999999,1.8886,8.2232,False,False
2026-06-10 08:45:00,63.54,63.73,63.43,63.61,36180.644,64.188,64.6558,65.913,,64.0705556767667,64.28492176882392,64.56457903066928,-0.2143660920572188,-0.16683017598077876,-0.04753591607644003,27.12592384711539,33.38,4.07,17.49,64.188,64.76385085788633,63.61214914211367,0.0179,-0.0019,0.29999999999999716,0.33,0.5187863543468009,,18618.17,1.94,-1555017,64.44,65.32,67.11,69.25,63.18,61.39,62.34,68.76499999999999,1.9965,8.1041,False,False
2026-06-10 09:00:00,63.62,63.76,63.44,63.45,24357.745,64.1345,64.6126,65.90175,,63.97508557264875,64.223075711874,64.5208700490744,-0.24799013922525148,-0.1830621686296733,-0.06492797059557817,28.340237016116433,30.99,3.14,6.0,64.1345,64.77560020565141,63.49339979434858,0.02,-0.0338,0.3200000000000003,0.33,0.5200945626477541,,18930.88,1.29,-1579375,64.41,65.32,67.11,69.25,63.18,61.39,62.34,68.76499999999999,1.7494,8.3767,False,False
2026-06-10 09:15:00,63.46,63.52,63.07,63.48,40173.617,64.08399999999999,64.5698,65.8893,,63.89891856147202,64.16803306655001,64.48005161577737,-0.2691145050779866,-0.200272635919336,-0.06884186915865062,30.167622109882245,31.98,4.55,3.92,64.08399999999999,64.76506418277184,63.40293581722813,0.0213,0.0566,0.45000000000000284,0.34,0.5356017643352238,,20471.55,1.96,-1539201,64.35,65.32,67.11,69.25,63.18,61.39,62.34,68.76499999999999,1.7958,8.3255,False,False
2026-06-10 09:30:00,63.47,63.73,63.45,63.57,17295.452,64.05300000000001,64.5302,65.87729999999999,,63.84831570586094,64.12373432087963,64.44436331711944,-0.2754186150186939,-0.2153018317392076,-0.0601167832794863,30.80018394494397,34.97,7.15,4.95,64.05300000000001,64.76927986297768,63.33672013702234,0.0224,0.1628,0.27999999999999403,0.33,0.5191127890514393,,20627.01,0.84,-1521906,64.33,65.32,67.11,69.25,63.18,61.39,62.34,68.76499999999999,1.9349,8.1721,False,False
2026-06-10 09:45:00,63.57,63.71,63.39,63.64,16833.045,64.0205,64.5004,65.86495,,63.816267135728495,64.08790214896263,64.41281965762457,-0.27163501323413186,-0.22656846803819247,-0.04506654519593939,31.51353930240341,37.29,16.21,9.3,64.0205,64.75035867413668,63.29064132586331,0.0228,0.2393,0.3200000000000003,0.33,0.518541797611565,,20769.62,0.81,-1505073,64.31,65.32,67.11,69.25,63.18,61.39,62.34,68.76499999999999,2.0427,8.0531,False,False
2026-06-10 10:00:00,63.64,63.67,63.37,63.47,14657.349,63.988,64.4696,65.85255000000001,,63.762995268693345,64.04213161940984,64.37584633771772,-0.2791363507164988,-0.23708204457385373,-0.04205430614264505,32.21940376960252,34.11,19.28,14.21,63.988,64.75608990701947,63.21991009298053,0.024,0.1628,0.30000000000000426,0.33,0.5199306759098787,,20739.22,0.71,-1519730,64.3,65.32,67.11,69.25,63.18,61.39,62.34,68.76499999999999,1.7804,8.3425,False,False
2026-06-10 10:15:00,63.46,63.61,63.27,63.56,25550.76,63.95649999999999,64.4404,65.84165,,63.73176522735591,64.00641816612023,64.34385236368958,-0.2746529387643193,-0.24459622341194687,-0.03005671535237242,33.09433157783343,37.17,22.43,19.31,63.95649999999999,64.74120309504323,63.17179690495676,0.0245,0.2474,0.3399999999999963,0.33,0.5191944619257395,,21039.84,1.21,-1494179,64.27,65.32,67.11,69.25,63.18,61.39,62.34,68.76499999999999,1.9194,8.1891,False,False
2026-06-10 10:30:00,63.55,63.79,63.41,63.52,35154.391,63.92750000000001,64.4088,65.8308,,63.69918596160884,63.970387190852065,64.3115444278586,-0.2712012292432249,-0.24991722457820248,-0.021284004665022394,32.954712458502826,36.36,21.09,20.93,63.92750000000001,64.7324812027893,63.12251879721071,0.0252,0.2469,0.38000000000000256,0.33,0.5195214105793451,,22263.8,1.58,-1529334,64.24,65.32,67.11,69.25,63.18,61.39,62.34,68.76499999999999,1.8577,8.2572,False,False
2026-06-10 10:45:00,63.53,63.74,63.49,63.68,31342.181,63.904999999999994,64.3796,65.82105,,63.69623427520748,63.94887702856673,64.2867779797073,-0.2526427533592468,-0.25046233033441134,-0.002180423024835454,32.825066133410125,41.8,32.14,25.22,63.904999999999994,64.71130410875269,63.0986958912473,0.0252,0.3605,0.25,0.33,0.5182160804020101,,23101.57,1.36,-1497991,64.22,65.32,67.11,69.25,63.18,61.39,62.34,68.76499999999999,2.1043,7.9852,False,False
2026-06-10 11:00:00,63.68,63.77,62.95,63.42,90696.291,63.875,64.34519999999999,65.8088,,63.653736694406334,63.9097009523766,64.25278668638545,-0.25596425797026967,-0.251562715861583,-0.004401542108686651,33.89989088617164,36.36,32.41,28.55,63.875,64.70751047093266,63.042489529067346,0.0261,0.2267,0.8200000000000003,0.36,0.5676442762535477,,26790.47,3.39,-1588688,64.14,65.32,67.11,69.25,63.18,61.39,62.34,68.76499999999999,1.7029,8.4279,False,False
2026-06-10 11:15:00,63.42,63.57,63.06,63.23,50787.458,63.831,64.312,65.79480000000001,,63.58854643372844,63.859352733682044,64.21267740456642,-0.2708062999536054,-0.2554114326799875,-0.015394867273617885,34.89794244230734,32.98,30.84,31.8,63.831,64.70328435730671,62.95871564269329,0.0273,0.1555,0.509999999999998,0.37,0.5851652696504824,,28611.44,1.78,-1639475,64.1,65.32,67.11,69.25,63.18,61.39,62.34,68.76499999999999,1.4076,8.7538,False,False
2026-06-10 11:30:00,63.24,63.45,63.18,63.38,31493.656,63.789,64.2804,65.78089999999999,,63.55646236700098,63.82384512377967,64.18002338870107,-0.2673827567786873,-0.2578056974997275,-0.009577059278959799,35.8247046015762,37.89,36.57,33.27,63.789,64.6633093514925,62.9146906485075,0.0274,0.2661,0.2700000000000031,0.37,0.5837803723572104,,29312.55,1.07,-1607982,64.08,65.32,67.11,69.25,63.18,61.39,62.34,68.76499999999999,1.6409,8.4964,False,False
2026-06-10 11:45:00,63.37,63.62,63.33,63.49,28000.646,63.753499999999995,64.2518,65.76644999999999,,63.54623738746237,63.799115855351545,64.1529636479677,-0.25287846788917534,-0.25682025157761706,0.0039417836884417246,35.76409552221603,41.28,59.16,42.19,63.753499999999995,64.61510865460264,62.89189134539736,0.027,0.3471,0.28999999999999915,0.36,0.5670184280989132,,30170.12,0.93,-1579981,64.06,65.32,67.11,69.25,63.18,61.39,62.34,68.76499999999999,1.8113,8.3084,False,False
2026-06-10 12:00:00,63.5,63.65,63.31,63.52,33810.995,63.70949999999999,64.2234,65.7528,,63.54220086631431,63.77844060680699,64.12814154412582,-0.23623974049267815,-0.2527041493606293,0.01646440886795114,35.550624237463616,42.21,86.34,60.69,63.70949999999999,64.52048964884162,62.89851035115837,0.0255,0.3832,0.3399999999999963,0.36,0.5667506297229219,,30924.15,1.09,-1546170,64.04,65.32,67.11,69.25,63.18,61.39,62.34,68.76499999999999,1.8577,8.2572,False,False
2026-06-10 12:15:00,63.52,63.62,63.3,63.52,36889.028,63.65899999999999,64.1946,65.74074999999999,,63.5387853484198,63.75929685815462,64.10429285612089,-0.2205115097348198,-0.2462656214354674,0.02575411170064759,35.38034102542332,42.21,98.41,81.3,63.65899999999999,64.37509761169522,62.94290238830476,0.0225,0.4029,0.3200000000000003,0.36,0.5667506297229219,,31888.81,1.16,-1546170,64.02,65.32,67.11,69.25,63.18,61.39,62.34,68.76499999999999,1.8577,8.2572,False,False
2026-06-10 12:30:00,63.51,64.68,63.42,64.3,168513.947,63.64300000000001,64.1784,65.73145,,63.65589529481676,63.79934894273576,64.11196764607693,-0.14345364791900295,-0.22570322673217452,0.08224957881317158,34.28053669774994,60.86,100.0,94.92,63.64300000000001,64.27844762507421,63.0075523749258,0.02,1.017,1.2600000000000051,0.42,0.6531881804043546,,39623.5,4.25,-1377656,64.04,65.32,67.11,69.25,63.18,61.39,62.34,68.76499999999999,3.0482,6.944,False,False
2026-06-10 12:45:00,64.29,64.48,64.12,64.13,61162.747,63.6245,64.1592,65.72105,,63.728834480229565,63.82384161364422,64.11267479721117,-0.09500713341465428,-0.1995640080686705,0.10455687465401622,33.259289822053226,56.57,94.88,97.76,63.6245,64.1700841871472,63.0789158128528,0.0172,0.9633,0.35999999999999943,0.42,0.6549196943708093,,41835.46,1.46,-1438819,64.05,65.32,67.11,69.25,63.18,61.39,62.34,68.76499999999999,2.7912,7.2275,False,False
2026-06-10 13:00:00,64.12,64.25,64.01,64.16,24999.533,63.6265,64.1508,65.70949999999999,,63.79516763711733,63.848742234855756,64.11453068751662,-0.05357459773842521,-0.17036612600262147,0.11679152826419625,31.918183412377303,57.14,90.44,95.11,63.6265,64.17996848909668,63.07303151090331,0.0174,0.982,0.23999999999999488,0.4,0.6234413965087282,,42037.21,0.59,-1413819,64.05,65.32,67.11,69.25,63.18,61.39,62.34,68.76499999999999,2.8367,7.1774,False,False
2026-06-10 13:15:00,64.17,64.44,64.1,64.39,21186.117,63.653,64.1348,65.69735,,63.88668030833005,63.88883540264422,64.12533340565322,-0.002155094314169048,-0.136723919664931,0.13456882535076195,31.1527353497021,61.36,90.44,91.92,63.653,64.29690584470404,63.009094155295955,0.0202,1.0723,0.3400000000000034,0.4,0.6212144742972512,,41394.92,0.51,-1392633,64.05,65.32,67.11,69.25,63.18,61.39,62.34,68.76499999999999,3.1837,6.7945,False,False
2026-06-10 13:30:00,64.39,65.47,64.28,65.41,138886.08,63.746500000000005,64.1408,65.69014999999999,,64.12103718397158,64.00151426170761,64.17571248778447,0.11952292226396821,-0.08547455127915116,0.20499747354311937,32.21169665567078,73.7,95.56,92.15,63.746500000000005,64.75893375351926,62.734066246480744,0.0318,1.3215,1.1899999999999977,0.46,0.7032563828160832,,46398.58,2.99,-1253747,64.14,65.32,67.11,69.25,63.18,61.39,62.34,68.76499999999999,4.6935,5.1292,False,False
2026-06-10 13:45:00,65.41,65.54,65.02,65.08,65760.451,63.81999999999999,64.1386,65.68215,,64.26856992489903,64.08140209417371,64.21117474316547,0.18716783072531484,-0.030946074878257963,0.2181139056035728,33.28181913105338,66.32,93.96,93.32,63.81999999999999,64.99162954447027,62.648370455529715,0.0367,1.0377,0.5200000000000102,0.46,0.706822372464659,,47877.57,1.37,-1319507,64.19,65.32,67.11,69.25,63.18,61.39,62.34,68.76499999999999,4.2102,5.6623,False,False
2026-06-10 14:00:00,65.08,65.28,64.85,64.92,38201.814,63.893499999999996,64.1388,65.67665,,64.36878993645303,64.14352045756826,64.23897181206094,0.22526947888476911,0.020297035874347454,0.20497244301042167,33.69131520874924,63.02,85.22,91.58,63.893499999999996,65.14884268753988,62.63815731246011,0.0393,0.9089,0.4300000000000068,0.46,0.7085643869377696,,48569.78,0.79,-1357709,64.21,65.32,67.11,69.25,63.18,61.39,62.34,68.76499999999999,3.9741,5.9227,False,False
2026-06-10 14:15:00,64.93,65.18,64.65,65.02,41898.637,63.9705,64.1374,65.66945,,64.46897610007564,64.20844486811876,64.26960036845071,0.26053123195687533,0.06834387509085303,0.19218735686602229,33.4185113841277,64.22,77.45,85.54,63.9705,65.3054468745597,62.635553125440296,0.0417,0.8931,0.5300000000000011,0.46,0.7074746231928638,,48656.03,0.86,-1315811,64.22,65.32,67.11,69.25,63.18,61.39,62.34,68.76499999999999,4.1218,5.7598,False,False
2026-06-10 14:30:00,65.01,65.17,64.59,64.88,35687.438,64.036,64.1374,65.65839999999999,,64.53221054621784,64.25818969270256,64.29353760890362,0.2740208535152817,0.10947927077573877,0.16454158273954295,32.97218521855116,61.23,73.29,78.65,64.036,65.41599847444687,62.65600152555314,0.0431,0.8058,0.5799999999999983,0.47,0.7244143033292232,,49575.63,0.72,-1351498,64.24,65.32,67.11,69.25,63.18,61.39,62.34,68.76499999999999,3.9149,5.988,False,False
2026-06-10 14:45:00,64.88,65.06,64.6,65.06,39944.256,64.107,64.144,65.6474,,64.61340892372279,64.31758304879867,64.32359495757407,0.2958258749241196,0.14674859160541495,0.14907728331870465,32.55773949337295,63.58,72.61,74.45,64.107,65.54606548623967,62.66793451376033,0.0449,0.8311,0.46000000000000796,0.47,0.7224100830003073,,50731.19,0.79,-1311554,64.25,65.32,67.11,69.25,63.18,61.39,62.34,68.76499999999999,4.1808,5.6947,False,False
2026-06-10 15:00:00,65.07,65.33,64.57,64.76,32043.92,64.17150000000001,64.1508,65.63675,,64.63596139699621,64.35035467481359,64.34070888080647,0.28560672218262084,0.17452021772085613,0.11108650446176471,32.682443502845736,57.35,63.56,69.82,64.17150000000001,65.60598175127426,62.737018248725754,0.0447,0.7051,0.7600000000000051,0.49,0.7566399011735638,,51600.52,0.62,-1343598,64.26,65.32,67.11,69.25,63.18,61.39,62.34,68.76499999999999,3.7369,6.1844,False,False
2026-06-10 15:15:00,64.75,65.34,64.56,65.23,39650.372,64.25500000000001,64.1692,65.6287,,64.72735195130448,64.41551358779036,64.37558304234348,0.3118383635141271,0.20198384687951032,0.10985451663461676,32.816501828273644,63.4,62.86,66.34,64.25500000000001,65.7333561283085,62.77664387169151,0.046,0.8298,0.7800000000000011,0.51,0.7818488425571056,,52305.5,0.76,-1303947,64.28,65.32,67.11,69.25,63.18,61.39,62.34,68.76499999999999,4.4305,5.4193,False,False
2026-06-10 15:30:00,65.22,65.43,65.07,65.39,53612.027,64.34849999999999,64.1868,65.6227,,64.82929780494995,64.48769776647255,64.41536409950648,0.3416000384773952,0.2299070851990873,0.11169295327830786,33.11088576389888,65.21,63.29,63.24,64.34849999999999,65.86711813917574,62.82988186082424,0.0472,0.8429,0.36000000000001364,0.5,0.7646429117602079,,53228.38,1.01,-1250335,64.31,65.32,67.11,69.25,63.18,61.39,62.34,68.76499999999999,4.6643,5.1613,False,False
2026-06-10 15:45:00,65.4,65.77,64.78,65.44,101247.771,64.4365,64.1996,65.616,,64.9232519888038,64.55823867265977,64.45554589952583,0.36501331614402943,0.25692833138807575,0.10808498475595368,33.96452948828872,65.78,64.69,63.61,64.4365,65.9954507267464,62.8775492732536,0.0484,0.8219,0.9899999999999949,0.54,0.8251833740831297,,56723.66,1.78,-1149088,64.36,65.32,67.11,69.25,63.18,61.39,62.34,68.76499999999999,4.7372,5.081,False,False
2026-06-10 16:00:00,65.44,65.49,65.08,65.11,41591.761,64.521,64.2096,65.60730000000001,,64.95198245206475,64.59910988209238,64.48121076621109,0.3528725699723765,0.2761171791049359,0.0767553908674406,34.757198660936425,58.92,46.84,58.27,64.521,66.03037979595035,63.01162020404964,0.0468,0.6951,0.4099999999999966,0.53,0.8140070649669789,,54268.43,0.77,-1190679,64.38,65.32,67.11,69.25,63.18,61.39,62.34,68.76499999999999,4.2543,5.6136,False,False
2026-06-10 16:15:00,65.11,65.29,64.68,64.96,44399.591,64.60749999999999,64.2186,65.59809999999999,,64.95321592097787,64.62584248341886,64.49998681459498,0.32737343755900383,0.2863684307957495,0.04100500676325436,33.944237193669274,56.06,22.49,44.67,64.60749999999999,65.99905157629021,63.21594842370977,0.0431,0.6267,0.6099999999999994,0.53,0.8158866995073892,,53949.04,0.82,-1235079,64.39,65.32,67.11,69.25,63.18,61.39,62.34,68.76499999999999,4.0333,5.8575,False,False
2026-06-10 16:30:00,64.96,65.13,64.76,64.77,22870.029,64.67699999999999,64.22359999999999,65.58755000000001,,64.92502885621204,64.63652081798043,64.51057556696381,0.28850803823161186,0.286796352282922,0.0017116859486898672,33.18934440263549,52.58,4.58,24.64,64.67699999999999,65.9436590950844,63.41034090491559,0.0392,0.5367,0.36999999999999034,0.52,0.8028408213679175,,53517.86,0.43,-1257949,64.4,65.32,67.11,69.25,63.18,61.39,62.34,68.76499999999999,3.7517,6.168,False,False
2026-06-10 16:45:00,64.76,64.77,64.24,64.62,41052.86,64.7335,64.2262,65.57424999999999,,64.87810133987172,64.63529705368558,64.51486672120052,0.2428042861861428,0.2779979390635662,-0.035193652877423376,30.86742835310584,49.95,0.0,9.02,64.7335,65.87149963000738,63.59550036999264,0.0352,0.4501,0.5300000000000011,0.52,0.8047044258743422,,54170.47,0.76,-1299002,64.4,65.32,67.11,69.25,63.18,61.39,62.34,68.76499999999999,3.5283,6.4144,False,False
2026-06-10 17:00:00,64.62,64.97,64.44,64.52,23355.056,64.7835,64.23280000000001,65.558,,64.8230088260453,64.62675653119035,64.51506802625148,0.19625229485494344,0.2616488102218416,-0.06539651536689817,29.213576284323196,48.21,0.0,1.53,64.7835,65.7755160227919,63.7914839772081,0.0306,0.3672,0.5300000000000011,0.52,0.805951642901426,,53647.67,0.44,-1322357,64.4,65.32,67.11,69.25,63.18,61.39,62.34,68.76499999999999,3.3788,6.5794,False,False
2026-06-10 17:15:00,64.52,64.71,64.06,64.1,26423.394,64.8125,64.229,65.54135000000001,,64.7117766989614,64.58773752887996,64.49879084875143,0.1240391700814456,0.23412688219376243,-0.11008771211231683,27.549393799947904,41.66,0.0,0.0,64.8125,65.67436761714075,63.95063238285925,0.0266,0.0867,0.6499999999999915,0.53,0.8268330733229331,,53124.39,0.5,-1348780,64.4,65.32,67.11,69.25,63.18,61.39,62.34,68.76499999999999,2.7457,7.2777,False,False
2026-06-10 17:30:00,64.1,64.11,63.63,63.75,61833.128,64.785,64.2216,65.52315,,64.56381105296734,64.52568289711107,64.46942650174157,0.038128155856270496,0.19492713692626404,-0.15679898106999354,26.90184956732784,37.14,0.0,0.0,64.785,65.74520831073376,63.824791689266235,0.0296,-0.0389,0.4799999999999969,0.53,0.8313725490196079,,47790.35,1.29,-1410613,64.38,65.32,67.11,69.25,63.18,61.39,62.34,68.76499999999999,2.2118,7.8667,False,False
2026-06-10 17:45:00,63.75,64.24,63.67,64.04,43286.128,64.7805,64.21860000000001,65.50745,,64.4832247371262,64.48970638621395,64.4525862467713,-0.006481649087746177,0.154645379723462,-0.1611270288112082,25.947804221047548,42.69,6.47,2.16,64.7805,65.75437938300067,63.80662061699933,0.0301,0.1198,0.5699999999999932,0.53,0.8276077451592754,,46896.52,0.92,-1367327,64.38,65.32,67.11,69.25,63.18,61.39,62.34,68.76499999999999,2.6546,7.3782,False,False
2026-06-10 18:00:00,64.05,64.22,63.84,63.96,21698.6,64.7705,64.2158,65.49029999999999,,64.40272862372217,64.45046887612403,64.43326913905479,-0.047740252401865746,0.11416825329839647,-0.16190850570026222,25.061904970930133,41.6,11.66,6.04,64.7705,65.77483743543328,63.76616256456671,0.031,0.0965,0.37999999999999545,0.52,0.8130081300813009,,46731.47,0.46,-1389026,64.37,65.32,67.11,69.25,63.18,61.39,62.34,68.76499999999999,2.5328,7.5125,False,False
2026-06-10 18:15:00,63.96,64.07,63.75,64.07,30065.665,64.75450000000001,64.2146,65.47305,,64.35153960468799,64.42228599641115,64.41902329046441,-0.0707463917231621,0.07718532429408476,-0.14793171601724686,24.43925871584347,43.73,19.34,12.49,64.75450000000001,65.79394266442829,63.71505733557173,0.0321,0.1707,0.3199999999999932,0.51,0.796004370220072,,47175.45,0.64,-1358960,64.37,65.32,67.11,69.25,63.18,61.39,62.34,68.76499999999999,2.7002,7.3279,False,False
2026-06-10 18:30:00,64.06,64.06,63.44,63.51,35835.896,64.65950000000001,64.2044,65.45455,,64.22207197319753,64.35470925593624,64.38337531828934,-0.13263728273871322,0.03522080288752516,-0.16785808562623838,24.50187946710475,36.44,12.87,14.62,64.65950000000001,65.79000477780228,63.528995222197736,0.035,-0.0084,0.6299999999999955,0.51,0.8030231459612659,,42022.94,0.85,-1394796,64.36,65.32,67.11,69.25,63.18,61.39,62.34,68.76499999999999,1.8422,8.2743,False,False
2026-06-10 18:45:00,63.51,63.87,63.36,63.84,26222.101,64.5975,64.19900000000001,65.43895,,64.16329166962868,64.31658264438542,64.362066482278,-0.15329097475674303,-0.002481552641328478,-0.15080942211541454,24.714414457019775,42.52,14.59,15.6,64.5975,65.76626678147348,63.428733218526524,0.0362,0.1759,0.509999999999998,0.51,0.7988721804511277,,40046.02,0.65,-1368574,64.35,65.32,67.11,69.25,63.18,61.39,62.34,68.76499999999999,2.3496,7.7146,False,False
2026-06-10 19:00:00,63.84,63.95,63.59,63.64,16269.6,64.5335,64.1874,65.4237,,64.08278525891657,64.26646541146798,64.33375014963964,-0.18368015255140335,-0.038721272623343454,-0.1449588799280599,24.636553425423184,40.02,10.98,12.81,64.5335,65.76633626778258,63.30066373221743,0.0382,0.1376,0.35999999999999943,0.5,0.785669390320553,,38949.41,0.42,-1384844,64.35,65.32,67.11,69.25,63.18,61.39,62.34,68.76499999999999,2.0427,8.0531,False,False
2026-06-10 19:15:00,63.64,63.72,63.43,63.64,21885.254,64.4645,64.1762,65.40620000000001,,64.01466444985249,64.22006056617406,64.30654426141848,-0.20539611632156607,-0.07205624136298798,-0.13333987495857808,24.897694164497395,40.02,16.29,13.95,64.4645,65.73653897656358,63.19246102343642,0.0395,0.1759,0.28999999999999915,0.49,0.7699560025141421,,37948.74,0.58,-1384844,64.34,65.32,67.11,69.25,63.18,61.39,62.34,68.76499999999999,2.0427,8.0531,False,False
2026-06-10 19:30:00,63.64,63.91,63.62,63.76,27003.772,64.40849999999999,64.1634,65.39025,,63.97548530372134,64.18598200571672,64.28511115312756,-0.21049670199538184,-0.09974433348946676,-0.11075236850591508,24.475830663075286,42.38,19.47,15.58,64.40849999999999,65.7019535574443,63.11504644255568,0.0402,0.2493,0.28999999999999915,0.47,0.7371392722710163,,37514.56,0.72,-1357840,64.33,65.32,67.11,69.25,63.18,61.39,62.34,68.76499999999999,2.2271,7.8497,False,False
2026-06-10 19:45:00,63.75,63.78,63.39,63.56,41612.253,64.33349999999999,64.144,65.37115,,63.91156448776421,64.13961296825623,64.25667542163237,-0.22804848049202064,-0.12540516288997755,-0.1026433176020431,24.58374945460867,39.59,21.9,19.22,64.33349999999999,65.64176160268303,63.02523839731694,0.0407,0.2044,0.39000000000000057,0.47,0.7394587791063562,,37597.96,1.11,-1399452,64.32,65.32,67.11,69.25,63.18,61.39,62.34,68.76499999999999,1.9194,8.1891,False,False
2026-06-10 20:00:00,63.56,63.63,63.21,63.47,25862.59,64.26899999999999,64.121,65.3512,,63.84363148964664,64.09001200764466,64.22582540509777,-0.24638051799801985,-0.14960023391158603,-0.09678028408643383,25.042604917128802,38.36,21.33,20.9,64.26899999999999,65.61536977793975,62.922630222060235,0.0419,0.2033,0.4200000000000017,0.46,0.7247518512683158,,37288.89,0.69,-1425315,64.31,65.32,67.11,69.25,63.18,61.39,62.34,68.76499999999999,1.7804,8.3425,False,False
2026-06-10 20:15:00,63.47,63.66,63.26,63.6,19910.281,64.1875,64.103,65.33155,,63.8061497220087,64.05371482189321,64.20128323234884,-0.24756509988451114,-0.16919320710617106,-0.07837189277834009,25.356113263214926,41.19,24.7,22.64,64.1875,65.48539911212903,62.88960088787096,0.0404,0.2737,0.3999999999999986,0.46,0.7232704402515724,,36301.89,0.55,-1405404,64.31,65.32,67.11,69.25,63.18,61.39,62.34,68.76499999999999,1.9811,8.1211,False,False
2026-06-10 20:30:00,63.6,63.64,63.4,63.42,19199.254,64.089,64.089,65.312,,63.7467420724689,64.00677298323446,64.17064467421751,-0.2600309107655576,-0.18736074783804837,-0.07267016292750925,25.647228156009184,38.55,27.86,24.63,64.089,65.29866110956837,62.879338890431626,0.0377,0.2235,0.240000000000002,0.44,0.6937874487543362,,34581.25,0.56,-1424604,64.3,65.32,67.11,69.25,63.18,61.39,62.34,68.76499999999999,1.7029,8.4279,False,False
2026-06-10 20:45:00,63.42,63.47,63.18,63.33,22329.82,63.98350000000001,64.07839999999999,65.2915,,63.68262790747369,63.956641651143016,64.13767821640506,-0.27401374366932885,-0.20469134700430447,-0.06932239666502438,26.385400344523603,37.27,26.9,26.49,63.98350000000001,65.0574847102715,62.909515289728525,0.0336,0.1958,0.28999999999999915,0.43,0.6789831043739144,,30635.35,0.73,-1446933,64.29,65.32,67.11,69.25,63.18,61.39,62.34,68.76499999999999,1.5632,8.582,False,False
2026-06-10 21:00:00,63.32,63.32,62.67,62.76,38672.785,63.866,64.0628,65.26765,,63.540685152477735,63.86800152883613,64.08365161968331,-0.3273163763583966,-0.22921635287512293,-0.09810002348327368,27.93109446441745,30.36,13.44,22.73,63.866,64.93525256727949,62.796747432720515,0.0335,-0.0172,0.6599999999999966,0.45,0.717017208413002,,30489.4,1.27,-1485606,64.27,65.32,67.11,69.25,63.18,61.39,62.34,68.76499999999999,0.6692,9.5682,False,False
2026-06-10 21:15:00,62.76,63.06,62.76,62.99,13236.601,63.767500000000005,64.0504,65.2444,,63.45596435978885,63.80296437855198,64.0407633208722,-0.3470000187631257,-0.25277308605272353,-0.09422693271040217,29.366381861461733,35.55,16.72,19.02,63.767500000000005,64.7735004185424,62.76149958145761,0.0316,0.1136,0.30000000000000426,0.44,0.698523575170662,,28931.25,0.46,-1472370,64.26,65.32,67.11,69.25,63.18,61.39,62.34,68.76499999999999,1.0319,9.1681,False,False
2026-06-10 21:30:00,62.99,63.15,62.93,63.07,15400.725,63.682500000000005,64.0428,65.22189999999999,,63.39658522751364,63.748670720881464,64.00269417103408,-0.3520854933678237,-0.2726355675157436,-0.0794499258520801,30.30714613462014,37.3,30.24,20.13,63.682500000000005,64.6165545459121,62.74844545408791,0.0293,0.1721,0.21999999999999886,0.42,0.6659267480577136,,28557.79,0.54,-1456969,64.26,65.32,67.11,69.25,63.18,61.39,62.34,68.76499999999999,1.1574,9.0296,False,False
2026-06-10 21:45:00,63.07,63.11,62.34,62.59,27761.987,63.580999999999996,64.025,65.19755,,63.27249519251154,63.66284326007543,63.94729439962098,-0.3903480675638846,-0.2961780675253718,-0.09417000003851284,32.03217314910618,31.73,34.0,26.99,63.580999999999996,64.52721461902962,62.63478538097038,0.0298,-0.0237,0.769999999999996,0.45,0.718964690845183,,27893.24,1.0,-1484731,64.24,65.32,67.11,69.25,63.18,61.39,62.34,68.76499999999999,0.3994,9.8658,False,False
2026-06-10 22:00:00,62.6,62.69,62.37,62.58,23068.454,63.484,64.0052,65.175,,63.16595747058669,63.58263264821799,63.893675011400546,-0.4166751776312978,-0.320277489546557,-0.0963976880847408,33.63398394827178,31.63,24.54,29.59,63.484,64.42263058144472,62.545369418555275,0.0296,0.0184,0.3200000000000003,0.44,0.7031000319590924,,27878.91,0.83,-1507799,64.23,65.32,67.11,69.25,63.18,61.39,62.34,68.76499999999999,0.3835,9.8833,False,False
2026-06-10 22:15:00,62.58,62.73,62.37,62.61,35317.842,63.4095,63.9846,65.15295,,63.08042555203489,63.51058578538703,63.843334814875035,-0.43016023335214015,-0.34225403830767365,-0.0879061950444665,34.94431317719009,32.35,12.77,23.77,63.4095,64.37830773172743,62.44069226827257,0.0306,0.0874,0.35999999999999943,0.43,0.686791247404568,,28323.64,1.25,-1472481,64.21,65.32,67.11,69.25,63.18,61.39,62.34,68.76499999999999,0.4312,9.8307,False,False
2026-06-10 22:30:00,62.6,63.07,62.57,62.93,45336.508,63.368500000000004,63.973800000000004,65.131,,63.05728315941414,63.467579430913915,63.80751776331131,-0.41029627149977443,-0.35586248494609385,-0.054433786553680585,34.77050877761192,39.74,35.03,24.11,63.368500000000004,64.34600003365304,62.39099996634697,0.0309,0.2757,0.5,0.44,0.6991895757190529,,27498.81,1.65,-1427145,64.18,65.32,67.11,69.25,63.18,61.39,62.34,68.76499999999999,0.9375,9.2722,False,False
2026-06-10 22:45:00,62.94,62.94,62.76,62.77,18965.825,63.30499999999999,63.958,65.10745,,63.013085750273504,63.415906880475845,63.76683079220106,-0.4028211302023408,-0.36525421399734326,-0.037566916204997525,34.60911897800363,37.53,51.46,33.09,63.30499999999999,64.26365036708802,62.346349632911966,0.0303,0.221,0.17999999999999972,0.42,0.6691094471881471,,26282.79,0.72,-1446111,64.18,65.32,67.11,69.25,63.18,61.39,62.34,68.76499999999999,0.685,9.5507,False,False
2026-06-10 23:00:00,62.78,62.78,62.54,62.57,19195.85,63.2355,63.93900000000001,65.08059999999999,,62.94491871176989,63.35324711155171,63.71989625133043,-0.4083283997818228,-0.3738690511542392,-0.0344593486275836,34.88200922883839,34.92,59.97,48.82,63.2355,64.19575161176483,62.27524838823517,0.0304,0.1535,0.240000000000002,0.41,0.6552661019657983,,26157.65,0.73,-1465307,64.17,65.32,67.11,69.25,63.18,61.39,62.34,68.76499999999999,0.3676,9.9009,False,False
2026-06-10 23:15:00,62.58,63.1,62.46,63.08,39460.042,63.186,63.927,65.057,,62.96570044842068,63.333006584770104,63.69480228069003,-0.367306136349427,-0.37255646819327676,0.005250331843849765,33.941165755223736,45.36,67.28,59.57,63.186,64.06363797835716,62.30836202164283,0.0278,0.4396,0.6400000000000006,0.42,0.6658211794546607,,26627.37,1.48,-1425847,64.15,65.32,67.11,69.25,63.18,61.39,62.34,68.76499999999999,1.1731,9.0124,False,False
2026-06-10 23:30:00,63.08,63.26,62.96,63.19,22986.98,63.169999999999995,63.92240000000001,65.03349999999999,,63.00020807174057,63.32241350441676,63.67500611281983,-0.32220543267618496,-0.36248626108985843,0.040280828413673475,32.53666401029757,47.32,80.71,69.32,63.169999999999995,64.03433424334152,62.30566575665848,0.0274,0.5116,0.29999999999999716,0.41,0.6488368412723532,,25984.93,0.88,-1402860,64.14,65.32,67.11,69.25,63.18,61.39,62.34,68.76499999999999,1.3451,8.8226,False,False
2026-06-10 23:45:00,63.19,63.31,63.12,63.19,21325.745,63.1375,63.921600000000005,65.01205,,63.02940682993433,63.312605096682184,63.65598626525827,-0.28319826674785276,-0.34662866222145733,0.06343039547360457,31.068115680770607,47.32,100.0,82.66,63.1375,63.942611956910426,62.33238804308958,0.0255,0.5326,0.19000000000000483,0.4,0.6330115524608324,,25740.11,0.83,-1402860,64.13,65.32,67.11,69.25,63.18,61.39,62.34,68.76499999999999,1.3451,8.8226,False,False
2026-06-11 00:00:00,63.19,63.45,63.19,63.42,18814.015,63.1265,63.922399999999996,64.99385000000001,,63.089498086867515,63.32056027470573,63.64673190191481,-0.2310621878382122,-0.3235153673448083,0.0924531795065961,29.24661117338519,51.54,100.0,93.57,63.1265,63.90838099781173,62.34461900218827,0.0248,0.6877,0.2600000000000051,0.39,0.6149479659413435,,25867.33,0.73,-1384046,63.35,63.77,65.19,67.2,61.76,60.34,62.34,68.76499999999999,1.7029,8.4279,False,False
2026-06-11 00:15:00,63.42,63.74,63.42,63.68,44722.612,63.128499999999995,63.9262,64.9768,,63.18034453504175,63.34718543954234,63.64803653321228,-0.16684090450059585,-0.2921804747759658,0.12533957027536996,27.613782643080125,55.85,100.0,100.0,63.128499999999995,63.91609527410447,62.34090472589552,0.025,0.8501,0.3200000000000003,0.38,0.5967336683417085,,27009.2,1.66,-1339323,63.54,63.77,65.19,67.2,61.76,60.34,62.34,68.76499999999999,2.1043,7.9852,False,False
2026-06-11 00:30:00,63.69,63.71,63.47,63.58,20197.979,63.1195,63.9274,64.9594,,63.24182999118917,63.36443096253921,63.64536843387062,-0.12260097135003889,-0.25826457409078046,0.13566360274074157,26.097584722082566,53.87,97.27,99.09,63.1195,63.880371384111754,62.35862861588825,0.0241,0.8026,0.240000000000002,0.37,0.5819440075495439,,26668.91,0.76,-1359521,63.55,63.77,65.19,67.2,61.76,60.34,62.34,68.76499999999999,1.9503,8.1551,False,False
2026-06-11 00:45:00,63.58,63.77,63.58,63.67,11777.877,63.125,63.9304,64.94175,,63.307702300237,63.38706570605483,63.64633437764041,-0.07936340581782986,-0.22248434043619034,0.14312093461836048,24.86656514345945,55.4,96.66,97.98,63.125,63.9007237706963,62.3492762293037,0.0246,0.8513,0.19000000000000483,0.36,0.5654154232762683,,25177.19,0.47,-1347743,63.56,63.77,65.19,67.2,61.76,60.34,62.34,68.76499999999999,2.0889,8.0022,False,False
2026-06-11 01:00:00,63.67,64.27,63.67,64.16,38597.985,63.1595,63.927600000000005,64.92565,,63.43882502327746,63.444320098198915,63.66647812753686,-0.005495074921455512,-0.1790864873332434,0.17359141241178788,24.972374973962594,62.68,96.66,96.86,63.1595,64.05235998195162,62.26664001804838,0.0283,1.0603,0.5999999999999943,0.38,0.5922693266832918,,25813.96,1.5,-1309145,63.7,63.77,65.19,67.2,61.76,60.34,62.34,68.76499999999999,2.8367,7.1774,False,False
2026-06-11 01:15:00,64.15,64.36,64.13,64.28,18812.781,63.19349999999999,63.930600000000005,64.91295,,63.56823655815785,63.50622231314714,63.69053780880993,0.06201424501070818,-0.1308663408644531,0.19288058587516127,25.25926029700133,64.22,99.38,97.57,63.19349999999999,64.20136956131923,62.18563043868076,0.0319,1.039,0.23000000000000398,0.37,0.5756067205973864,,25759.08,0.73,-1290332,63.77,63.77,65.19,67.2,61.76,60.34,62.34,68.76499999999999,3.018,6.9773,False,False
2026-06-11 01:30:00,64.28,65.14,64.14,64.9,71241.205,63.267500000000005,63.9454,64.90310000000001,,63.773123241518185,63.609465104765874,63.737967698660526,0.16365813675231067,-0.07196144534110033,0.235619582093411,26.797480462232365,70.9,100.0,98.68,63.267500000000005,64.53044351251025,62.00455648748976,0.0399,1.1463,1.0,0.41,0.6317411402157164,,28361.18,2.51,-1219091,64.07,63.77,65.19,67.2,61.76,60.34,62.34,68.76499999999999,3.9445,5.9553,False,False
2026-06-11 01:45:00,64.9,65.16,64.78,64.9,74640.92,63.34599999999999,63.9556,64.8935,,63.94648889666924,63.70506028219063,63.783537592830704,0.24142861447860753,-0.009283433377158756,0.2507120478557663,28.251960329337415,70.9,100.0,99.79,63.34599999999999,64.80521969054196,61.88678030945802,0.0461,1.0325,0.37999999999999545,0.41,0.6317411402157164,,30976.74,2.41,-1219091,64.29,63.77,65.19,67.2,61.76,60.34,62.34,68.76499999999999,3.9445,5.9553,False,False
2026-06-11 02:00:00,64.91,65.0,64.69,64.8,32436.246,63.448,63.943400000000004,64.88465000000001,,64.07779829718166,63.786166927954284,63.82339886370009,0.29163136922737465,0.05089952714374792,0.24073184208362672,29.263567577512056,68.51,97.78,99.26,63.448,65.01589634458745,61.880103655412555,0.0494,0.9312,0.3100000000000023,0.4,0.617283950617284,,30664.91,1.06,-1251527,64.34,63.77,65.19,67.2,61.76,60.34,62.34,68.76499999999999,3.7963,6.1188,False,False
2026-06-11 02:15:00,64.79,64.87,64.5,64.55,33357.345,63.525999999999996,63.9328,64.87775,,64.15044471299987,63.84274715551322,63.851893025907934,0.30769755748664807,0.10225913321232796,0.2054384242743201,29.508041970875013,62.8,90.28,96.02,63.525999999999996,65.15209509659188,61.899904903408114,0.0512,0.8149,0.37000000000000455,0.4,0.6196746707978312,,31670.95,1.05,-1284885,64.37,63.77,65.19,67.2,61.76,60.34,62.34,68.76499999999999,3.4237,6.5298,False,False
2026-06-11 02:30:00,64.55,64.62,64.37,64.48,54326.893,63.596500000000006,63.924,64.8712,,64.20114552638451,63.88995106991965,63.87652467195076,0.311194456464861,0.14404619786283457,0.16714825860202642,29.28087620171819,61.26,77.7,88.59,63.596500000000006,65.26115770149909,61.93184229850093,0.0524,0.7654,0.25,0.39,0.6048387096774194,,33617.25,1.62,-1339212,64.39,63.77,65.19,67.2,61.76,60.34,62.34,68.76499999999999,3.3189,6.6455,False,False
2026-06-11 02:45:00,64.48,64.67,64.37,64.52,26186.66,63.693000000000005,63.913999999999994,64.8667,,64.2502000607869,63.936621361036714,63.90175899854093,0.31357869975018104,0.17795269824030385,0.1356260015098772,29.172355333583823,61.84,67.1,78.36,63.693000000000005,65.33560511960412,62.050394880395885,0.0516,0.7517,0.29999999999999716,0.38,0.5889646621202729,,33538.49,0.78,-1313025,64.39,63.77,65.19,67.2,61.76,60.34,62.34,68.76499999999999,3.3788,6.5794,False,False
2026-06-11 03:00:00,64.53,64.6,64.35,64.44,12554.075,63.786,63.905199999999994,64.86094999999999,,64.27940005143506,63.97390866762659,63.92286648879422,0.30549138380847296,0.20346043535393768,0.10203094845453528,28.99571168804768,59.92,59.08,67.96,63.786,65.37295206043143,62.199047939568565,0.0498,0.7061,0.25,0.37,0.5741775294847921,,33012.77,0.38,-1325579,64.4,63.77,65.19,67.2,61.76,60.34,62.34,68.76499999999999,3.2588,6.7117,False,False
2026-06-11 03:15:00,64.43,64.52,64.33,64.51,11712.088,63.88100000000001,63.8942,64.8541,,64.3148769665989,64.01361913669129,63.94589133237092,0.3012578299076125,0.22301991426467266,0.07823791564293986,28.751373157387665,61.06,54.72,60.3,63.88100000000001,65.39744876013258,62.364551239867446,0.0475,0.7074,0.18999999999999773,0.36,0.5580530150364283,,31832.48,0.37,-1313867,64.4,63.77,65.19,67.2,61.76,60.34,62.34,68.76499999999999,3.3638,6.5959,False,False
2026-06-11 03:30:00,64.51,65.03,64.5,64.86,51616.457,63.9775,63.89620000000001,64.84915,,64.39874204866061,64.0763140154549,63.98173873110148,0.32242803320571056,0.24290153805288026,0.0795264951528303,29.566168726118935,66.22,58.37,57.39,63.9775,65.48474391208877,62.47025608791123,0.0471,0.7928,0.5300000000000011,0.37,0.5704594511255011,,32146.48,1.61,-1262250,64.44,63.77,65.19,67.2,61.76,60.34,62.34,68.76499999999999,3.8853,6.0207,False,False
2026-06-11 03:45:00,64.87,65.48,64.86,65.27,72118.841,64.10249999999999,63.897000000000006,64.84555,,64.53278173348205,64.16473519949528,64.03225878086221,0.3680465339867709,0.2679305372396584,0.10011599674711252,30.99371243062845,71.06,73.89,62.33,64.10249999999999,65.60274383983062,62.60225616016937,0.0468,0.8891,0.6200000000000045,0.39,0.5975180021449364,,34804.13,2.07,-1190132,64.53,63.77,65.19,67.2,61.76,60.34,62.34,68.76499999999999,4.489,5.3547,False,False
2026-06-11 04:00:00,65.27,65.3,65.03,65.1,18546.735,64.229,63.8912,64.84169999999999,,64.62004608217713,64.23401407360674,64.07413098553428,0.3860320085703819,0.2915508315058031,0.09448117706457881,32.319288727673,66.79,81.75,71.34,64.229,65.6068228440101,62.8511771559899,0.0429,0.8161,0.269999999999996,0.38,0.5837173579109064,,34771.67,0.53,-1208678,64.55,63.77,65.19,67.2,61.76,60.34,62.34,68.76499999999999,4.2396,5.6298,False,False
2026-06-11 04:15:00,65.1,65.21,65.05,65.11,15201.974,64.3305,63.88459999999999,64.83775,,64.69542360799602,64.29890192000624,64.11475329982706,0.3965216879897753,0.31254500280259756,0.08397668518717771,33.55018100350008,66.91,78.5,78.05,64.3305,65.64977372364386,63.01122627635614,0.041,0.7954,0.1599999999999966,0.37,0.5682690830901551,,33558.77,0.45,-1193476,64.56,63.77,65.19,67.2,61.76,60.34,62.34,68.76499999999999,4.2543,5.6136,False,False
2026-06-11 04:30:00,65.1,65.21,64.95,65.19,13999.25,64.43050000000001,63.8862,64.83505,,64.77151228368893,64.36490918519097,64.15691983708875,0.4066030984979676,0.3313566219416716,0.07524647655629602,34.247189005717786,67.96,69.22,76.49,64.43050000000001,65.6875052129031,63.17349478709691,0.039,0.8021,0.2599999999999909,0.36,0.5522319374137138,,33109.38,0.42,-1179477,64.57,63.77,65.19,67.2,61.76,60.34,62.34,68.76499999999999,4.3718,5.484,False,False
2026-06-11 04:45:00,65.18,65.35,65.15,65.21,16620.142,64.53150000000001,63.8912,64.83155,,64.83897193235218,64.42750850480645,64.19821709837939,0.4114634275457263,0.3473779830624825,0.06408544448324377,35.134200048141636,68.23,69.85,72.52,64.53150000000001,65.68954326798647,63.37345673201356,0.0359,0.793,0.19999999999998863,0.35,0.5367274957828554,,32874.1,0.51,-1162857,64.59,63.77,65.19,67.2,61.76,60.34,62.34,68.76499999999999,4.4012,5.4516,False,False
2026-06-11 05:00:00,65.21,65.21,65.01,65.08,7692.568,64.61449999999999,63.8974,64.82705,,64.87605317352876,64.47584120815412,64.23279682001157,0.40021196537463766,0.3579447795249136,0.042267185849724054,35.3298318699692,64.42,62.39,67.15,64.61449999999999,65.67057964213346,63.558420357866524,0.0327,0.7204,0.19999999999998863,0.34,0.5224339274738784,,32318.03,0.24,-1170550,64.6,63.77,65.19,67.2,61.76,60.34,62.34,68.76499999999999,4.2102,5.6623,False,False
2026-06-11 05:15:00,65.08,65.26,65.06,65.13,19722.129,64.687,63.9076,64.8232,,64.9151219160628,64.52429741495752,64.26798125844249,0.39082450110528555,0.364520723840988,0.026303777264297556,35.61150237320962,65.23,54.21,62.15,64.687,65.66948021273892,63.704519787261084,0.0304,0.7254,0.20000000000000284,0.33,0.5066789497927223,,31068.01,0.63,-1150827,64.61,63.77,65.19,67.2,61.76,60.34,62.34,68.76499999999999,4.2837,5.5811,False,False
2026-06-11 05:30:00,65.13,65.19,65.06,65.17,6615.179,64.7665,63.92059999999999,64.81965,,64.95433392897621,64.57212723607178,64.30335454242514,0.38220669290443254,0.36805791765367696,0.014148775250755585,35.87305355479001,65.89,47.2,54.6,64.7665,65.62077161956982,63.912228380430165,0.0264,0.7362,0.12999999999999545,0.31,0.475678993401872,,30388.87,0.22,-1144212,64.62,63.77,65.19,67.2,61.76,60.34,62.34,68.76499999999999,4.3425,5.5163,False,False
2026-06-11 05:45:00,65.18,65.21,64.95,64.97,20659.045,64.8315,63.937999999999995,64.81445,,64.95674409374911,64.60159929265906,64.32949750154573,0.35514480109004865,0.36547529434095133,-0.010330493250902684,35.57497941027361,59.74,33.73,45.05,64.8315,65.51530591275468,64.14769408724533,0.0211,0.6013,0.2599999999999909,0.31,0.47714329690626445,,30832.93,0.67,-1164871,64.63,63.77,65.19,67.2,61.76,60.34,62.34,68.76499999999999,4.048,5.8412,False,False
2026-06-11 06:00:00,64.97,65.2,64.81,65.18,33177.041,64.88250000000001,63.9666,64.8097,,64.99109115624924,64.64444378949914,64.3628505407008,0.3466473667501049,0.3617097088227821,-0.015062342072677204,34.64571023884241,63.58,29.17,36.7,64.88250000000001,65.50481740082606,64.26018259917396,0.0192,0.739,0.39000000000000057,0.31,0.47560601411475906,,30561.88,1.09,-1131694,64.65,63.77,65.19,67.2,61.76,60.34,62.34,68.76499999999999,4.3572,5.5002,False,False
2026-06-11 06:15:00,65.18,65.41,65.15,65.33,35024.065,64.935,63.992399999999996,64.8065,,65.04323097836475,64.69522573101771,64.40077797047724,0.3480052473470323,0.3589688165276322,-0.010963569180599875,34.34009994172176,66.08,29.96,30.95,64.935,65.51930345396742,64.35069654603258,0.018,0.838,0.2599999999999909,0.31,0.47451400581662334,,31372.44,1.12,-1096670,64.68,63.77,65.19,67.2,61.76,60.34,62.34,68.76499999999999,4.5768,5.2579,False,False
2026-06-11 06:30:00,65.34,65.43,65.27,65.31,25047.229,64.9555,64.01939999999999,64.79769999999999,,65.08427236630862,64.74076456575715,64.43643373634087,0.3435078005514782,0.3558766133324014,-0.012368812780923166,34.10719153996349,65.43,46.72,35.28,64.9555,65.56294417114259,64.34805582885741,0.0187,0.7918,0.1600000000000108,0.3,0.45934772622875514,,29062.74,0.86,-1121717,64.7,63.77,65.19,67.2,61.76,60.34,62.34,68.76499999999999,4.5475,5.2902,False,False
2026-06-11 06:45:00,65.3,65.35,65.1,65.12,14130.223,64.96650000000001,64.0404,64.7882,,65.08976892533806,64.76885607940477,64.46324025648437,0.32091284593329306,0.34888385985257975,-0.02797101391928669,33.0893548865418,59.51,35.4,37.36,64.96650000000001,65.57766885426496,64.35533114573506,0.0188,0.6256,0.25,0.3,0.4606879606879607,,26037.21,0.54,-1135848,64.71,63.77,65.19,67.2,61.76,60.34,62.34,68.76499999999999,4.269,5.5974,False,False
2026-06-11 07:00:00,65.12,65.12,64.9,64.96,24797.803,64.97449999999999,64.0694,64.77775,,65.06980447528605,64.78301488833775,64.48272103073988,0.28678958694830214,0.33646500527172424,-0.049675418323422094,31.30647512300678,55.0,16.76,32.96,64.97449999999999,65.58066047901382,64.36833952098617,0.0187,0.488,0.21999999999999886,0.29,0.4464285714285714,,25655.29,0.97,-1160645,64.72,63.77,65.19,67.2,61.76,60.34,62.34,68.76499999999999,4.0333,5.8575,False,False
2026-06-11 07:15:00,64.97,65.15,64.95,65.12,19608.461,65.003,64.095,64.76805,,65.07752686370358,64.80797674846087,64.50771236286772,0.26955011524270844,0.3230820272659211,-0.05353191202321267,29.753059036951143,58.4,8.56,20.24,65.003,65.57791784310305,64.42808215689695,0.0177,0.6018,0.20000000000000284,0.28,0.42997542997543,,24967.84,0.79,-1141037,64.72,63.77,65.19,67.2,61.76,60.34,62.34,68.76499999999999,4.269,5.5974,False,False
2026-06-11 07:30:00,65.12,65.18,64.77,64.88,44357.051,65.023,64.1198,64.7565,,65.04713811544148,64.81331180413044,64.52231187804938,0.23382631131104858,0.30523088407494664,-0.07140457276389806,27.660045521913048,52.05,8.56,11.29,65.023,65.54687624091187,64.49912375908812,0.0161,0.3635,0.4100000000000108,0.29,0.4469790382244143,,24469.35,1.81,-1185394,64.74,63.77,65.19,67.2,61.76,60.34,62.34,68.76499999999999,3.9149,5.988,False,False
2026-06-11 07:45:00,64.89,65.05,64.89,65.04,13497.989,65.049,64.1478,64.7458,,65.0460399438351,64.830103522343,64.54261337302783,0.21593642149210268,0.2873719915583779,-0.07143557006627521,25.716532972234816,55.52,15.71,10.94,65.049,65.51632835295557,64.58167164704444,0.0144,0.4904,0.1700000000000017,0.28,0.43050430504305043,,23834.92,0.57,-1171896,64.74,63.77,65.19,67.2,61.76,60.34,62.34,68.76499999999999,4.1513,5.7272,False,False
2026-06-11 08:00:00,65.04,65.27,65.03,65.19,22285.097,65.08649999999999,64.1764,64.7356,,65.06818764478355,64.85676252068795,64.56800108388948,0.211425124095598,0.27218261806582195,-0.06075749397022395,24.670098998799197,58.55,20.54,14.94,65.08649999999999,65.4587633476485,64.71423665235147,0.0114,0.639,0.23999999999999488,0.28,0.42951372909955526,,24321.47,0.92,-1149611,64.75,63.77,65.19,67.2,61.76,60.34,62.34,68.76499999999999,4.3718,5.484,False,False
2026-06-11 08:15:00,65.2,65.53,65.16,65.48,23031.226,65.13499999999999,64.2148,64.72655,,65.13154339173992,64.90292825989624,64.60376574726637,0.2286151318436822,0.263469120821394,-0.0348539889777118,24.507346471889456,63.7,48.22,28.16,65.13499999999999,65.4371676077285,64.83283239227148,0.0093,1.0709,0.37000000000000455,0.29,0.4428833231521075,,24887.43,0.93,-1126580,64.76,63.77,65.19,67.2,61.76,60.34,62.34,68.76499999999999,4.7954,5.0168,False,False
2026-06-11 08:30:00,65.49,65.53,65.31,65.32,22872.42,65.158,64.2518,64.71695,,65.16053671608763,64.93382246286689,64.63185336502062,0.22671425322074867,0.256118147301265,-0.029403894080516302,24.356219125473267,59.32,58.36,42.37,65.158,65.44148210748763,64.87451789251237,0.0087,0.7857,0.21999999999999886,0.28,0.42865890998162903,,23450.22,0.98,-1149452,64.78,63.77,65.19,67.2,61.76,60.34,62.34,68.76499999999999,4.5622,5.274,False,False
2026-06-11 08:45:00,65.31,65.43,65.27,65.31,16901.934,65.16,64.286,64.70824999999999,,65.18353106745877,64.96168746561749,64.65844735070608,0.22184360184128593,0.24926323820926916,-0.027419636367983224,24.021664393341617,59.05,61.6,56.06,65.16,65.44734721341106,64.87265278658893,0.0088,0.761,0.1600000000000108,0.27,0.41341295360587965,,20689.38,0.82,-1166354,64.79,63.77,65.19,67.2,61.76,60.34,62.34,68.76499999999999,4.5475,5.2902,False,False
2026-06-11 09:00:00,65.31,65.32,65.09,65.12,30293.173,65.16099999999999,64.32,64.69875,,65.17375705708051,64.97341432001619,64.67654745459996,0.20034273706431804,0.23947913798027895,-0.039136400915960906,22.88014131799072,53.96,38.46,52.81,65.16099999999999,65.4476062767931,64.87439372320688,0.0088,0.4285,0.22999999999998977,0.27,0.4146191646191646,,21276.7,1.42,-1196647,64.8,63.77,65.19,67.2,61.76,60.34,62.34,68.76499999999999,4.269,5.5974,False,False
2026-06-11 09:15:00,65.13,65.18,65.01,65.17,39318.617,65.164,64.3568,64.69115,,65.17317904829889,64.98797622223722,64.69589853481173,0.18520282606166916,0.228623875596557,-0.043421049534887846,21.477091154591193,55.06,28.34,42.8,65.164,65.44961291435189,64.87838708564811,0.0088,0.5105,0.1700000000000017,0.26,0.3989565751112475,,22482.53,1.75,-1157329,64.81,63.77,65.19,67.2,61.76,60.34,62.34,68.76499999999999,4.3425,5.5163,False,False
2026-06-11 09:30:00,65.16,65.48,65.16,65.39,30795.073,65.174,64.40939999999999,64.68355,,65.20653611779137,65.01775576133076,64.72311820011323,0.18878035646061164,0.22065517176936794,-0.0318748153087563,21.226231833115804,59.62,29.69,32.16,65.174,65.47692608096496,64.87107391903506,0.0093,0.8565,0.3200000000000074,0.27,0.4129071723505124,,23322.32,1.32,-1126534,64.83,63.77,65.19,67.2,61.76,60.34,62.34,68.76499999999999,4.6643,5.1613,False,False
2026-06-11 09:45:00,65.39,65.56,65.37,65.38,37759.95,65.18249999999999,64.4572,64.676,,65.2332228689004,65.04458866789885,64.74887827069703,0.18863420100154826,0.21425097761580403,-0.025616776614255765,21.23868831740037,59.32,43.26,33.76,65.18249999999999,65.49891910914805,64.86608089085193,0.0097,0.8121,0.18999999999999773,0.26,0.39767513000917715,,24379.31,1.55,-1164294,64.85,63.77,65.19,67.2,61.76,60.34,62.34,68.76499999999999,4.6497,5.1774,False,False
2026-06-11 10:00:00,65.39,65.5,65.36,65.39,20957.918,65.19800000000001,64.50359999999999,64.67,,65.2573424275311,65.07017469249894,64.77402029929715,0.18716773503216189,0.20883432909907562,-0.021666594066913736,21.201642883769296,59.54,57.54,43.5,65.19800000000001,65.52351821034411,64.87248178965591,0.01,0.7949,0.14000000000000057,0.25,0.38232145588010397,,25042.58,0.84,-1143336,64.86,63.77,65.19,67.2,61.76,60.34,62.34,68.76499999999999,4.6643,5.1613,False,False
2026-06-11 10:15:00,65.39,65.47,65.28,65.44,18718.372,65.2135,64.5606,64.6641,,65.28544359252632,65.09756915972123,64.8001371503051,0.18787443280508853,0.2046423498402782,-0.016767917035189678,20.76996646193366,60.66,64.19,55.0,65.2135,65.55453711790939,64.8724628820906,0.0105,0.8321,0.18999999999999773,0.25,0.3820293398533008,,24992.39,0.75,-1124617,64.86,63.77,65.19,67.2,61.76,60.34,62.34,68.76499999999999,4.7372,5.081,False,False
2026-06-11 10:30:00,65.44,65.57,65.42,65.44,13225.489,65.227,64.6178,64.65769999999999,,65.30922150136843,65.12293440714929,64.82522981107745,0.18628709421913925,0.20097129871605043,-0.014684204496911185,20.723028357380585,60.66,70.71,64.15,65.227,65.58188174457705,64.87211825542296,0.0109,0.8001,0.14999999999999147,0.24,0.36674816625916873,,25322.91,0.52,-1124617,64.87,63.77,65.19,67.2,61.76,60.34,62.34,68.76499999999999,4.7372,5.081,False,False
2026-06-11 10:45:00,65.44,65.66,65.43,65.5,27187.596,65.2535,64.67559999999999,64.6522,,65.33857203961944,65.1508651918049,64.85169138711363,0.18770684781453895,0.19831840853574814,-0.010611560721209196,20.985124108417008,62.12,78.1,71.0,65.2535,65.60672722670637,64.90027277329364,0.0108,0.8489,0.22999999999998977,0.24,0.366412213740458,,25649.34,1.06,-1097430,64.89,63.77,65.19,67.2,61.76,60.34,62.34,68.76499999999999,4.8244,4.9847,False,False
2026-06-11 11:00:00,65.5,65.62,65.33,65.59,19732.22,65.274,64.7288,64.64659999999999,,65.37725326429337,65.18339369611564,64.88064466605036,0.19385956817772865,0.19742664046414427,-0.003567072286415618,20.693263302020537,64.26,86.79,78.53,65.274,65.65570807252931,64.8922919274707,0.0117,0.9139,0.29000000000000625,0.24,0.3659094374142399,,24977.1,0.79,-1077697,64.9,63.77,65.19,67.2,61.76,60.34,62.34,68.76499999999999,4.955,4.8407,False,False
2026-06-11 11:15:00,65.6,65.61,65.41,65.5,14263.539,65.2825,64.7834,64.642,,65.39613737747901,65.2068460149219,64.90493311051897,0.18929136255711398,0.19579958488273821,-0.00650822232562423,20.422249696080957,60.57,83.54,82.81,65.2825,65.67682153591538,64.88817846408462,0.0121,0.7758,0.20000000000000284,0.24,0.366412213740458,,23939.07,0.6,-1091961,64.9,63.77,65.19,67.2,61.76,60.34,62.34,68.76499999999999,4.8244,4.9847,False,False
2026-06-11 11:30:00,65.5,65.62,65.38,65.52,13346.584,65.293,64.8424,64.63885,,65.41519316555916,65.23004260640916,64.9290533806947,0.1851505591500029,0.19366977973619115,-0.008519220586188259,19.99918090337961,61.11,77.84,82.72,65.293,65.70133938413291,64.8846606158671,0.0125,0.778,0.2400000000000091,0.24,0.3663003663003663,,23354.04,0.57,-1078614,64.91,63.77,65.19,67.2,61.76,60.34,62.34,68.76499999999999,4.8535,4.9527,False,False
2026-06-11 11:45:00,65.51,66.15,65.5,65.88,87525.651,65.33099999999999,64.8984,64.63735,,65.48670190931928,65.278187598527,64.96634540498118,0.20851431079228178,0.1966386859474093,0.011875624844872479,21.32166690154775,69.2,77.84,79.74,65.33099999999999,65.80734131946959,64.85465868053039,0.0146,1.0763,0.6500000000000057,0.27,0.4098360655737705,,27023.81,3.24,-991089,64.97,63.77,65.19,67.2,61.76,60.34,62.34,68.76499999999999,5.3734,4.3792,False,False
2026-06-11 12:00:00,65.89,65.93,65.6,65.66,35572.445,65.366,64.9478,64.63459999999999,,65.5133631540394,65.3064699986361,64.99354754596231,0.2068931554032929,0.19868957983858604,0.008203575564706855,22.54968961413245,60.86,71.55,75.74,65.366,65.83027759391659,64.90172240608341,0.0142,0.8166,0.3300000000000125,0.27,0.41120925982333234,,27562.54,1.29,-1026661,64.99,63.77,65.19,67.2,61.76,60.34,62.34,68.76499999999999,5.0564,4.7289,False,False
2026-06-11 12:15:00,65.66,65.73,64.97,65.11,77048.304,65.3655,64.9862,64.6291,,65.45130728418718,65.2919166654038,64.99811430886575,0.15939061878337668,0.19082978762754418,-0.0314391688441675,20.949633396509835,45.96,48.43,65.94,65.3655,65.83091322895537,64.90008677104463,0.0142,0.2255,0.7600000000000051,0.31,0.4761173398863462,,30434.53,2.53,-1103709,65.0,63.77,65.19,67.2,61.76,60.34,62.34,68.76499999999999,4.2543,5.6136,False,False
2026-06-11 12:30:00,65.11,65.35,64.89,65.31,61628.835,65.38699999999999,65.024,64.6248,,65.42956770200453,65.2932561716702,65.01034512028278,0.13631153033433918,0.17992613616890318,-0.043614605834564,19.726101905430607,50.69,21.88,47.29,65.38699999999999,65.79404842593367,64.9799515740663,0.0125,0.4054,0.45999999999999375,0.32,0.4899709079773389,,31298.12,1.97,-1042081,65.01,63.77,65.19,67.2,61.76,60.34,62.34,68.76499999999999,4.5475,5.2902,False,False
2026-06-11 12:45:00,65.3,65.39,65.14,65.26,31180.393,65.398,65.0556,64.619,,65.4034803632346,65.29079275154648,65.02013550772267,0.11268761168813057,0.16647843127274867,-0.053790819584618094,18.445999439122645,49.52,11.89,27.4,65.398,65.77645113708422,65.01954886291577,0.0116,0.3177,0.25,0.32,0.49034630707937477,,32182.24,0.97,-1073261,65.02,63.77,65.19,67.2,61.76,60.34,62.34,68.76499999999999,4.4744,5.3708,False,False
2026-06-11 13:00:00,65.26,65.26,65.1,65.21,11974.041,65.399,65.0882,64.6148,,65.3737141535062,65.28480810328378,65.02758117408649,0.08890605022241971,0.15096395506268287,-0.06205790484026316,17.400970322847307,48.32,15.28,16.35,65.399,65.77523620800368,65.02276379199633,0.0115,0.2488,0.1600000000000108,0.3,0.4600521392424475,,31666.69,0.38,-1085235,65.02,63.77,65.19,67.2,61.76,60.34,62.34,68.76499999999999,4.4012,5.4516,False,False
2026-06-11 13:15:00,65.2,65.49,65.2,65.26,20949.975,65.388,65.12,64.61105,,65.3562196683514,65.28297046600349,65.03669563784781,0.07324920234790966,0.13542100451972824,-0.062171802171818585,16.720029472892392,49.64,13.77,13.65,65.388,65.76711809020178,65.00888190979823,0.0116,0.3312,0.28999999999999204,0.3,0.45969966288691383,,31562.63,0.66,-1064285,65.02,63.77,65.19,67.2,61.76,60.34,62.34,68.76499999999999,4.4744,5.3708,False,False
2026-06-11 13:30:00,65.25,65.53,65.06,65.41,34608.639,65.3925,65.145,64.60775000000001,,65.36449356552811,65.29238006111434,65.05133502459888,0.07211350441376396,0.1227595044985354,-0.050646000084771436,15.558377261956917,53.45,19.41,16.15,65.3925,65.7703540514709,65.0146459485291,0.0116,0.5232,0.46999999999999886,0.31,0.47393364928909953,,32149.44,1.08,-1029676,65.03,63.77,65.19,67.2,61.76,60.34,62.34,68.76499999999999,4.6935,5.1292,False,False
2026-06-11 13:45:00,65.41,65.74,65.38,65.53,64250.577,65.4035,65.17,64.60485,,65.3899560939084,65.30998153806884,65.0701062001048,0.0799745558395557,0.11420251476673947,-0.03422795892718376,15.18998241052761,56.31,30.86,21.35,65.4035,65.78404116590694,65.02295883409305,0.0116,0.6662,0.35999999999999943,0.32,0.4883259575766824,,34516.87,1.86,-965426,65.05,63.77,65.19,67.2,61.76,60.34,62.34,68.76499999999999,4.868,4.9367,False,False
2026-06-11 14:00:00,65.52,65.61,65.09,65.15,23370.476,65.405,65.175,64.59855,,65.35303977176865,65.29813105376745,65.07323929029678,0.054908718001200896,0.10234375541363176,-0.04743503741243087,14.38206703990034,46.57,26.47,25.58,65.405,65.78104590985443,65.02895409014558,0.0115,0.1609,0.519999999999996,0.33,0.5065234075211051,,34170.73,0.68,-988796,65.05,63.77,65.19,67.2,61.76,60.34,62.34,68.76499999999999,4.3131,5.5487,False,False
2026-06-11 14:15:00,65.14,65.41,64.99,65.4,26857.735,65.4165,65.185,64.59425,,65.36026442226579,65.30567690163653,65.08605343577534,0.05458752062925498,0.0927925084567564,-0.038204987827501424,13.946531376189718,52.4,24.96,27.43,65.4165,65.77598940399044,65.05701059600956,0.011,0.4771,0.4200000000000017,0.34,0.5198776758409785,,33547.69,0.8,-961939,65.05,63.77,65.19,67.2,61.76,60.34,62.34,68.76499999999999,4.6789,5.1453,False,False
2026-06-11 14:30:00,65.39,65.72,65.3,65.57,19715.058,65.4255,65.2004,64.5917,,65.39253143422489,65.32525639040419,65.1050317324116,0.06727504382070038,0.08768901552954521,-0.020413971708844833,13.385004715460425,55.92,24.41,25.28,65.4255,65.79115586352303,65.05984413647697,0.0112,0.6976,0.4200000000000017,0.34,0.5185298154643893,,32993.69,0.6,-942224,65.06,63.77,65.19,67.2,61.76,60.34,62.34,68.76499999999999,4.926,4.8727,False,False
2026-06-11 14:45:00,65.57,65.78,65.32,65.35,44350.107,65.424,65.21640000000001,64.5874,,65.38598813665183,65.32708925037424,65.11463833114055,0.05889888627758921,0.08193098967915402,-0.023032103401564807,13.044143462484008,50.7,30.33,26.57,65.424,65.79068644285121,65.0573135571488,0.0112,0.3991,0.46000000000000796,0.35,0.5355776587605203,,33323.2,1.33,-986574,65.07,63.77,65.19,67.2,61.76,60.34,62.34,68.76499999999999,4.606,5.2257,False,False
2026-06-11 15:00:00,65.35,65.69,65.0,65.56,49895.695,65.43249999999999,65.238,64.5842,,65.41275919255155,65.34434189849468,65.13210349462524,0.06841729405687147,0.07922825055469751,-0.01081095649782604,12.535967000714217,55.02,34.08,29.61,65.43249999999999,65.80372131291232,65.06127868708766,0.0113,0.6717,0.6899999999999977,0.38,0.5796217205613179,,34770.09,1.44,-936678,65.08,63.77,65.19,67.2,61.76,60.34,62.34,68.76499999999999,4.9115,4.8887,False,False
2026-06-11 15:15:00,65.55,65.81,65.47,65.73,29465.49,65.447,65.2622,64.58415,,65.46156547062054,65.37290916527284,65.15555041640464,0.08865630534769764,0.08111386151329754,0.0075424438344001005,11.675941979059175,58.21,47.19,37.2,65.447,65.841386932636,65.052613067364,0.0121,0.8588,0.3400000000000034,0.37,0.5629088696181348,,35307.44,0.83,-907212,65.09,63.77,65.19,67.2,61.76,60.34,62.34,68.76499999999999,5.1575,4.6174,False,False
2026-06-11 15:30:00,65.72,65.87,65.52,65.53,25108.356,65.4515,65.284,64.58165,,65.47209385975584,65.38454552340079,65.17023471380053,0.08754833635505577,0.08240075648164918,0.0051475798734065825,10.999495790104783,53.41,60.66,47.31,65.4515,65.84760073147639,65.0553992685236,0.0121,0.5991,0.3500000000000085,0.37,0.564626888448039,,35901.59,0.7,-932321,65.1,63.77,65.19,67.2,61.76,60.34,62.34,68.76499999999999,4.868,4.9367,False,False
2026-06-11 15:45:00,65.52,65.57,65.36,65.55,20489.875,65.454,65.3048,64.58009999999999,,65.4840794197934,65.3968014105563,65.18512747012207,0.08727800923711015,0.08337620703274139,0.003901802204368768,10.579427650943206,53.82,68.42,58.76,65.454,65.85201613297417,65.05598386702582,0.0122,0.6206,0.20999999999999375,0.36,0.5491990846681922,,35566.7,0.58,-911831,65.1,63.77,65.19,67.2,61.76,60.34,62.34,68.76499999999999,4.897,4.9047,False,False
2026-06-11 16:00:00,65.56,65.8,65.51,65.79,19310.622,65.464,65.32339999999999,64.58215,,65.53114412444057,65.42592723199657,65.20884796148984,0.10521689244400534,0.08774434411499418,0.017472548329011156,10.207937075269285,58.54,74.35,67.81,65.464,65.88574574530949,65.0422542546905,0.0129,0.8865,0.28999999999999204,0.36,0.5471956224350204,,35545.62,0.54,-892520,65.11,63.77,65.19,67.2,61.76,60.34,62.34,68.76499999999999,5.244,4.522,False,False
2026-06-11 16:15:00,65.79,65.8,65.38,65.46,26696.03,65.46199999999999,65.32719999999999,64.5856,,65.52019887452664,65.42845114073756,65.21869706103925,0.0917477337890773,0.08854502204981081,0.0032027117392664922,9.525923842032851,50.84,65.98,69.58,65.46199999999999,65.88340616736966,65.04059383263032,0.0129,0.4976,0.4200000000000017,0.36,0.5499541704857929,,36167.24,0.74,-919216,65.11,63.77,65.19,67.2,61.76,60.34,62.34,68.76499999999999,4.7663,5.0489,False,False
2026-06-11 16:30:00,65.45,65.77,65.31,65.58,30009.884,65.465,65.3368,64.5908,,65.52939904767639,65.43967698216441,65.23286580374359,0.08972206551197814,0.08878043074224427,0.0009416347697338706,9.12081957034647,53.25,63.83,68.05,65.465,65.88899106247077,65.04100893752924,0.013,0.6356,0.45999999999999375,0.37,0.5641964013418725,,37000.41,0.81,-889206,65.12,63.77,65.19,67.2,61.76,60.34,62.34,68.76499999999999,4.9405,4.8567,False,False
2026-06-11 16:45:00,65.58,65.6,65.37,65.38,9820.019,65.44,65.3422,64.59230000000001,,65.5064145788031,65.43525646496705,65.23863577222424,0.07115811383604864,0.08525596736100514,-0.014097853524956502,8.744651318066259,48.95,37.12,55.64,65.44,65.81735924528552,65.06264075471448,0.0115,0.4205,0.22999999999998977,0.36,0.5506271030896298,,33115.13,0.3,-899027,65.12,63.77,65.19,67.2,61.76,60.34,62.34,68.76499999999999,4.6497,5.1774,False,False
2026-06-11 17:00:00,65.39,65.52,65.19,65.25,33840.408,65.4195,65.3434,64.59255,,65.46696618206416,65.42153376385838,65.23908142821546,0.04543241820577748,0.07729125752995962,-0.03185883932418214,8.996356722588096,46.33,25.22,42.06,65.4195,65.79103876329938,65.04796123670062,0.0114,0.2719,0.3299999999999983,0.36,0.5517241379310345,,33028.53,1.02,-932867,65.12,63.77,65.19,67.2,61.76,60.34,62.34,68.76499999999999,4.4598,5.387,False,False
2026-06-11 17:15:00,65.24,65.9,65.05,65.9,44418.91,65.459,65.3572,64.5987,,65.5335867694389,65.45697570727627,65.26499980357956,0.07661106216262681,0.07715521845649306,-0.0005441562938662547,8.808186842300248,58.34,39.4,33.91,65.459,65.85888945841299,65.05911054158702,0.0122,1.0514,0.8500000000000085,0.39,0.5918057663125948,,31397.06,1.41,-888448,65.13,63.77,65.19,67.2,61.76,60.34,62.34,68.76499999999999,5.4021,4.3475,False,False
2026-06-11 17:30:00,65.9,66.75,65.87,66.66,136034.314,65.52650000000001,65.3888,64.6086,,65.70688111260215,65.5460886178484,65.31970569363526,0.1607924947537498,0.09388267371594441,0.06690982103780538,10.54357862358369,67.49,66.11,43.58,65.52650000000001,66.18961148542891,64.86338851457111,0.0202,1.3547,0.8799999999999955,0.43,0.6450645064506451,,35117.33,3.87,-752414,65.21,63.77,65.19,67.2,61.76,60.34,62.34,68.76499999999999,6.4806,3.1578,False,False
2026-06-11 17:45:00,66.66,67.19,66.61,67.15,95179.712,65.621,65.4292,64.6227,,65.92889940297104,65.66489686837814,65.39148194094368,0.2640025345929047,0.12790664589133646,0.13609588870156822,12.811263866932617,71.8,99.44,68.32,65.621,66.5915972117057,64.65040278829429,0.0296,1.2877,0.5799999999999983,0.44,0.6552494415487714,,38317.3,2.48,-657234,65.28,63.77,65.19,67.2,61.76,60.34,62.34,68.76499999999999,7.1631,2.4051,False,False
2026-06-11 18:00:00,67.15,67.31,66.84,67.08,47449.608,65.7145,65.4674,64.63804999999999,,66.10599180251396,65.76971932257234,65.45769833541648,0.3362724799416128,0.16957981270139172,0.16669266724022108,15.076797922436443,70.36,98.12,87.89,65.7145,66.86246799882151,64.56653200117849,0.0349,1.0947,0.46999999999999886,0.44,0.655933214072749,,40091.07,1.18,-704684,65.32,63.77,65.19,67.2,61.76,60.34,62.34,68.76499999999999,7.0662,2.5119,False,False
2026-06-11 18:15:00,67.09,67.29,66.68,66.76,52574.861,65.7895,65.5032,64.65135000000001,,66.20660844828103,65.84307344682624,65.50876898892956,0.36353500145479245,0.20837085045207188,0.15516415100272057,16.636063616043376,64.07,88.01,95.19,65.7895,67.0063721768285,64.5726278231715,0.037,0.8988,0.6099999999999994,0.45,0.6740563211503894,,41672.32,1.26,-757258,65.35,63.77,65.19,67.2,61.76,60.34,62.34,68.76499999999999,6.6207,3.0033,False,False
2026-06-11 18:30:00,66.77,67.0,66.64,66.99,22706.626,65.8685,65.5394,64.66565,,66.32713022546857,65.92803096928355,65.56685647955977,0.39909925618501063,0.24651653159865966,0.15258272458635097,17.947046358956374,66.4,80.94,89.02,65.8685,67.18287838019282,64.55412161980718,0.0399,0.9266,0.35999999999999943,0.45,0.671742051052396,,41077.22,0.55,-734552,65.37,63.77,65.19,67.2,61.76,60.34,62.34,68.76499999999999,6.9413,2.6496,False,False
2026-06-11 18:45:00,66.98,67.01,66.79,66.8,21599.757,65.932,65.5688,64.67895,,66.39987942155032,65.99262126785514,65.6152150489888,0.4072581536951816,0.2786648560179641,0.1285932976772175,19.181824533064045,62.78,71.01,79.99,65.932,67.29917303413491,64.5648269658651,0.0415,0.8174,0.21999999999999886,0.43,0.6437125748502994,,38944.68,0.55,-756152,65.38,63.77,65.19,67.2,61.76,60.34,62.34,68.76499999999999,6.6766,2.9416,False,False
2026-06-11 19:00:00,66.8,66.95,66.6,66.76,36505.748,66.0125,65.59779999999999,64.69,,66.45528258746566,66.04946413690291,65.66010857647944,0.405818450562748,0.3040955749269209,0.1017228756358271,19.63917026401055,62.01,68.32,73.42,66.0125,67.37538973180341,64.6496102681966,0.0413,0.7742,0.3500000000000085,0.42,0.6291192330736968,,39601.44,0.92,-792657,65.4,63.77,65.19,67.2,61.76,60.34,62.34,68.76499999999999,6.6207,3.0033,False,False
2026-06-11 19:15:00,66.76,67.13,66.74,66.96,45160.402,66.0905,65.6346,64.7,,66.53293142016325,66.11691123787307,65.71108471073515,0.41602018229018256,0.3264804963995733,0.08953968589060929,20.424534645169548,64.35,65.64,68.32,66.0905,67.48401090113478,64.69698909886523,0.0422,0.812,0.39000000000000057,0.42,0.6272401433691757,,40516.57,1.11,-747497,65.43,63.77,65.19,67.2,61.76,60.34,62.34,68.76499999999999,6.8996,2.6956,False,False
2026-06-11 19:30:00,66.96,67.42,66.93,66.99,67006.712,66.1615,65.6752,64.71039999999999,,66.60324966321505,66.1815844795121,65.76123825149064,0.4216651837029559,0.3455174338602498,0.07614774984270611,21.67569688058789,64.71,68.17,67.38,66.1615,67.5876656359116,64.7353343640884,0.0431,0.7905,0.4899999999999949,0.43,0.6418868487834005,,42881.16,1.56,-680490,65.47,63.77,65.19,67.2,61.76,60.34,62.34,68.76499999999999,6.9413,2.6496,False,False
2026-06-11 19:45:00,66.99,67.05,66.89,66.93,27540.111,66.2405,65.7114,64.72109999999999,,66.65351894579734,66.2370226662149,65.80707204554983,0.4164962795824465,0.3597132030046891,0.056783076577757385,22.685703109619745,63.36,69.93,67.91,66.2405,67.6523666255789,64.82863337442109,0.0426,0.7442,0.1599999999999966,0.41,0.6125803077842521,,42040.66,0.66,-708030,65.49,63.77,65.19,67.2,61.76,60.34,62.34,68.76499999999999,6.8579,2.7417,False,False
2026-06-11 20:00:00,66.93,67.04,66.82,66.87,20784.651,66.30600000000001,65.7512,64.73060000000001,,66.68682372336698,66.28390987612491,65.84875549474395,0.40291384724207546,0.3683533318521664,0.03456051538990906,23.349858825332355,61.97,66.81,68.3,66.30600000000001,67.70644203548001,64.90555796452001,0.0422,0.7014,0.22000000000001307,0.39,0.5832211754149843,,40585.1,0.51,-728815,65.5,63.77,65.19,67.2,61.76,60.34,62.34,68.76499999999999,6.7743,2.8339,False,False
2026-06-11 20:15:00,66.86,66.92,66.51,66.55,29551.794,66.34700000000001,65.7814,64.73795,,66.66577391977206,66.3036202556712,65.8762552792638,0.3621536641008589,0.3671133983019049,-0.004959734201046007,22.84848116450371,55.04,54.17,63.64,66.34700000000001,67.72426043862154,64.96973956137847,0.0415,0.5737,0.4099999999999966,0.39,0.5860255447032306,,40589.42,0.73,-758367,65.51,63.77,65.19,67.2,61.76,60.34,62.34,68.76499999999999,6.3261,3.3283,False,False
2026-06-11 20:30:00,66.56,66.61,66.36,66.42,19026.835,66.39150000000001,65.806,64.7448,,66.62796254749944,66.31224097747334,65.89757860164562,0.31572157002609913,0.35683503264674377,-0.041113462620644636,21.89927639101703,52.48,31.88,50.95,66.39150000000001,67.71403783151636,65.06896216848365,0.0398,0.5108,0.25,0.38,0.5721168322794339,,40285.34,0.47,-777394,65.52,63.77,65.19,67.2,61.76,60.34,62.34,68.76499999999999,6.1427,3.5306,False,False
2026-06-11 20:45:00,66.42,66.6,66.39,66.6,8409.656,66.444,65.8284,64.7513,,66.62366061711491,66.33355646062346,65.92512453883599,0.29010415649145216,0.34348885741568547,-0.05338470092423331,21.017871958493686,55.57,16.74,34.26,66.444,67.70795203106947,65.18004796893054,0.038,0.5617,0.20999999999999375,0.37,0.5555555555555556,,39681.33,0.21,-768984,65.52,63.77,65.19,67.2,61.76,60.34,62.34,68.76499999999999,6.3964,3.2508,False,False
2026-06-11 21:00:00,66.6,67.1,66.58,67.04,12705.687,66.50649999999999,65.8628,64.76045,,66.68771282986646,66.38588561168838,65.96884514515615,0.3018272181780759,0.33515652956816355,-0.03332931139008766,21.386009285074163,62.06,21.86,23.49,66.50649999999999,67.75784496064387,65.25515503935611,0.0376,0.7132,0.519999999999996,0.38,0.5668257756563245,,39351.09,0.32,-756278,65.53,63.77,65.19,67.2,61.76,60.34,62.34,68.76499999999999,7.0107,2.5731,False,False
2026-06-11 21:15:00,67.03,67.04,66.9,66.97,9524.57,66.58200000000001,65.896,64.76855,,66.73114162527162,66.4291533441559,66.00810611985591,0.30198828111571174,0.3285228798776732,-0.02653459876196146,21.72785108832746,60.54,36.89,25.16,66.58200000000001,67.74670190448813,65.41729809551188,0.035,0.6666,0.14000000000000057,0.37,0.5524861878453038,,38492.51,0.25,-765803,65.53,63.77,65.19,67.2,61.76,60.34,62.34,68.76499999999999,6.9135,2.6803,False,False
2026-06-11 21:30:00,66.97,67.04,66.93,67.0,12249.495,66.65299999999999,65.93360000000001,64.777,,66.77250445215292,66.47143828162584,66.04700391907726,0.3010661705270792,0.3230315380075544,-0.02196536748047523,22.04527561991981,60.98,51.93,36.89,66.65299999999999,67.73036716118622,65.57563283881376,0.0323,0.661,0.10999999999999943,0.35,0.5223880597014925,,37604.49,0.33,-753553,65.54,63.77,65.19,67.2,61.76,60.34,62.34,68.76499999999999,6.9552,2.6343,False,False
2026-06-11 21:45:00,67.0,67.1,66.83,66.91,10644.514,66.7295,65.9684,64.7845,,66.79365761336015,66.50392433483874,66.08084690264285,0.2897332785214104,0.31637188611032563,-0.02663860758891523,21.944660743118426,58.86,50.69,46.5,66.7295,67.62884420552004,65.83015579447996,0.027,0.6004,0.269999999999996,0.34,0.5081452697653566,,37645.72,0.28,-764198,65.54,63.77,65.19,67.2,61.76,60.34,62.34,68.76499999999999,6.8301,2.7724,False,False
2026-06-11 22:00:00,66.91,67.11,66.89,67.06,16056.155,66.82000000000001,66.0018,64.79185000000001,,66.8346333651509,66.5451151248507,66.11924506332352,0.289518240300211,0.3110011569483027,-0.02148291664809171,21.877888638564563,61.28,59.66,54.09,66.82000000000001,67.40009073700615,66.23990926299386,0.0174,0.7069,0.21999999999999886,0.33,0.4920966298836863,,36756.51,0.44,-748142,65.55,63.77,65.19,67.2,61.76,60.34,62.34,68.76499999999999,7.0385,2.5425,False,False
2026-06-11 22:15:00,67.06,67.14,66.89,66.98,10062.604,66.874,66.0338,64.79929999999999,,66.85699746282,66.5773288193062,66.15300015887946,0.2796686435138014,0.30473465426140245,-0.025066010747601064,21.90031771779744,59.28,57.83,56.06,66.874,67.26313669632081,66.48486330367918,0.0116,0.6362,0.25,0.33,0.4926843833980292,,35038.69,0.29,-758204,65.56,63.77,65.19,67.2,61.76,60.34,62.34,68.76499999999999,6.9274,2.665,False,False
2026-06-11 22:30:00,66.99,67.13,66.89,66.94,14864.413,66.888,66.0648,64.80595,,66.86976708392461,66.60419335120945,66.18386289774693,0.2655737327151684,0.29690246995215563,-0.03132873723698726,21.921144719942255,58.26,58.29,58.59,66.888,67.26466682192526,66.51133317807475,0.0113,0.569,0.23999999999999488,0.32,0.47804003585300275,,28980.2,0.51,-773069,65.57,63.77,65.19,67.2,61.76,60.34,62.34,68.76499999999999,6.8718,2.7263,False,False
2026-06-11 22:45:00,66.93,67.04,66.87,66.9,9254.978,66.8755,66.09400000000001,64.81235,,66.87441830178237,66.62610495482356,66.21194670567843,0.2483133469588097,0.2871846453534865,-0.03887129839467679,21.840654933801662,57.19,47.15,54.42,66.8755,67.23158839825365,66.51941160174636,0.0106,0.5344,0.1700000000000017,0.31,0.4633781763826606,,24683.96,0.37,-782324,65.57,63.77,65.19,67.2,61.76,60.34,62.34,68.76499999999999,6.8161,2.7877,False,False
2026-06-11 23:00:00,66.89,66.89,66.69,66.79,12576.754,66.86099999999999,66.12100000000001,64.81855,,66.86143087073893,66.63824532854034,66.23461546231849,0.22318554219859266,0.27438482472250775,-0.05119928252391509,20.904861823369806,54.26,34.06,46.5,66.86099999999999,67.20545380104602,66.51654619895396,0.0103,0.3969,0.21000000000000796,0.3,0.44916903728103,,22940.32,0.55,-794900,65.58,63.77,65.19,67.2,61.76,60.34,62.34,68.76499999999999,6.6627,2.957,False,False
2026-06-11 23:15:00,66.78,66.87,66.71,66.73,6870.926,66.8595,66.1456,64.82655,,66.84121073677909,66.64504197087068,66.25404230693346,0.1961687659084106,0.25874161295968834,-0.06257284705127775,20.035911077968798,52.67,18.99,33.4,66.8595,67.20606054381413,66.51293945618586,0.0104,0.3132,0.1600000000000108,0.29,0.43458714221489575,,20655.12,0.33,-801771,65.58,63.77,65.19,67.2,61.76,60.34,62.34,68.76499999999999,6.5788,3.0496,False,False
2026-06-11 23:30:00,66.73,67.13,66.73,67.04,22936.203,66.862,66.1746,64.8367,,66.87179370035153,66.67429812117656,66.28486417724979,0.1974955791749693,0.24649240620274454,-0.04899682702777525,20.162709529232814,59.3,29.85,27.63,66.862,67.21321443442689,66.5107855655731,0.0105,0.7534,0.3999999999999915,0.3,0.44749403341288774,,20666.6,1.11,-778835,65.59,63.77,65.19,67.2,61.76,60.34,62.34,68.76499999999999,7.0107,2.5731,False,False
2026-06-11 23:45:00,67.04,67.06,66.77,66.93,13696.349,66.8685,66.2032,64.84625,,66.88074851568206,66.69323900108941,66.3101636212792,0.18750951459264797,0.23469582788072524,-0.047186313288077264,20.280450948263685,56.29,37.65,28.83,66.8685,67.21969495261075,66.51730504738924,0.0105,0.5876,0.29000000000000625,0.3,0.44822949350067226,,20271.43,0.68,-792532,65.6,63.77,65.19,67.2,61.76,60.34,62.34,68.76499999999999,6.8579,2.7417,False,False
2026-06-12 00:00:00,66.93,67.09,66.75,66.98,16296.12,66.8795,66.2324,64.85565000000001,,66.89601797480789,66.71448055656427,66.33643171456238,0.18153741824362157,0.22406414595330454,-0.042526727709682965,20.49481701492128,57.35,53.56,40.35,66.8795,67.23016703355673,66.52883296644326,0.0105,0.6433,0.3400000000000034,0.3,0.44789489399820837,,19260.95,0.85,-776235,66.94,65.85,68.5,70.08,64.27,61.62,62.34,68.76499999999999,6.9274,2.665,False,False
2026-06-12 00:15:00,66.98,66.98,66.76,66.9,13649.602,66.8765,66.2528,64.86445,,66.89663059406821,66.7282227375595,66.35853243163837,0.1684078565087077,0.21293288806438518,-0.04452503155567747,20.693871219674765,55.05,38.27,43.16,66.8765,67.2252888820088,66.52771111799119,0.0104,0.5337,0.21999999999999886,0.3,0.4484304932735425,,17685.41,0.77,-789885,66.91,65.85,68.5,70.08,64.27,61.62,62.34,68.76499999999999,6.8161,2.7877,False,False
2026-06-12 00:30:00,66.89,67.11,66.84,66.98,12054.08,66.876,66.2792,64.87365,,66.90945665651925,66.7468729051477,66.38290370882902,0.16258375137155667,0.2028630607258195,-0.04027930935426283,21.3519202915461,56.91,41.42,44.42,66.876,67.22413185645114,66.52786814354887,0.0104,0.6494,0.269999999999996,0.29,0.4329650641982681,,14937.77,0.81,-777831,66.93,65.85,68.5,70.08,64.27,61.62,62.34,68.76499999999999,6.9274,2.665,False,False
2026-06-12 00:45:00,66.97,67.06,66.87,66.87,21689.75,66.873,66.31439999999999,64.88355,,66.90338640167013,66.75599343069231,66.40200552416906,0.147392970977819,0.19176904277621942,-0.04437607179840042,21.962965858283766,53.62,28.5,36.06,66.873,67.22020538439057,66.52579461560944,0.0104,0.4957,0.18999999999999773,0.29,0.43367728428293695,,14645.26,1.48,-799521,66.93,65.85,68.5,70.08,64.27,61.62,62.34,68.76499999999999,6.7743,2.8339,False,False
2026-06-12 01:00:00,66.87,66.87,66.62,66.71,21103.858,66.865,66.3424,64.89229999999999,,66.87363464756703,66.75258650990028,66.41408373890752,0.12104813766674738,0.17762486175432504,-0.05657672408757766,21.031853565565857,49.17,20.07,30.0,66.865,67.21978681516222,66.51021318483777,0.0106,0.2816,0.25,0.28,0.4197271773347325,,14661.22,1.44,-820625,66.88,65.85,68.5,70.08,64.27,61.62,62.34,68.76499999999999,6.5507,3.0805,False,False
2026-06-12 01:15:00,66.72,66.82,66.42,66.53,27522.613,66.864,66.3678,64.90035,,66.82076777871056,66.73609862027804,66.41862947463663,0.08466915843251854,0.15903372108996375,-0.0743645626574452,19.842219355149087,44.68,3.67,17.41,66.864,67.22261722740537,66.50538277259464,0.0107,0.0343,0.3999999999999915,0.29,0.43589358184277766,,14559.76,1.89,-848147,66.81,65.85,68.5,70.08,64.27,61.62,62.34,68.76499999999999,6.2979,3.3594,False,False
2026-06-12 01:30:00,66.53,66.64,66.46,66.56,12636.462,66.87100000000001,66.3948,64.90845,,66.78064965890893,66.72305427803522,66.42417341680775,0.05759538087370686,0.1387460530467124,-0.08115067217300553,18.737559016904946,45.57,2.04,8.59,66.87100000000001,67.19711912580063,66.5448808741994,0.0098,0.0232,0.18000000000000682,0.28,0.420673076923077,,14240.24,0.89,-835511,66.78,65.85,68.5,70.08,64.27,61.62,62.34,68.76499999999999,6.3401,3.3128,False,False
2026-06-12 01:45:00,66.57,66.7,66.56,66.7,14579.02,66.876,66.4236,64.91715,,66.76824201907678,66.72134655373631,66.43499014556038,0.0468954653404694,0.1203759355054638,-0.0734804701649944,17.407889445632694,49.65,13.38,6.36,66.876,67.18735696217873,66.56464303782128,0.0093,0.2174,0.14000000000000057,0.27,0.4047976011994003,,14548.71,1.0,-820932,66.77,65.85,68.5,70.08,64.27,61.62,62.34,68.76499999999999,6.5367,3.096,False,False
2026-06-12 02:00:00,66.69,67.18,66.68,67.06,30810.565,66.87700000000001,66.4566,64.9269,,66.81312786229574,66.7464319942003,66.45950033593056,0.0666958680954508,0.1096399220234612,-0.0429440539280104,18.014540048658265,58.31,44.46,19.96,66.87700000000001,67.19069445409308,66.56330554590694,0.0094,0.7917,0.5,0.29,0.4324485535341485,,15453.95,1.99,-790121,66.81,65.85,68.5,70.08,64.27,61.62,62.34,68.76499999999999,7.0385,2.5425,False,False
2026-06-12 02:15:00,67.07,67.13,66.91,67.01,16319.741,66.879,66.4862,64.93650000000001,,66.84341588348101,66.76595555018545,66.48108855805093,0.07746033329556212,0.1032040042778814,-0.025743670982319278,18.57785846575344,56.85,70.18,42.67,66.879,67.19568679530133,66.56231320469868,0.0095,0.7068,0.21999999999999886,0.29,0.4327712281748992,,15793.71,1.03,-806441,66.83,65.85,68.5,70.08,64.27,61.62,62.34,68.76499999999999,6.9691,2.619,False,False
2026-06-12 02:30:00,67.02,67.29,66.98,67.29,22496.83,66.8935,66.52900000000001,64.95005,,66.91212113217624,66.80477365757912,66.51281057538226,0.10734747459711969,0.10403269834172907,0.003314776255390617,19.584199471328912,62.52,92.17,68.94,66.8935,67.25666010678532,66.53033989321469,0.0109,1.0459,0.3100000000000023,0.29,0.4309704265121117,,16306.08,1.38,-783944,66.86,65.85,68.5,70.08,64.27,61.62,62.34,68.76499999999999,7.3562,2.192,False,False
2026-06-12 02:45:00,67.29,67.3,67.08,67.14,13561.206,66.905,66.5638,64.9598,,66.94717941953374,66.82960523849918,66.53740623909276,0.11757418103455564,0.10674099488029438,0.010833186154261251,20.54803563341474,58.11,86.19,82.85,66.905,67.2845565279338,66.5254434720662,0.0113,0.8096,0.21999999999999886,0.28,0.41703902293714634,,16451.91,0.82,-797505,66.88,65.85,68.5,70.08,64.27,61.62,62.34,68.76499999999999,7.1492,2.4203,False,False
2026-06-12 03:00:00,67.15,67.18,66.93,66.99,12255.583,66.9015,66.5922,64.9692,,66.95376720114393,66.84148633194368,66.5551550140303,0.11228086920024793,0.1078489697442851,0.00443189945596284,20.589361329471966,54.02,75.88,84.75,66.9015,67.2762995955768,66.5267004044232,0.0112,0.6181,0.25,0.28,0.41797283176593525,,16261.88,0.75,-809761,66.89,65.85,68.5,70.08,64.27,61.62,62.34,68.76499999999999,6.9413,2.6496,False,False
2026-06-12 03:15:00,66.98,67.01,66.68,66.83,17954.765,66.894,66.62180000000001,64.9774,,66.93472609327564,66.84063549254044,66.56593324877421,0.09409060073519981,0.10509729594246806,-0.011006695207268241,19.42671445158485,49.97,52.43,71.5,66.894,67.26818824421365,66.51981175578636,0.0112,0.4145,0.3299999999999983,0.28,0.41897351488852314,,16656.49,1.08,-827716,66.89,65.85,68.5,70.08,64.27,61.62,62.34,68.76499999999999,6.7185,2.8954,False,False
2026-06-12 03:30:00,66.83,67.0,66.81,66.9,13474.43,66.892,66.6486,64.98734999999999,,66.92938361738707,66.84503286346337,66.57903390568502,0.08435075392370095,0.10094798753871465,-0.016597233615013696,18.347113779261097,51.67,40.4,56.24,66.892,67.2655801189378,66.51841988106219,0.0112,0.5107,0.18999999999999773,0.28,0.4185351270553065,,16586.99,0.81,-814241,66.89,65.85,68.5,70.08,64.27,61.62,62.34,68.76499999999999,6.8161,2.7877,False,False
2026-06-12 03:45:00,66.91,67.05,66.83,67.04,26820.885,66.899,66.6748,64.9971,,66.94640152240444,66.8594748735772,66.59711100742287,0.08692664882724443,0.09814371979642061,-0.01121707096917618,17.557835266811804,54.98,42.2,45.01,66.899,67.27841228790454,66.51958771209546,0.0113,0.6858,0.21999999999999886,0.27,0.402744630071599,,17465.29,1.54,-787420,66.9,65.85,68.5,70.08,64.27,61.62,62.34,68.76499999999999,7.0107,2.5731,False,False
2026-06-12 04:00:00,67.04,67.06,66.85,66.91,13275.886,66.905,66.7024,65.00725,,66.94080128818837,66.86321747553444,66.60938116399451,0.077583812653927,0.0940317383679219,-0.016447925713994907,16.869126064569027,51.46,44.99,42.53,66.905,67.28093392476858,66.52906607523143,0.0112,0.5067,0.21000000000000796,0.27,0.40352712599013607,,17500.24,0.76,-800696,66.9,65.85,68.5,70.08,64.27,61.62,62.34,68.76499999999999,6.8301,2.7724,False,False
2026-06-12 04:15:00,66.9,67.17,66.9,67.12,24002.234,66.92450000000001,66.7338,65.0192,,66.96837032077477,66.88223840327262,66.62940543207316,0.08613191750214355,0.09245177419476625,-0.006319856692622694,16.711524657925377,56.33,53.68,46.96,66.92450000000001,67.3026659340642,66.54633406593582,0.0113,0.7585,0.269999999999996,0.27,0.4022646007151371,,18356.81,1.31,-776694,66.91,65.85,68.5,70.08,64.27,61.62,62.34,68.76499999999999,7.1216,2.4508,False,False
2026-06-12 04:30:00,67.12,67.24,67.03,67.12,21318.999,66.9285,66.7604,65.0327,,66.99169796373249,66.89985037340057,66.64864443473695,0.09184759033192336,0.09233093742219768,-0.00048334709027432476,16.85661254413565,56.33,56.19,51.62,66.9285,67.31344155400843,66.54355844599156,0.0115,0.7487,0.20999999999999375,0.26,0.3873659117997616,,18275.95,1.17,-776694,66.92,65.85,68.5,70.08,64.27,61.62,62.34,68.76499999999999,7.1216,2.4508,False,False
2026-06-12 04:45:00,67.12,67.18,67.04,67.07,10883.708,66.9355,66.79260000000001,65.04650000000001,,67.00374443085057,66.91245404944497,66.66516818239432,0.09129038140559942,0.09212282621887803,-0.0008324448132786127,16.991337009902335,54.81,61.69,57.19,66.9355,67.3256133438567,66.54538665614331,0.0117,0.6724,0.14000000000000057,0.26,0.38765468913075896,,18135.32,0.6,-787578,66.93,65.85,68.5,70.08,64.27,61.62,62.34,68.76499999999999,7.0523,2.5272,False,False
2026-06-12 05:00:00,67.07,67.08,66.74,66.76,10399.066,66.9245,66.81620000000001,65.05775,,66.96624528764279,66.9011611568935,66.6688870772024,0.0650841307492982,0.08671508712496206,-0.021630956375663868,16.067462383996943,46.45,39.93,52.6,66.9245,67.3216729041512,66.52732709584879,0.0119,0.2929,0.3400000000000034,0.26,0.3894547633313361,,17840.46,0.58,-797977,66.93,65.85,68.5,70.08,64.27,61.62,62.34,68.76499999999999,6.6207,3.0033,False,False
2026-06-12 05:15:00,66.77,66.91,66.77,66.78,12849.525,66.9185,66.8442,65.06765,,66.93759216646698,66.89218625638287,66.67324444672388,0.04540591008411354,0.07845325171679236,-0.03304734163267882,15.20957880279908,47.02,19.33,40.32,66.9185,67.32082351475988,66.51617648524011,0.012,0.3279,0.14999999999999147,0.25,0.3743635819107517,,17800.46,0.72,-785127,66.92,65.85,68.5,70.08,64.27,61.62,62.34,68.76499999999999,6.6487,2.9724,False,False
2026-06-12 05:30:00,66.78,66.87,66.63,66.75,24810.425,66.907,66.8742,65.07835,,66.90873183316437,66.88165394109525,66.67625446842099,0.027077892069115705,0.06817817978725704,-0.04110028771814134,15.058103800162762,46.23,1.16,20.14,66.907,67.315029926666,66.498970073334,0.0122,0.3076,0.2400000000000091,0.25,0.37453183520599254,,18438.28,1.35,-809938,66.91,65.85,68.5,70.08,64.27,61.62,62.34,68.76499999999999,6.6067,3.0187,False,False
2026-06-12 05:45:00,66.75,66.81,66.65,66.74,12376.982,66.9005,66.891,65.0895,,66.88277308960062,66.87116105656968,66.6787542931888,0.011612033030942825,0.0568649504359942,-0.04525291740505138,14.917448440571896,45.96,1.16,7.22,66.9005,67.31510063219073,66.48589936780925,0.0124,0.3064,0.1599999999999966,0.25,0.37458795325142347,,17972.64,0.69,-822315,66.91,65.85,68.5,70.08,64.27,61.62,62.34,68.76499999999999,6.5927,3.0342,False,False
2026-06-12 06:00:00,66.75,66.82,66.61,66.69,20969.153,66.8995,66.89160000000001,65.10034999999999,,66.85311569120053,66.857741719046,66.67919530129905,-0.004626027845475278,0.04456675477970031,-0.04919278262517559,14.974629434034664,44.53,0.0,0.77,66.8995,67.31612680511374,66.48287319488627,0.0125,0.2486,0.20999999999999375,0.24,0.3598740440845704,,17965.9,1.17,-843284,66.9,65.85,68.5,70.08,64.27,61.62,62.34,68.76499999999999,6.5227,3.1114,False,False
2026-06-12 06:15:00,66.69,66.69,66.41,66.47,18314.752,66.8965,66.878,65.11025000000001,,66.79417481563121,66.82902011022779,66.67099156399321,-0.034845294596578924,0.028684344904444464,-0.06352963950102339,15.870962638436893,38.83,0.0,0.39,66.8965,67.32502378181542,66.46797621818459,0.0128,0.0024,0.28000000000000114,0.25,0.37610952309312473,,17505.51,1.05,-861598,66.88,65.85,68.5,70.08,64.27,61.62,62.34,68.76499999999999,6.2133,3.4527,False,False
2026-06-12 06:30:00,66.46,66.46,65.95,66.01,63701.038,66.869,66.85660000000001,65.11935,,66.67353253630333,66.76835195391462,66.64507032618957,-0.09481941761129065,0.003983592401297444,-0.0988030100125881,18.03672299123879,30.14,0.0,0.0,66.869,67.43650237653323,66.30149762346677,0.017,-0.2568,0.519999999999996,0.27,0.409028935009847,,20058.74,3.18,-925299,66.79,65.85,68.5,70.08,64.27,61.62,62.34,68.76499999999999,5.5598,4.1736,False,False
2026-06-12 06:45:00,66.02,66.22,66.02,66.11,26319.994,66.83950000000002,66.8436,65.12845,,66.5868352230259,66.71958514251354,66.62408717614292,-0.1327499194876367,-0.02336310997648939,-0.10938680951114732,20.047786175983408,33.62,4.43,1.48,66.83950000000002,67.49803026146535,66.18096973853469,0.0197,-0.0539,0.20999999999999375,0.26,0.39328392073816365,,20645.79,1.27,-898980,66.76,65.85,68.5,70.08,64.27,61.62,62.34,68.76499999999999,5.7026,4.016,False,False
2026-06-12 07:00:00,66.12,66.35,66.12,66.18,15536.529,66.79549999999999,66.82740000000001,65.13875,,66.52424518871422,66.67961587269772,66.60667199276477,-0.15537068398350584,-0.04976462477789268,-0.10560605920561317,21.102264502896016,36.02,11.91,5.45,66.79549999999999,67.50742770183075,66.08357229816923,0.0213,0.0677,0.23999999999999488,0.26,0.39286793593230585,,19882.09,0.78,-883443,66.75,65.85,68.5,70.08,64.27,61.62,62.34,68.76499999999999,5.8024,3.906,False,False
2026-06-12 07:15:00,66.18,66.36,66.13,66.28,15376.174,66.75899999999999,66.817,65.14920000000001,,66.48666900583511,66.65001469694234,66.59386132638184,-0.1633456911072244,-0.07248083804375903,-0.09086485306346538,22.019719725334006,39.39,23.69,13.34,66.75899999999999,67.49892602759886,66.01907397240112,0.0222,0.1763,0.23000000000000398,0.26,0.3922751961375981,,19834.91,0.78,-868067,66.73,65.85,68.5,70.08,64.27,61.62,62.34,68.76499999999999,5.9445,3.7492,False,False
2026-06-12 07:30:00,66.28,66.37,66.24,66.29,17765.849,66.709,66.80760000000001,65.16015,,66.45641223570664,66.62334694161328,66.58194519593549,-0.16693470590664106,-0.09137161161633545,-0.07556309429030561,22.806071097217366,39.73,31.48,22.36,66.709,67.43281736574211,65.9851826342579,0.0217,0.2106,0.13000000000000966,0.25,0.3771307889576105,,19598.36,0.91,-850301,66.72,65.85,68.5,70.08,64.27,61.62,62.34,68.76499999999999,5.9587,3.7336,False,False
2026-06-12 07:45:00,66.29,66.49,66.17,66.32,31182.113,66.668,66.79480000000001,65.1711,,66.43542573790562,66.60087679779006,66.57167283531057,-0.16545105988444675,-0.10618750126995771,-0.05926355861448904,22.763150772475043,40.81,37.58,30.92,66.668,67.38185093534801,65.954149064652,0.0214,0.2563,0.3199999999999932,0.25,0.3769601930036189,,20479.4,1.52,-819119,66.7,65.85,68.5,70.08,64.27,61.62,62.34,68.76499999999999,6.0012,3.6867,False,False
2026-06-12 08:00:00,66.32,66.69,66.31,66.62,16626.758,66.6495,66.78739999999999,65.1841,,66.46382177822784,66.6022933312871,66.57356801823957,-0.1384715530592615,-0.11264431162781847,-0.025827241431443035,21.611005803406314,50.39,53.16,40.74,66.6495,67.34720978735497,65.95179021264504,0.0209,0.4789,0.37999999999999545,0.26,0.39027319123386367,,20697.96,0.8,-802492,66.7,65.85,68.5,70.08,64.27,61.62,62.34,68.76499999999999,6.4245,3.2198,False,False
2026-06-12 08:15:00,66.62,67.05,66.59,66.95,30508.238,66.65549999999999,66.7878,65.1983,65.5789125,66.53861842773125,66.6280493808214,66.58833005673998,-0.08943095309014382,-0.10800163992028355,0.018570686830139738,21.102286151328236,58.36,74.28,55.01,66.65549999999999,67.36175699810401,65.94924300189597,0.0212,0.7085,0.45999999999999375,0.28,0.4182225541448843,,21325.64,1.43,-771984,66.7,65.85,68.5,70.08,64.27,61.62,62.34,68.76499999999999,6.8857,2.711,False,False
2026-06-12 08:30:00,66.95,67.02,66.8,66.81,13711.441,66.651,66.7866,65.21125,65.5734,66.58036943884952,66.64152720446425,66.59702299569135,-0.061157765614737514,-0.09863286505917436,0.037475099444436846,20.629903617255735,54.37,89.31,72.25,66.651,67.35182357566866,65.95017642433133,0.021,0.6134,0.21999999999999886,0.27,0.4041311180960934,,21337.49,0.64,-785695,66.71,65.85,68.5,70.08,64.27,61.62,62.34,68.76499999999999,6.6906,2.9262,False,False
2026-06-12 08:45:00,66.81,66.97,66.77,66.92,24207.569,66.64500000000001,66.79400000000001,65.22485,65.5686125,66.63262029441113,66.66215481894838,66.6096887605662,-0.02953452453725447,-0.08481319695479039,0.05527867241753592,20.037648258199447,56.87,93.52,85.7,66.64500000000001,67.33375173130159,65.95624826869843,0.0207,0.6996,0.20000000000000284,0.27,0.4034668260609683,,21206.82,1.14,-761488,66.71,65.85,68.5,70.08,64.27,61.62,62.34,68.76499999999999,6.844,2.757,False,False
2026-06-12 09:00:00,66.92,67.01,66.85,67.0,25189.106,66.6495,66.8056,65.23785000000001,65.56462499999999,66.6891402491171,66.68718038791516,66.62499508368126,0.0019598612019393613,-0.06745858532344445,0.06941844652538381,19.652150274315186,58.64,93.52,92.12,66.6495,67.34666644543042,65.95233355456959,0.0209,0.7514,0.1600000000000108,0.26,0.3880597014925373,,21802.48,1.16,-736299,66.72,65.85,68.5,70.08,64.27,61.62,62.34,68.76499999999999,6.9552,2.6343,False,False
2026-06-12 09:15:00,67.0,67.27,66.97,67.23,49434.029,66.655,66.8182,65.25135,65.5620375,66.77234944156062,66.7273892480696,66.64872076667416,0.04496019349102198,-0.04497482956055117,0.08993502305157315,20.241048740111367,63.31,98.23,95.09,66.655,67.36931969844142,65.94068030155859,0.0214,0.9025,0.29999999999999716,0.26,0.38673211363974414,,23074.07,2.14,-686865,66.75,65.85,68.5,70.08,64.27,61.62,62.34,68.76499999999999,7.2735,2.2832,False,False
2026-06-12 09:30:00,67.22,67.49,67.21,67.29,87906.117,66.6635,66.8232,65.26469999999999,65.5591875,66.85198798901284,66.76906411858296,66.67386897190262,0.08292387042988025,-0.01939508956246488,0.10231895999234514,21.426357030966923,64.44,100.0,97.25,66.6635,67.40465912063993,65.92234087936006,0.0222,0.9226,0.28000000000000114,0.26,0.38638727894189323,,26403.43,3.33,-598958,66.81,65.85,68.5,70.08,64.27,61.62,62.34,68.76499999999999,7.3562,2.192,False,False
2026-06-12 09:45:00,67.28,67.38,67.17,67.17,29619.429,66.66850000000001,66.82719999999999,65.27805,65.5573625,66.9009129137801,66.798763072762,66.69332509065154,0.10214984101810387,0.004913896553648871,0.097235944464455,22.295371663118488,60.43,96.11,98.11,66.66850000000001,67.42244471387592,65.9145552861241,0.0226,0.8326,0.20999999999999375,0.26,0.3870775643888641,,27340.21,1.08,-628578,66.82,65.85,68.5,70.08,64.27,61.62,62.34,68.76499999999999,7.1907,2.3746,False,False
2026-06-12 10:00:00,67.18,67.35,67.11,67.18,24820.77,66.68950000000001,66.8308,65.29335,65.556025,66.94384938858316,66.82700284514999,66.71241038121423,0.11684654343316936,0.02730042592955297,0.0895461175036164,22.750480529019317,60.65,92.02,96.04,66.68950000000001,67.47683327391456,65.90216672608545,0.0236,0.8115,0.23999999999999488,0.26,0.3870199464126228,,28061.3,0.88,-603757,66.83,65.85,68.5,70.08,64.27,61.62,62.34,68.76499999999999,7.2045,2.3593,False,False
2026-06-12 10:15:00,67.18,67.24,66.59,66.7,31903.508,66.6855,66.8266,65.30755,65.55275,66.9063340980319,66.81759522699073,66.71192369959797,0.08873887104117273,0.03958811495187692,0.04915075608929581,21.430788243348175,47.15,71.74,86.62,66.6855,67.47170942703607,65.89929057296393,0.0236,0.5092,0.6499999999999915,0.29,0.4347826086956521,,29014.0,1.1,-635661,66.83,65.85,68.5,70.08,64.27,61.62,62.34,68.76499999999999,6.5367,3.096,False,False
2026-06-12 10:30:00,66.7,66.88,66.69,66.77,15937.083,66.68650000000001,66.8208,65.3237,65.5485625,66.88535962141161,66.81406965462105,66.71420120157454,0.07128996679055888,0.04592848531961331,0.025361481470945565,20.20535969236783,48.93,54.99,72.92,66.68650000000001,67.47310563248374,65.89989436751628,0.0236,0.5531,0.18999999999999773,0.28,0.4193500074883931,,28570.33,0.56,-619724,66.83,65.85,68.5,70.08,64.27,61.62,62.34,68.76499999999999,6.6347,2.9879,False,False
2026-06-12 10:45:00,66.77,66.92,66.73,66.79,12400.521,66.68900000000001,66.817,65.3396,65.5444625,66.8706889104252,66.81228671724172,66.71717370347359,0.05840219318348261,0.04842322689238718,0.009978966291095431,18.901140260230527,49.46,38.87,55.2,66.68900000000001,67.47663870959,65.90136129041001,0.0236,0.5641,0.18999999999999773,0.27,0.40425213355292705,,28571.51,0.43,-607323,66.83,65.85,68.5,70.08,64.27,61.62,62.34,68.76499999999999,6.6627,2.957,False,False
2026-06-12 11:00:00,66.79,67.0,66.78,66.93,18708.341,66.701,66.8168,65.357,65.5394,66.87981369343672,66.82100621966825,66.72551983274914,0.058807473768467844,0.05050007626760331,0.008307397500864531,17.74619787802932,53.1,43.15,45.67,66.701,67.49598162838907,65.90601837161091,0.0238,0.644,0.21999999999999886,0.27,0.4034065441506051,,28458.47,0.66,-588615,66.83,65.85,68.5,70.08,64.27,61.62,62.34,68.76499999999999,6.8579,2.7417,False,False
2026-06-12 11:15:00,66.94,67.06,66.82,66.98,10064.476,66.7265,66.8184,65.3745,65.5343375,66.89522697136952,66.83278353672986,66.73549944715114,0.06244343463966118,0.05288874794201489,0.009554686697646288,16.92206068888678,54.36,44.36,42.13,66.7265,67.52299957875057,65.93000042124943,0.0239,0.6591,0.2400000000000091,0.27,0.40310540459838756,,28045.95,0.36,-578550,66.83,65.85,68.5,70.08,64.27,61.62,62.34,68.76499999999999,6.9274,2.665,False,False
2026-06-12 11:30:00,66.97,67.01,66.8,67.01,12925.46,66.77650000000001,66.8228,65.3917,65.5286375,66.9128843603896,66.84591068215728,66.74626417471384,0.06697367823231559,0.05570573400007503,0.011267944232240562,16.060693808859416,55.14,46.65,44.72,66.77650000000001,67.5063817496167,66.04661825038333,0.0219,0.66,0.21000000000000796,0.26,0.38800179077749586,,25507.18,0.51,-565625,66.83,65.85,68.5,70.08,64.27,61.62,62.34,68.76499999999999,6.9691,2.619,False,False
2026-06-12 11:45:00,67.01,67.1,66.91,66.93,21958.163,66.8175,66.8268,65.40815,65.52295,66.91551753571429,66.852139520516,66.75346950119565,0.0633780151982819,0.05724019023971641,0.006137824958565491,15.653880795639314,52.56,39.76,43.59,66.8175,67.47862742620968,66.1563725737903,0.0198,0.5851,0.18999999999999773,0.26,0.388465561033916,,25289.08,0.87,-587583,66.84,65.85,68.5,70.08,64.27,61.62,62.34,68.76499999999999,6.8579,2.7417,False,False
2026-06-12 12:00:00,66.92,66.98,66.77,66.9,26870.713,66.85350000000001,66.824,65.4253,65.516925,66.91313022252747,66.85568474121852,66.75921579526641,0.057445481308946,0.057281248453562326,0.00016423285538367388,14.579798112221175,51.58,34.4,40.27,66.85350000000001,67.44299666308802,66.264003336912,0.0176,0.5394,0.21000000000000796,0.25,0.37369207772795215,,25855.79,1.04,-614454,66.84,65.85,68.5,70.08,64.27,61.62,62.34,68.76499999999999,6.8161,2.7877,False,False
2026-06-12 12:15:00,66.91,67.0,66.75,66.76,16383.052,66.87750000000001,66.8206,65.4413,65.5110375,66.88957172675401,66.84859698260975,66.75924654839324,0.04097474414426472,0.05401994759170281,-0.013045203447438092,13.58243562047576,47.18,19.05,31.07,66.87750000000001,67.40445250959726,66.35054749040276,0.0158,0.3885,0.25,0.25,0.37447573397243855,,25906.14,0.63,-630837,66.84,65.85,68.5,70.08,64.27,61.62,62.34,68.76499999999999,6.6207,3.0033,False,False
2026-06-12 12:30:00,66.76,66.92,66.63,66.8,39907.336,66.90299999999999,66.81700000000001,65.45769999999999,65.5057,66.87579146109955,66.84499720612014,66.76084472296606,0.030794254979412017,0.04937480906924466,-0.01858055408983264,13.148335272337041,48.53,11.29,21.58,66.90299999999999,67.35415524227697,66.45184475772301,0.0135,0.3858,0.29000000000000625,0.26,0.3892215568862276,,27013.21,1.48,-590929,66.84,65.85,68.5,70.08,64.27,61.62,62.34,68.76499999999999,6.6766,2.9416,False,False
2026-06-12 12:45:00,66.8,66.97,66.66,66.77,21539.981,66.9255,66.8144,65.47314999999999,65.50053750000001,66.85951585169963,66.83944185751865,66.76120375343798,0.020073994180975774,0.043514646091590885,-0.02344065191061511,12.476830220117748,47.55,3.52,11.29,66.9255,67.2909830977477,66.5600169022523,0.0109,0.2873,0.3100000000000023,0.26,0.3893964355249364,,26531.1,0.81,-612469,66.84,65.85,68.5,70.08,64.27,61.62,62.34,68.76499999999999,6.6347,2.9879,False,False
2026-06-12 13:00:00,66.77,66.89,66.7,66.85,15224.102,66.93700000000001,66.8118,65.49029999999999,65.49623749999999,66.85805187451507,66.8402239421469,66.76468595918551,0.0178279323681636,0.03837730334690543,-0.020549370978741828,11.853289814485546,50.43,11.56,8.79,66.93700000000001,67.27548579228879,66.59851420771123,0.0101,0.3715,0.18999999999999773,0.26,0.38893044128646226,,26460.97,0.58,-597245,66.84,65.85,68.5,70.08,64.27,61.62,62.34,68.76499999999999,6.7464,2.8646,False,False
2026-06-12 13:15:00,66.85,66.99,66.71,66.84,11177.702,66.9315,66.8112,65.50835000000001,65.49215,66.85527466305122,66.84020735383973,66.76763945098216,0.015067309211488578,0.03371530451982206,-0.018647995308333484,11.294730693040586,50.06,16.08,10.39,66.9315,67.27266055797557,66.59033944202443,0.0102,0.3659,0.28000000000000114,0.26,0.38898862956313585,,25494.44,0.44,-608423,66.84,65.85,68.5,70.08,64.27,61.62,62.34,68.76499999999999,6.7325,2.88,False,False
2026-06-12 13:30:00,66.85,67.01,66.37,66.59,108329.614,66.9205,66.8088,65.5244,65.4871625,66.81446317642795,66.82167347577753,66.76067319800246,-0.007210299349580396,0.02553018374594157,-0.032740483095521966,11.800806171759062,41.8,15.3,14.31,66.9205,67.2910742343449,66.5499257656551,0.0111,0.0541,0.6400000000000006,0.28,0.420483556089503,,30225.35,3.58,-716753,66.82,65.85,68.5,70.08,64.27,61.62,62.34,68.76499999999999,6.3823,3.2663,False,False
2026-06-12 13:45:00,66.59,66.87,66.51,66.72,45232.497,66.9105,66.8126,65.54055,65.482625,66.79993038005442,66.81414210720142,66.75907817062982,-0.01421172714699992,0.017581801567353273,-0.03179352871435319,12.270733401997646,46.72,19.5,16.96,66.9105,67.29177072851645,66.52922927148354,0.0114,0.2502,0.35999999999999943,0.29,0.434652278177458,,31276.6,1.45,-671520,66.82,65.85,68.5,70.08,64.27,61.62,62.34,68.76499999999999,6.5647,3.065,False,False
2026-06-12 14:00:00,66.73,67.08,66.65,66.95,62803.048,66.908,66.8204,65.55770000000001,65.4779,66.8230180138922,66.82420565481613,66.76656530119335,-0.001187640923930644,0.013827913069096491,-0.015015553993027135,11.576616082784222,54.12,43.08,25.96,66.908,67.28745112715231,66.5285488728477,0.0113,0.5553,0.4299999999999926,0.3,0.4480955937266617,,33157.3,1.89,-608717,66.82,65.85,68.5,70.08,64.27,61.62,62.34,68.76499999999999,6.8857,2.711,False,False
2026-06-12 14:15:00,66.94,67.24,66.7,67.19,40136.869,66.906,66.8302,65.57605,65.47336250000001,66.8794767809857,66.85130153223716,66.7831705834995,0.02817524874853916,0.016697380204985027,0.011477868543554134,11.29147716987471,60.31,76.42,46.33,66.906,67.27866607036651,66.5333339296335,0.0111,0.881,0.539999999999992,0.32,0.47626134841494266,,32692.44,1.23,-568580,66.83,65.85,68.5,70.08,64.27,61.62,62.34,68.76499999999999,7.2183,2.3441,False,False
2026-06-12 14:30:00,67.18,67.55,67.07,67.22,69495.075,66.9025,66.8334,65.59065000000001,65.4687125,66.93186496852636,66.87861252984922,66.80030114885247,0.05325243867713425,0.024008391899414873,0.029244046777719378,12.155445497271074,61.02,97.45,72.32,66.9025,67.26102769107221,66.54397230892779,0.0107,0.9428,0.480000000000004,0.33,0.49092531984528415,,31771.89,2.19,-499085,66.85,65.85,68.5,70.08,64.27,61.62,62.34,68.76499999999999,7.2597,2.2984,False,False
2026-06-12 14:45:00,67.23,67.99,67.11,67.94,58669.055,66.941,66.852,65.6097,65.46570000000001,67.08696266567615,66.95723382393446,66.84499522144648,0.12972884174169508,0.04515248186787092,0.08457635987382416,14.091630753995904,73.32,100.0,91.29,66.941,67.51879617604745,66.36320382395256,0.0173,1.3645,0.8799999999999955,0.37,0.5445981748601707,,33224.37,1.77,-440416,66.88,65.85,68.5,70.08,64.27,61.62,62.34,68.76499999999999,8.2426,1.2143,False,False
2026-06-12 15:00:00,67.93,68.78,67.67,68.78,308329.705,67.021,66.8818,65.6328,65.4641625,67.34742994787982,67.09225354068005,66.92087776178192,0.25517640719976953,0.08715726693425065,0.1680191402655189,17.130516712641942,80.9,100.0,99.15,67.021,68.02442361312201,66.01757638687799,0.0299,1.3765,1.1099999999999994,0.42,0.6106426286711253,,47399.82,6.5,-132086,67.13,65.85,68.5,70.08,64.27,61.62,68.76499999999999,69.08333333333333,0.0218,0.441,True,False
2026-06-12 15:15:00,68.78,68.82,68.2,68.2,90357.655,67.096,66.903,65.65185000000001,65.462325,67.47859457128293,67.17430883396301,66.97103941818263,0.3042857373199155,0.1305829610113836,0.17370277630853187,19.999909741375028,66.79,87.98,95.99,67.096,68.21587593297899,65.97612406702102,0.0334,0.9929,0.6199999999999903,0.44,0.6451612903225806,,50322.52,1.8,-222444,67.19,65.85,68.5,70.08,64.27,61.62,62.34,68.76499999999999,8.5924,0.8284,False,False
2026-06-12 15:30:00,68.2,68.27,67.65,67.75,107501.192,67.145,66.9182,65.66355,65.45972499999999,67.52034925262402,67.21695262403982,67.00158689197939,0.3033966285841956,0.16514569452594602,0.13825093405824956,20.58255598159733,58.3,68.71,85.56,67.145,68.29028782868268,65.99971217131731,0.0341,0.7641,0.6199999999999903,0.45,0.6642066420664207,,54900.73,1.96,-329945,67.22,65.85,68.5,70.08,64.27,61.62,62.34,68.76499999999999,7.9852,1.4982,False,False
2026-06-12 15:45:00,67.74,67.85,67.18,67.25,61689.046,67.16799999999999,66.9266,65.6744,65.45734999999999,67.47875705991262,67.21940057781464,67.01132858249001,0.259356482097985,0.18398785204035384,0.07536863005763117,19.790095558679308,50.6,42.89,66.53,67.16799999999999,68.30168704490782,66.03431295509216,0.0338,0.5362,0.6699999999999875,0.46,0.6840148698884759,,57365.15,1.08,-391634,67.23,65.85,68.5,70.08,64.27,61.62,62.34,68.76499999999999,7.3011,2.2528,False,False
2026-06-12 16:00:00,67.26,67.8,67.09,67.68,63433.524,67.2055,66.9422,65.68820000000001,65.4563125,67.50971751223376,67.25351905353207,67.03755099101981,0.25619845870168945,0.19842997337262097,0.057768485329068475,18.82615832955955,55.99,33.67,48.42,67.2055,68.3555384432944,66.0554615567056,0.0342,0.7063,0.7099999999999937,0.48,0.7092198581560283,,59601.41,1.06,-328201,67.24,65.85,68.5,70.08,64.27,61.62,62.34,68.76499999999999,7.8901,1.6031,False,False
2026-06-12 16:15:00,67.67,67.85,67.41,67.64,37791.867,67.23850000000002,66.9542,65.7013,65.4546,67.52976097189011,67.28214727178896,67.06117644235238,0.24761370010115513,0.2082667187183278,0.03934698138282733,18.04585870478005,55.38,31.18,35.91,67.23850000000002,68.39912188411952,66.07787811588051,0.0345,0.673,0.4399999999999977,0.48,0.709639266706091,,60987.78,0.62,-365993,67.25,65.85,68.5,70.08,64.27,61.62,62.34,68.76499999999999,7.8356,1.6632,False,False
2026-06-12 16:30:00,67.64,67.98,67.54,67.74,33069.38,67.275,66.9708,65.71560000000001,65.453175,67.56210543775316,67.31606228869347,67.08779697402484,0.2460431490596875,0.21582200478659974,0.030221144273087752,17.622707449912397,56.64,36.33,33.73,67.275,68.45117578349777,66.09882421650224,0.035,0.6977,0.4399999999999977,0.48,0.70859167404783,,61994.98,0.53,-332923,67.25,65.85,68.5,70.08,64.27,61.62,62.34,68.76499999999999,7.9717,1.5131,False,False
2026-06-12 16:45:00,67.74,68.01,67.71,68.01,23873.26,67.32900000000001,66.9886,65.73035,65.45162499999999,67.63101229348344,67.36746508212359,67.12396179857289,0.2635472113598496,0.22536704610124972,0.03818016525859988,17.300451741466812,59.93,39.7,35.74,67.32900000000001,68.53721573535537,66.12078426464464,0.0359,0.7818,0.30000000000001137,0.46,0.6763711218938391,,62090.73,0.38,-309050,67.26,65.85,68.5,70.08,64.27,61.62,62.34,68.76499999999999,8.337,1.1101,False,False
2026-06-12 17:00:00,68.02,68.22,67.75,67.86,40297.495,67.377,67.0034,65.74585,65.4508875,67.66624117140907,67.40394915011443,67.1528260417661,0.26229202129464113,0.232752041139928,0.029539980154713125,17.48675385971377,57.33,38.46,38.16,67.377,68.58972377208119,66.1642762279188,0.036,0.6991,0.46999999999999886,0.46,0.6778661951075744,,62762.07,0.64,-349347,67.27,65.85,68.5,70.08,64.27,61.62,62.34,68.76499999999999,8.1344,1.3336,False,False
2026-06-12 17:15:00,67.85,67.85,67.35,67.56,33702.654,67.417,67.01320000000001,65.7575,65.45043749999999,67.64989637580769,67.41550847232817,67.16879364797137,0.2343879034795151,0.23307921360784545,0.001308689871669655,16.4753449140567,52.42,27.81,35.32,67.417,68.59635040103588,66.23764959896413,0.035,0.5606,0.5100000000000051,0.47,0.6956779159265837,,63628.05,0.53,-383050,67.28,65.85,68.5,70.08,64.27,61.62,62.34,68.76499999999999,7.7265,1.7836,False,False
2026-06-12 17:30:00,67.56,67.7,67.38,67.45,24638.688,67.4495,67.027,65.76780000000001,65.44962500000001,67.61914308722189,67.41806340030386,67.17982134805092,0.20107968691802114,0.22667930826988061,-0.025599621351859475,15.53617946451799,50.71,12.47,26.25,67.4495,68.59252415133221,66.30647584866779,0.0339,0.5002,0.3200000000000074,0.46,0.681986656782802,,62864.62,0.39,-407689,67.28,65.85,68.5,70.08,64.27,61.62,62.34,68.76499999999999,7.576,1.9496,False,False
2026-06-12 17:45:00,67.44,67.5,67.27,67.4,17639.001,67.48100000000001,67.0394,65.7776,65.4478,67.58542876611082,67.41672537065172,67.1884558049901,0.1687033954591044,0.2150841257077254,-0.046380730248620994,14.50056813962472,49.91,2.12,14.13,67.48100000000001,68.5790154346544,66.38298456534562,0.0325,0.4631,0.23000000000000398,0.44,0.6528189910979229,,62669.57,0.28,-425328,67.28,65.85,68.5,70.08,64.27,61.62,62.34,68.76499999999999,7.5074,2.0252,False,False
2026-06-12 18:00:00,67.4,67.48,67.01,67.23,36826.15,67.5,67.049,65.7882,65.4461875,67.5307474174784,67.40289386171456,67.19008498910814,0.12785355576383495,0.19763801171894732,-0.06978445595511237,14.22519140984129,47.19,0.12,4.9,67.5,68.56468675897621,66.43531324102379,0.0315,0.3732,0.46999999999999886,0.44,0.6544697307749516,,63749.67,0.58,-462154,67.28,65.85,68.5,70.08,64.27,61.62,62.34,68.76499999999999,7.2735,2.2832,False,False
2026-06-12 18:15:00,67.22,67.29,67.03,67.25,16951.652,67.5205,67.0592,65.79965,65.4448,67.48755550709711,67.39156839047644,67.19243459737842,0.09598711662067672,0.1773078326992932,-0.08132071607861649,13.969484446470965,47.55,0.36,0.87,67.5205,68.54677532983796,66.49422467016204,0.0304,0.3682,0.2600000000000051,0.43,0.6394052044609666,,64038.37,0.26,-445202,67.28,65.85,68.5,70.08,64.27,61.62,62.34,68.76499999999999,7.3011,2.2528,False,False
2026-06-12 18:30:00,67.25,67.48,67.16,67.39,22121.697,67.5605,67.0732,65.81275,65.4435625,67.4725469675437,67.39145221340411,67.20018226022633,0.08109475413959899,0.15806521698735437,-0.07697046284775538,13.13119688926896,50.13,5.36,1.95,67.5605,68.49206291987534,66.62893708012467,0.0276,0.4085,0.3200000000000074,0.42,0.6232378691200474,,59727.98,0.37,-423081,67.28,65.85,68.5,70.08,64.27,61.62,62.34,68.76499999999999,7.4937,2.0404,False,False
2026-06-12 18:45:00,67.38,67.42,67.06,67.07,12840.309,67.578,67.0852,65.825,65.4425375,67.41061666484467,67.36764093833713,67.19507707355078,0.04297572650753523,0.13504731889139054,-0.09207159238385532,12.641275721573248,44.72,5.36,3.69,67.578,68.454610697968,66.70138930203201,0.0259,0.2102,0.35999999999999943,0.42,0.6262114209035337,,58108.37,0.22,-435921,67.28,65.85,68.5,70.08,64.27,61.62,62.34,68.76499999999999,7.0523,2.5272,False,False
2026-06-12 19:00:00,67.07,67.27,67.04,67.19,15967.104,67.59,67.1088,65.83835,65.441975,67.37667563948395,67.35448235031217,67.19487797262722,0.022193289171781316,0.1124765129474687,-0.09028322377568739,12.24539268742385,47.03,10.06,6.93,67.59,68.43646633905924,66.74353366094077,0.025,0.2637,0.22999999999998977,0.4,0.5953266855186785,,55766.57,0.29,-419954,67.28,65.85,68.5,70.08,64.27,61.62,62.34,68.76499999999999,7.2183,2.3441,False,False
2026-06-12 19:15:00,67.2,67.3,67.07,67.21,11585.036,67.591,67.13080000000001,65.85390000000001,65.4407375,67.3510332334095,67.34377995399275,67.19547099330852,0.007253279416744363,0.09143186624132384,-0.08417858682457947,11.770332776104322,47.42,10.98,8.8,67.591,68.43552166467634,66.74647833532364,0.025,0.2744,0.23000000000000398,0.39,0.5802707930367506,,54338.98,0.21,-408369,67.28,65.85,68.5,70.08,64.27,61.62,62.34,68.76499999999999,7.2459,2.3136,False,False
2026-06-12 19:30:00,67.21,67.42,66.98,67.01,29030.0,67.5805,67.1474,65.87020000000001,65.4394875,67.29856658211573,67.31905551295625,67.18819762102191,-0.020488930840528496,0.06904770682495337,-0.08953663766548187,10.960322835510278,43.9,10.98,10.67,67.5805,68.44931589110354,66.71168410889646,0.0257,0.1717,0.4399999999999977,0.4,0.5969258319653783,,52315.72,0.55,-437399,67.27,65.85,68.5,70.08,64.27,61.62,62.34,68.76499999999999,6.9691,2.619,False,False
2026-06-12 19:45:00,67.01,67.07,66.68,66.78,47982.471,67.52250000000001,67.15740000000001,65.8839,65.4370875,67.21878710794408,67.2791254749595,67.17218987117792,-0.060338367015418726,0.04317049205687895,-0.10350885907229768,11.101924692047211,40.21,5.92,9.29,67.52250000000001,68.44357202987224,66.60142797012777,0.0273,0.0969,0.38999999999998636,0.39,0.5840071877807728,,51781.39,0.93,-485381,67.27,65.85,68.5,70.08,64.27,61.62,62.34,68.76499999999999,6.6487,2.9724,False,False
2026-06-12 20:00:00,66.79,66.81,66.42,66.73,84429.314,67.42,67.1662,65.89775,65.4349125,67.1435890913373,67.23844951385139,67.15484909191605,-0.09486042251408833,0.015564309142685497,-0.11042473165677383,11.92080034131191,39.43,0.0,5.63,67.42,68.19682213638731,66.64317786361269,0.023,0.0559,0.39000000000000057,0.39,0.5844447774614117,,40586.37,2.08,-569810,67.25,65.85,68.5,70.08,64.27,61.62,62.34,68.76499999999999,6.5788,3.0496,False,False
2026-06-12 20:15:00,66.72,66.75,66.59,66.73,8467.135,67.3465,67.1744,65.91105,65.4316,67.07996000036233,67.20078658689944,67.13818834321347,-0.1208265865371061,-0.01171386999327282,-0.10911271654383328,12.681184872771988,39.43,0.0,1.97,67.3465,68.09004131305052,66.60295868694949,0.0221,0.0854,0.1599999999999966,0.38,0.56945901393676,,36491.85,0.23,-569810,67.25,65.85,68.5,70.08,64.27,61.62,62.34,68.76499999999999,6.5788,3.0496,False,False
2026-06-12 20:30:00,66.74,66.83,66.68,66.81,18079.098,67.2995,67.1782,65.92755,65.42773749999999,67.03842769261428,67.1718394323143,67.12531821210706,-0.13341173970002274,-0.03605344393462281,-0.09735829576539992,13.05501650065228,41.53,5.38,1.79,67.2995,68.05439908701845,66.54460091298154,0.0224,0.1758,0.14999999999999147,0.36,0.5388414907947912,,32020.74,0.56,-551731,67.24,65.85,68.5,70.08,64.27,61.62,62.34,68.76499999999999,6.6906,2.9262,False,False
2026-06-12 20:45:00,66.82,66.82,66.55,66.68,16395.268,67.271,67.1728,65.94175,65.4234375,66.98328497067362,67.1354068817725,67.10785475280875,-0.15212191109887385,-0.05926713736747302,-0.09285477373140083,13.767285191739749,39.16,5.38,3.59,67.271,68.07519688608032,66.46680311391968,0.0239,0.1326,0.269999999999996,0.35,0.5248950209958008,,29756.06,0.55,-568127,67.24,65.85,68.5,70.08,64.27,61.62,62.34,68.76499999999999,6.5087,3.1269,False,False
2026-06-12 21:00:00,66.69,66.85,66.62,66.82,5594.264,67.228,67.173,65.95765,65.419725,66.9581642059546,67.11204340904861,67.09656633112998,-0.15387920309400727,-0.07818955051277987,-0.0756896525812274,14.294745018353742,42.94,16.86,9.21,67.228,68.03208431084661,66.42391568915338,0.0239,0.2463,0.22999999999998977,0.35,0.523795270876983,,26864.09,0.21,-562532,67.24,65.85,68.5,70.08,64.27,61.62,62.34,68.76499999999999,6.7046,2.9108,False,False
2026-06-12 21:15:00,66.81,66.95,66.78,66.79,12079.947,67.1855,67.1704,65.9734,65.4165,66.9322927896539,67.08818834171167,67.08454412206606,-0.15589555205777117,-0.09373075082177813,-0.062164801235993036,14.335633076773586,42.33,21.12,14.45,67.1855,67.98774618875426,66.38325381124575,0.0239,0.2535,0.1700000000000017,0.33,0.49408594100913306,,25578.5,0.47,-574612,67.24,65.85,68.5,70.08,64.27,61.62,62.34,68.76499999999999,6.6627,2.957,False,False
2026-06-12 21:30:00,66.79,66.82,66.72,66.72,14818.273,67.13449999999999,67.1648,65.9882,65.4123125,66.89963236047637,67.06091513121451,67.0702482741419,-0.1612827707381399,-0.10724115480505048,-0.054041615933089426,14.570811524327178,40.88,26.35,21.44,67.13449999999999,67.91778525421839,66.35121474578159,0.0233,0.2354,0.09999999999999432,0.32,0.4796163069544365,,24665.94,0.6,-589431,67.23,65.85,68.5,70.08,64.27,61.62,62.34,68.76499999999999,6.5647,3.065,False,False
2026-06-12 21:45:00,66.72,66.72,66.47,66.57,9064.797,67.0625,67.1516,66.00325,65.40755,66.84891968963385,67.02455104742084,67.0506306947638,-0.17563135778699746,-0.12091919540143989,-0.05471216238555757,15.536641401844653,37.88,14.86,20.78,67.0625,67.76778456369875,66.35721543630125,0.021,0.1509,0.25,0.31,0.46567522908216913,,23925.52,0.38,-598495,67.23,65.85,68.5,70.08,64.27,61.62,62.34,68.76499999999999,6.3542,3.2973,False,False
2026-06-12 22:00:00,66.57,66.65,66.43,66.65,16131.725,67.002,67.1388,66.01915,65.402725,66.8183166604594,66.99680652538967,67.03491968712599,-0.17848986493027041,-0.132433329307206,-0.046056535623064415,16.543505170415894,40.39,14.0,18.4,67.002,67.62162977061614,66.38237022938385,0.0185,0.216,0.21999999999999886,0.31,0.46511627906976744,,22717.23,0.71,-582364,67.23,65.85,68.5,70.08,64.27,61.62,62.34,68.76499999999999,6.4666,3.1733,False,False
2026-06-12 22:15:00,66.66,66.76,66.59,66.7,4733.21,66.959,67.1294,66.03465,65.3984,66.8001140973118,66.97482085684229,67.0217855817485,-0.17470675953047987,-0.1408880153518608,-0.033818744178619076,16.926088106730166,41.97,23.06,17.31,66.959,67.53328765944578,66.38471234055423,0.0172,0.2745,0.1700000000000017,0.3,0.4497751124437781,,21268.76,0.22,-577630,67.23,65.85,68.5,70.08,64.27,61.62,62.34,68.76499999999999,6.5367,3.096,False,False
2026-06-12 22:30:00,66.7,66.72,66.49,66.57,6608.467,66.91499999999999,67.1172,66.0504,65.39425,66.7647119284946,66.94483412670581,67.0040685001113,-0.18012219821120823,-0.1487348519237303,-0.03138734628747794,17.58916824765617,39.07,27.22,21.43,66.91499999999999,67.46523439981434,66.36476560018565,0.0164,0.1865,0.23000000000000398,0.29,0.43563166591557756,,20367.25,0.32,-584239,67.23,65.85,68.5,70.08,64.27,61.62,62.34,68.76499999999999,6.3542,3.2973,False,False
2026-06-12 22:45:00,66.57,66.65,66.52,66.63,9797.081,66.8765,67.1158,66.06689999999999,65.390325,66.74398701641852,66.92151308028316,66.98939914716576,-0.1775260638646472,-0.1544930943119137,-0.023032969552733512,18.20488552137317,41.09,36.23,28.84,66.8765,67.3904025096999,66.36259749030009,0.0154,0.2602,0.13000000000000966,0.28,0.42023112711991606,,19975.15,0.49,-574442,67.22,65.85,68.5,70.08,64.27,61.62,62.34,68.76499999999999,6.4385,3.2043,False,False
2026-06-12 23:00:00,66.64,66.66,66.48,66.59,4688.268,66.8445,67.1122,66.08605,65.3857,66.72029670620029,66.89695655581775,66.9737364355122,-0.17665984961746517,-0.15892644537302397,-0.017733404244441198,18.908177179183685,40.14,36.83,33.43,66.8445,67.34525627016286,66.34374372983713,0.015,0.2459,0.1799999999999926,0.27,0.40546628622916353,,18368.26,0.26,-579130,67.22,65.85,68.5,70.08,64.27,61.62,62.34,68.76499999999999,6.3823,3.2663,False,False
2026-06-12 23:15:00,66.59,66.67,66.5,66.63,4607.606,66.8135,67.10900000000001,66.10425000000001,65.381675,66.7064049052464,66.87718199612755,66.96025657529603,-0.17077709088114545,-0.1612965744746483,-0.009480516406497164,19.500181495736335,41.6,57.19,43.42,66.8135,67.28443523971153,66.34256476028848,0.0141,0.3052,0.1700000000000017,0.27,0.40522287257991907,,17751.05,0.26,-574523,67.22,65.85,68.5,70.08,64.27,61.62,62.34,68.76499999999999,6.4385,3.2043,False,False
2026-06-12 23:30:00,66.64,66.74,66.55,66.62,7546.201,66.775,67.1028,66.122,65.3778,66.6931118429008,66.85813147789588,66.94691318018639,-0.1650196349950761,-0.16204118657873387,-0.002978448416342233,19.614634029286762,41.33,62.14,52.05,66.775,67.16673030464987,66.38326969535014,0.0117,0.3022,0.18999999999999773,0.26,0.39027319123386367,,17022.28,0.44,-582069,67.22,65.85,68.5,70.08,64.27,61.62,62.34,68.76499999999999,6.4245,3.2198,False,False
2026-06-12 23:45:00,66.62,66.83,66.61,66.82,6920.153,66.7625,67.0996,66.14314999999999,65.374275,66.71263309783915,66.85530692397766,66.94193619272811,-0.14267382613851964,-0.15816771449069103,0.015493888352171387,19.182803655179654,48.57,80.59,66.64,66.7625,67.12978735344704,66.39521264655296,0.011,0.5783,0.21999999999999886,0.26,0.3891050583657588,,16726.27,0.41,-575149,67.22,65.85,68.5,70.08,64.27,61.62,62.34,68.76499999999999,6.7046,2.9108,False,False
2026-06-13 00:00:00,66.83,66.94,66.78,66.91,6159.958,66.7485,67.0976,66.1648,65.3712875,66.74299723663313,66.85935826294228,66.94068379301328,-0.1163610263091499,-0.14980637685438283,0.03344535054523293,18.16787032609361,51.47,89.4,77.38,66.7485,67.0650122430525,66.43198775694752,0.0095,0.7551,0.1599999999999966,0.25,0.37363622776864447,,16235.91,0.38,-568989,66.88,67.2,68.44,70.07,65.57,64.33,62.34,68.76499999999999,6.8301,2.7724,False,False
2026-06-13 00:15:00,66.92,67.03,66.87,66.9,7762.276,66.733,67.097,66.18625,65.3685375,66.76715150792035,66.86236876198359,66.93908835015002,-0.09521725406324322,-0.13888855229615493,0.043671298232911715,16.983658144019753,51.13,99.15,89.71,66.733,66.97623261554584,66.48976738445417,0.0073,0.8433,0.1599999999999966,0.24,0.35874439461883406,,16044.78,0.48,-576751,66.91,67.2,68.44,70.07,65.57,64.33,62.34,68.76499999999999,6.8161,2.7877,False,False
2026-06-13 00:30:00,66.9,67.05,66.87,66.93,10810.01,66.729,67.0976,66.20625000000001,65.3654,66.79220512208644,66.86737848331813,66.93873194426178,-0.07517336123169116,-0.1261455140832622,0.05097215285157103,15.987650841587284,52.17,99.15,95.9,66.729,66.95507870078687,66.50292129921313,0.0068,0.9445,0.1799999999999926,0.24,0.3585835948005378,,15133.78,0.71,-565941,66.93,67.2,68.44,70.07,65.57,64.33,62.34,68.76499999999999,6.8579,2.7417,False,False
2026-06-13 00:45:00,66.93,67.08,66.88,66.99,12731.194,66.73949999999999,67.1022,66.22735,65.362375,66.82263510330391,66.8764615586279,66.94074245625151,-0.053826455323985556,-0.11168170233140687,0.05785524700742131,15.223867306128032,54.26,99.15,99.15,66.73949999999999,66.99335242294232,66.48564757705766,0.0076,0.9934,0.20000000000000284,0.24,0.3582624272279445,,13371.21,0.95,-553210,66.95,67.2,68.44,70.07,65.57,64.33,62.34,68.76499999999999,6.9413,2.6496,False,False
2026-06-13 01:00:00,67.0,67.19,66.98,67.14,8178.645,66.76,67.109,66.2502,65.3592375,66.87146047202638,66.89598292465546,66.94855647757498,-0.024522452629071267,-0.09424985239093975,0.06972739976186848,15.083649247934247,59.07,100.0,99.43,66.76,67.07051739505816,66.44948260494185,0.0093,1.1119,0.20999999999999375,0.23,0.3425677688412273,,9558.68,0.86,-545031,66.97,67.2,68.44,70.07,65.57,64.33,62.34,68.76499999999999,7.1492,2.4203,False,False
2026-06-13 01:15:00,67.15,67.21,67.05,67.2,11324.8,66.7835,67.1176,66.27080000000001,65.3567375,66.92200501479155,66.91850270801432,66.95841700786616,0.003502306777235731,-0.07469942055730466,0.0782017273345404,15.053836174456737,60.85,100.0,99.72,66.7835,67.15046622532388,66.41653377467613,0.011,1.0675,0.1599999999999966,0.23,0.34226190476190477,,9701.56,1.17,-533706,67.01,67.2,68.44,70.07,65.57,64.33,62.34,68.76499999999999,7.2321,2.3289,False,False
2026-06-13 01:30:00,67.21,67.48,67.15,67.36,15987.887,66.811,67.1278,66.29165,65.355125,66.98938885866977,66.95120621112437,66.97416536049886,0.038182647545397685,-0.052123006936764193,0.09030565448216188,16.188255499167283,65.18,100.0,100.0,66.811,67.25966585855595,66.36233414144407,0.0134,1.1118,0.3299999999999983,0.24,0.3562945368171021,,9597.0,1.67,-517718,67.08,67.2,68.44,70.07,65.57,64.33,62.34,68.76499999999999,7.4525,2.0858,False,False
2026-06-13 01:45:00,67.36,67.51,67.36,67.45,10522.038,66.8495,67.14000000000001,66.31295,65.352875,67.06025211118211,66.98815389918923,66.99282554244007,0.07209821199288058,-0.02727876315083524,0.09937697514371582,17.35167790424311,67.37,100.0,100.0,66.8495,67.37619675685958,66.32280324314043,0.0158,1.0701,0.15000000000000568,0.23,0.340993328391401,,9303.34,1.13,-507196,67.13,67.2,68.44,70.07,65.57,64.33,62.34,68.76499999999999,7.576,1.9496,False,False
2026-06-13 02:00:00,67.44,67.51,67.27,67.27,13755.654,66.872,67.15360000000001,66.3322,65.3511,67.09252101715408,67.00903138813817,67.00369512901105,0.08348962901591506,-0.005125084717485181,0.08861471373340024,17.795945430372168,59.34,90.16,96.72,66.872,67.4308559742923,66.3131440257077,0.0167,0.8561,0.2400000000000091,0.23,0.34190575293592984,,9711.41,1.42,-520952,67.16,67.2,68.44,70.07,65.57,64.33,62.34,68.76499999999999,7.3287,2.2224,False,False
2026-06-13 02:15:00,67.28,67.3,67.11,67.14,19992.791,66.8895,67.16199999999999,66.34949999999999,65.34797499999999,67.09982547605345,67.0187327667946,67.00904041806945,0.08109270925885426,0.012118474077782706,0.06897423518107156,17.202101561870073,54.3,74.16,88.11,66.8895,67.45935593747534,66.31964406252466,0.017,0.7198,0.18999999999999773,0.23,0.3425677688412273,,10107.05,1.98,-540945,67.16,67.2,68.44,70.07,65.57,64.33,62.34,68.76499999999999,7.1492,2.4203,False,False
2026-06-13 02:30:00,67.14,67.17,67.0,67.03,8224.065,66.905,67.1636,66.36675,65.34474999999999,67.08908309512215,67.01956737666167,67.00986236245888,0.06951571846047955,0.023597922954322073,0.045917795506157474,16.04191315237205,50.4,52.44,72.25,66.905,67.47230201740307,66.33769798259694,0.017,0.6102,0.1700000000000017,0.22,0.3282112486946143,,9777.34,0.84,-549169,67.16,67.2,68.44,70.07,65.57,64.33,62.34,68.76499999999999,6.9969,2.5884,False,False
2026-06-13 02:45:00,67.03,67.05,66.87,66.97,9103.251,66.925,67.1592,66.38325,65.3415875,67.07076261894952,67.01589571913118,67.00829913255853,0.054866899818335924,0.029851718327124847,0.025015181491211076,15.477597397213916,48.36,37.94,54.85,66.925,67.47035357917412,66.37964642082588,0.0163,0.5413,0.1799999999999926,0.22,0.3285053008809915,,9779.26,0.93,-558272,67.14,67.2,68.44,70.07,65.57,64.33,62.34,68.76499999999999,6.9135,2.6803,False,False
2026-06-13 03:00:00,66.97,67.05,66.95,66.96,13809.735,66.9405,67.15400000000001,66.39725,65.3385,67.0537222160342,67.01175529549182,67.00640504892878,0.041966920542378716,0.032274758770175625,0.009692161772203091,14.953589910281366,48.01,20.61,37.0,66.9405,67.47034506176422,66.41065493823578,0.0158,0.5184,0.09999999999999432,0.21,0.31362007168458783,,9663.16,1.43,-572082,67.13,67.2,68.44,70.07,65.57,64.33,62.34,68.76499999999999,6.8996,2.6956,False,False
2026-06-13 03:15:00,66.96,67.0,66.7,66.8,17122.826,66.94550000000001,67.13119999999999,66.40985,65.3350375,67.01468802895202,66.99606971804798,66.99831073328453,0.018618310904045643,0.029543469196949633,-0.01092515829290399,15.565349398285115,42.7,9.0,22.52,66.94550000000001,67.46762017169083,66.4233798283092,0.0156,0.3607,0.29999999999999716,0.22,0.3293413173652695,,10282.65,1.67,-589205,67.1,67.2,68.44,70.07,65.57,64.33,62.34,68.76499999999999,6.6766,2.9416,False,False
2026-06-13 03:30:00,66.8,66.9,66.77,66.89,9291.088,66.9615,67.0934,66.4198,65.3320625,66.99550525526709,66.98821270189627,66.99406325354788,0.007292553370817245,0.025093286031723158,-0.017800732660905913,16.13341178000288,46.3,4.86,11.49,66.9615,67.45393861493179,66.46906138506822,0.0147,0.4274,0.13000000000000966,0.21,0.3139482732844969,,10416.78,0.89,-579914,67.08,67.2,68.44,70.07,65.57,64.33,62.34,68.76499999999999,6.8022,2.8031,False,False
2026-06-13 03:45:00,66.89,66.96,66.87,66.88,3939.983,66.974,67.067,66.4297,65.3292875,66.97773521599524,66.98019694620025,66.98959018478129,-0.0024617302050131684,0.019582282784375894,-0.022044012989389062,16.268117533896298,45.95,9.25,7.7,66.974,67.44314928608476,66.50485071391525,0.014,0.3998,0.0899999999999892,0.2,0.299043062200957,,10123.92,0.39,-583854,67.08,67.2,68.44,70.07,65.57,64.33,62.34,68.76499999999999,6.7883,2.8185,False,False
2026-06-13 04:00:00,66.87,66.92,66.72,66.74,10000.99,66.98150000000001,67.0468,66.4394,65.3266125,66.94116056738059,66.96240457981504,66.9798023343977,-0.021244012434451065,0.011417023740610504,-0.03266103617506157,17.019948113826235,41.31,9.25,7.79,66.98150000000001,67.42910297257157,66.53389702742845,0.0134,0.2302,0.20000000000000284,0.2,0.2996703626011388,,10389.56,0.96,-593855,67.07,67.2,68.44,70.07,65.57,64.33,62.34,68.76499999999999,6.5927,3.0342,False,False
2026-06-13 04:15:00,66.74,66.86,66.7,66.76,20475.476,66.988,67.03699999999999,66.45045,65.324075,66.91328971086051,66.94741164797689,66.97118263500957,-0.03412193711638167,0.0023092315692120682,-0.03643116868559374,17.797222384396477,42.21,5.54,8.01,66.988,67.41752115321006,66.55847884678994,0.0128,0.2346,0.1599999999999966,0.2,0.2995805871779509,,11182.95,1.83,-573379,67.04,67.2,68.44,70.07,65.57,64.33,62.34,68.76499999999999,6.6207,3.0033,False,False
2026-06-13 04:30:00,66.76,66.95,66.75,66.91,4760.295,67.0025,67.02159999999999,66.46260000000001,65.3216,66.91278360149735,66.94464041479343,66.96878331598958,-0.03185681329607348,-0.004523977403845043,-0.02733283589222844,17.89464995412535,48.57,10.43,8.41,67.0025,67.39794112610198,66.60705887389801,0.0118,0.383,0.20000000000000284,0.2,0.2989089822149156,,11043.66,0.43,-568619,67.03,67.2,68.44,70.07,65.57,64.33,62.34,68.76499999999999,6.8301,2.7724,False,False
2026-06-13 04:45:00,66.91,66.96,66.64,66.67,11224.424,66.995,67.0022,66.47335,65.3189125,66.87543227819006,66.92429668036428,66.95706632320568,-0.0488644021742175,-0.013392062357919536,-0.035472339816297965,18.461641444541115,40.83,10.43,8.8,66.995,67.41021078984328,66.57978921015673,0.0124,0.1086,0.3199999999999932,0.21,0.3149842507874606,,11258.87,1.0,-579843,67.02,67.2,68.44,70.07,65.57,64.33,62.34,68.76499999999999,6.4947,3.1423,False,False
2026-06-13 05:00:00,66.67,66.87,66.63,66.8,21972.75,66.98949999999999,66.9834,66.48515,65.316325,66.86382731231467,66.91508951885581,66.95090685955056,-0.05126220654113922,-0.020966091194563476,-0.030296115346575746,19.030593031658235,45.86,15.6,12.15,66.98949999999999,67.41229645470077,66.56670354529922,0.0126,0.2759,0.2400000000000091,0.21,0.31437125748503,,12049.51,1.82,-557870,67.0,67.2,68.44,70.07,65.57,64.33,62.34,68.76499999999999,6.6766,2.9416,False,False
2026-06-13 05:15:00,66.8,66.88,66.69,66.7,7647.404,66.9795,66.9572,66.49610000000001,65.3143,66.8386231104201,66.89915696190353,66.9410673748623,-0.06053385148342727,-0.02887964325233624,-0.03165420823109103,19.481627682855667,42.84,9.95,11.99,66.9795,67.42028757266148,66.53871242733852,0.0132,0.183,0.18999999999999773,0.21,0.3148425787106447,,12043.77,0.63,-565518,66.99,67.2,68.44,70.07,65.57,64.33,62.34,68.76499999999999,6.5367,3.096,False,False
2026-06-13 05:30:00,66.7,66.84,66.68,66.77,12402.239,66.97149999999999,66.9354,66.50565,65.3126875,66.82806570881701,66.8895897795403,66.93435885035791,-0.061524070723294244,-0.03540852874652784,-0.026115541976766403,19.949139266128107,45.54,21.62,15.72,66.97149999999999,67.42177593879185,66.52122406120813,0.0134,0.2762,0.1599999999999966,0.21,0.31451250561629474,,12123.38,1.02,-553116,66.98,67.2,68.44,70.07,65.57,64.33,62.34,68.76499999999999,6.6347,2.9879,False,False
2026-06-13 05:45:00,66.77,66.8,66.59,66.79,8843.907,66.9615,66.92,66.51325,65.311425,66.82220944592208,66.88221275883362,66.92869771897134,-0.06000331291153316,-0.04032748557952891,-0.01967582733200425,20.812878024761638,46.33,34.44,22.0,66.9615,67.41887350854422,66.50412649145578,0.0137,0.3125,0.20999999999999375,0.21,0.314418326096721,,11929.01,0.74,-544272,66.97,67.2,68.44,70.07,65.57,64.33,62.34,68.76499999999999,6.6627,2.957,False,False
2026-06-13 06:00:00,66.79,66.82,66.71,66.72,4131.277,66.9405,66.9054,66.52135,65.31005,66.80648491578023,66.87019699892002,66.92051349469794,-0.06371208313979082,-0.04500440509158129,-0.018707678048209532,21.43489986795503,43.95,44.26,33.44,66.9405,67.401915442447,66.479084557553,0.0138,0.2611,0.10999999999999943,0.2,0.2997601918465228,,11726.64,0.35,-548403,66.97,67.2,68.44,70.07,65.57,64.33,62.34,68.76499999999999,6.5647,3.065,False,False
2026-06-13 06:15:00,66.73,66.86,66.67,66.86,7124.926,66.9235,66.8946,66.5301,65.308675,66.8147180056602,66.86944166566668,66.9181404164745,-0.05472366000648776,-0.046948256074562586,-0.007775403931925176,21.64717279716235,49.52,65.92,48.21,66.9235,67.36945373845764,66.47754626154237,0.0133,0.4288,0.18999999999999773,0.2,0.2991325157044571,,11516.65,0.62,-541278,66.96,67.2,68.44,70.07,65.57,64.33,62.34,68.76499999999999,6.7604,2.8492,False,False
2026-06-13 06:30:00,66.87,66.98,66.81,66.93,6268.345,66.902,66.8886,66.5388,65.30733749999999,66.8324536970971,66.8739274682099,66.91860549818138,-0.04147377111280548,-0.045853359082211165,0.004379587969405685,20.838891004265893,52.09,80.11,63.43,66.902,67.29801169573652,66.50598830426348,0.0118,0.5354,0.1700000000000017,0.2,0.29881966233378154,,11030.67,0.57,-535010,66.96,67.2,68.44,70.07,65.57,64.33,62.34,68.76499999999999,6.8579,2.7417,False,False
2026-06-13 06:45:00,66.92,67.22,66.92,67.16,31685.436,66.8875,66.88680000000001,66.54855,65.30567500000001,66.88284543600523,66.89511802612029,66.9280719492331,-0.012272590115060211,-0.03913720528878097,0.02686461517372076,20.15661775216551,59.39,100.0,82.01,66.8875,67.21419799348875,66.56080200651125,0.0098,0.9171,0.29999999999999716,0.2,0.2977963073257892,,12088.84,2.62,-503324,66.98,67.2,68.44,70.07,65.57,64.33,62.34,68.76499999999999,7.1769,2.3898,False,False
2026-06-13 07:00:00,67.16,67.17,67.0,67.11,23838.876,66.8795,66.88119999999999,66.5587,65.3038375,66.91779229200442,66.91103520937064,66.9352063825965,0.006757082633782829,-0.029958347704268213,0.03671543033805104,19.52307830378658,57.35,96.33,92.15,66.8795,67.17289931475199,66.586100685248,0.0088,0.8928,0.1700000000000017,0.2,0.2980181791089257,,12593.0,1.89,-527163,66.98,67.2,68.44,70.07,65.57,64.33,62.34,68.76499999999999,7.1077,2.4661,False,False
2026-06-13 07:15:00,67.11,67.34,66.96,67.27,23776.887,66.886,66.8852,66.5694,65.3026,66.97197809323451,66.9376251938617,66.94833554406331,0.03435289937280572,-0.017096098288853428,0.051448997661659154,19.813348751943582,61.87,96.33,97.55,66.886,67.2080591642313,66.56394083576869,0.0096,1.0962,0.38000000000000966,0.21,0.31217481789802287,,12782.21,1.86,-503386,67.0,67.2,68.44,70.07,65.57,64.33,62.34,68.76499999999999,7.3287,2.2224,False,False
2026-06-13 07:30:00,67.26,67.29,67.15,67.27,11835.321,66.898,66.8868,66.5799,65.30078750000001,67.01782761735228,66.96224554987195,66.960949836453,0.05558206748033001,-0.0025604651350167405,0.05814253261534675,20.082885596660798,61.87,96.33,96.33,66.898,67.2582689054203,66.5377310945797,0.0108,1.0163,0.14000000000000057,0.21,0.31217481789802287,,12962.77,0.91,-503386,67.0,67.2,68.44,70.07,65.57,64.33,62.34,68.76499999999999,7.3287,2.2224,False,False
2026-06-13 07:45:00,67.26,67.47,67.24,67.37,23151.976,66.91799999999999,66.89,66.59190000000001,65.29889999999999,67.07200798391347,66.99244958321476,66.97699101933719,0.07955840069870135,0.013863308031726876,0.06569509266697447,21.127247324572078,64.6,100.0,97.55,66.91799999999999,67.33503716860997,66.50096283139001,0.0125,1.0419,0.23000000000000398,0.21,0.31171144426302505,,13665.21,1.69,-480234,67.02,67.2,68.44,70.07,65.57,64.33,62.34,68.76499999999999,7.4662,2.0707,False,False
2026-06-13 08:00:00,67.38,67.45,67.27,67.31,42572.031,66.9355,66.896,66.60255000000001,65.2974125,67.10862214023447,67.01597183630997,66.99005019504946,0.09265030392450058,0.029620707210281615,0.06302959671421896,22.097011786203982,61.75,96.0,97.44,66.9355,67.38783778715298,66.48316221284703,0.0135,0.914,0.18000000000000682,0.21,0.31198930322388946,,15103.32,2.82,-522806,67.05,67.2,68.44,70.07,65.57,64.33,62.34,68.76499999999999,7.3837,2.1616,False,False
2026-06-13 08:15:00,67.31,67.46,67.26,67.36,18280.082,66.9635,66.90759999999999,66.6127,65.2952875,67.14729565712148,67.04145540399071,67.00455803053772,0.10584025313076495,0.04486461639437828,0.06097563673638667,22.99750735771932,63.2,93.87,96.62,66.9635,67.44865976750164,66.47834023249835,0.0145,0.9086,0.19999999999998863,0.21,0.31175771971496435,,15161.19,1.21,-504526,67.07,67.2,68.44,70.07,65.57,64.33,62.34,68.76499999999999,7.4525,2.0858,False,False
2026-06-13 08:30:00,67.36,67.57,67.32,67.46,17514.328,66.992,66.92219999999999,66.62345,65.29361250000001,67.19540401756433,67.07245870739881,67.02241849992839,0.12294531016551957,0.06048075514860655,0.062464555016913025,24.29983060255245,65.99,93.87,94.58,66.992,67.52371420895275,66.46028579104726,0.0159,0.9401,0.25,0.21,0.3112955825674474,,15572.35,1.12,-487012,67.08,67.2,68.44,70.07,65.57,64.33,62.34,68.76499999999999,7.5897,1.9345,False,False
2026-06-13 08:45:00,67.47,67.48,67.33,67.33,8238.162,67.0145,66.93419999999999,66.6345,65.29238749999999,67.2161110917852,67.09153584018408,67.03448051953904,0.12457525160111516,0.07329965443910827,0.051275597162006886,25.509130758468928,59.66,88.29,92.01,67.0145,67.56404430883295,66.46495569116705,0.0164,0.7871,0.15000000000000568,0.21,0.3118966285459676,,15787.26,0.52,-495250,67.09,67.2,68.44,70.07,65.57,64.33,62.34,68.76499999999999,7.4113,2.1313,False,False
2026-06-13 09:00:00,67.32,67.5,67.32,67.43,28665.561,67.049,66.9466,66.64685,65.2913375,67.24901707766439,67.1166072594297,67.04999108740026,0.13240981823469156,0.08512168719822494,0.04728813103646662,26.718697037292536,62.63,85.34,89.17,67.049,67.6124442951051,66.4855557048949,0.0168,0.8381,0.18000000000000682,0.2,0.29660388551090017,,16720.49,1.71,-466584,67.1,67.2,68.44,70.07,65.57,64.33,62.34,68.76499999999999,7.5486,1.9798,False,False
2026-06-13 09:15:00,67.44,67.54,67.38,67.41,12205.913,67.08149999999999,66.9612,66.6583,65.29005000000001,67.27378368110064,67.1383400550275,67.0641090839728,0.13544362607314042,0.09518607497320804,0.040257551099932384,28.016853965289016,61.65,78.78,84.14,67.08149999999999,67.64972067618521,66.51327932381477,0.0169,0.7891,0.1600000000000108,0.2,0.29669188547693226,,16307.01,0.75,-478790,67.11,67.2,68.44,70.07,65.57,64.33,62.34,68.76499999999999,7.5211,2.0101,False,False
2026-06-13 09:30:00,67.41,67.45,67.32,67.36,8211.997,67.10400000000001,66.972,66.67070000000001,65.2885375,67.28704773016207,67.15475931021065,67.07571264930719,0.13228841995142204,0.10260654396885084,0.0296818759825712,28.55646770876765,59.17,74.54,79.55,67.10400000000001,67.67922169639394,66.52877830360609,0.0171,0.7225,0.13000000000000966,0.2,0.2969121140142518,,16479.59,0.5,-487002,67.12,67.2,68.44,70.07,65.57,64.33,62.34,68.76499999999999,7.4525,2.0858,False,False
2026-06-13 09:45:00,67.36,67.4,67.29,67.37,15083.885,67.139,66.9836,66.68235,65.2871,67.29980961782945,67.17070306500986,67.08725332972652,0.12910655281959293,0.10790654573899927,0.021200007080593664,28.733316377409455,59.52,64.1,72.47,67.139,67.68760205115241,66.59039794884758,0.0163,0.7105,0.10999999999999943,0.19,0.2820246400474989,,16672.57,0.9,-471918,67.12,67.2,68.44,70.07,65.57,64.33,62.34,68.76499999999999,7.4662,2.0707,False,False
2026-06-13 10:00:00,67.37,67.48,67.36,67.42,7578.385,67.17,66.9976,66.6935,65.2861125,67.3183004458557,67.18916950463876,67.10030221875685,0.12913094121694257,0.11215142483458794,0.016979516382354634,29.329650260904508,61.31,52.62,63.75,67.17,67.70791018620527,66.63208981379474,0.016,0.7324,0.12000000000000455,0.19,0.2818154850192821,,15952.85,0.48,-464340,67.13,67.2,68.44,70.07,65.57,64.33,62.34,68.76499999999999,7.5349,1.995,False,False
2026-06-13 10:15:00,67.43,67.46,67.35,67.41,5220.908,67.2055,67.0144,66.70315,65.28569999999999,67.3324080695702,67.20552731910996,67.112447229786,0.12688075046024494,0.11509728995971935,0.011783460500525589,29.76911862621597,60.73,46.15,54.29,67.2055,67.70516199101543,66.70583800898457,0.0149,0.7046,0.10999999999999943,0.18,0.26702269692923897,,15831.52,0.33,-469561,67.13,67.2,68.44,70.07,65.57,64.33,62.34,68.76499999999999,7.5211,2.0101,False,False
2026-06-13 10:30:00,67.42,67.53,67.41,67.51,10249.807,67.2425,67.0316,66.7141,65.2854125,67.35972990502094,67.22808085102774,67.12803753450027,0.13164905399320048,0.11840764276641558,0.013241411226784905,30.54984174361129,64.36,53.71,50.83,67.2425,67.71524673313158,66.76975326686843,0.0141,0.7829,0.12000000000000455,0.18,0.26662716634572653,,15723.9,0.65,-459311,67.13,67.2,68.44,70.07,65.57,64.33,62.34,68.76499999999999,7.6581,1.859,False,False
2026-06-13 10:45:00,67.51,67.61,67.34,67.44,13973.25,67.275,67.0464,66.72475,65.28555,67.37207915040233,67.24377856576643,67.14027135667672,0.12830058463589467,0.12038623114031141,0.007914353495583254,31.658196174856972,60.17,43.32,47.73,67.275,67.70412395461386,66.84587604538615,0.0128,0.6923,0.269999999999996,0.18,0.26690391459074736,,15980.37,0.87,-473284,67.14,67.2,68.44,70.07,65.57,64.33,62.34,68.76499999999999,7.5623,1.9647,False,False
2026-06-13 11:00:00,67.44,67.71,67.38,67.71,11562.588,67.3245,67.0692,66.73769999999999,65.28631250000001,67.42406697341735,67.27831348682076,67.16261365641489,0.1457534865965897,0.1254596822315671,0.020293804365022622,33.10579656036756,68.65,63.6,53.54,67.3245,67.71027195336417,66.93872804663583,0.0115,0.9996,0.3299999999999983,0.19,0.28060847732978883,,16351.93,0.71,-461722,67.15,67.2,68.44,70.07,65.57,64.33,62.34,68.76499999999999,7.9309,1.5581,False,False
2026-06-13 11:15:00,67.7,67.96,67.69,67.94,18716.428,67.3785,67.0954,66.75155,65.287075,67.5034412851993,67.32732730261182,67.19309939537902,0.17611398258748068,0.1355905423027498,0.04052344028473087,35.22695043713244,73.77,71.57,59.5,67.3785,67.7918699757415,66.9651300242585,0.0123,1.1792,0.269999999999996,0.2,0.2943773918163085,,16931.51,1.11,-443005,67.17,67.2,68.44,70.07,65.57,64.33,62.34,68.76499999999999,8.2426,1.2143,False,False
2026-06-13 11:30:00,67.93,67.93,67.79,67.8,7901.144,67.422,67.1196,66.76360000000001,65.2880375,67.54906570286094,67.36234009501095,67.21689941908964,0.18672560784999348,0.14581755541219854,0.04090805243779494,37.196593322699826,66.64,83.71,72.96,67.422,67.81944446815322,67.02455553184677,0.0118,0.9755,0.14999999999999147,0.19,0.28023598820059,,17013.15,0.46,-450907,67.18,67.2,68.44,70.07,65.57,64.33,62.34,68.76499999999999,8.0531,1.4233,False,False
2026-06-13 11:45:00,67.8,67.91,67.78,67.9,3749.29,67.459,67.145,66.7762,65.28905,67.60305559472849,67.40216675463977,67.24368767716456,0.200888840088723,0.15683181234750343,0.04405702774121956,38.90475869088583,68.95,72.7,75.99,67.459,67.89010140460812,67.02789859539189,0.0128,1.0115,0.12999999999999545,0.19,0.2798232695139911,,15616.34,0.24,-447157,67.18,67.2,68.44,70.07,65.57,64.33,62.34,68.76499999999999,8.1885,1.2739,False,False
2026-06-13 12:00:00,67.91,67.93,67.79,67.83,24536.78,67.495,67.1692,66.7884,65.28956249999999,67.63797011861641,67.43385810614794,67.26668031727576,0.204112012468471,0.16628785237169696,0.03782416009677403,40.5516977860281,65.53,53.87,70.09,67.495,67.92363307827551,67.0663669217245,0.0127,0.8908,0.14000000000000057,0.19,0.2801120448179272,,15651.24,1.57,-471694,67.21,67.2,68.44,70.07,65.57,64.33,62.34,68.76499999999999,8.0938,1.3784,False,False
2026-06-13 12:15:00,67.82,67.9,67.8,67.81,7561.731,67.522,67.189,66.80024999999999,65.289475,67.66443625421388,67.4617204686555,67.28798697150023,0.20271578555838232,0.17357343900903405,0.029142346549348275,42.080998374374495,64.54,49.09,58.55,67.522,67.9589077946834,67.08509220531661,0.0129,0.8296,0.10000000000000853,0.18,0.2654475741041144,,14840.48,0.51,-479256,67.22,67.2,68.44,70.07,65.57,64.33,62.34,68.76499999999999,8.0667,1.4083,False,False
2026-06-13 12:30:00,67.81,67.9,67.77,67.79,14599.186,67.54799999999999,67.2066,66.81200000000001,65.29015,67.68375375356558,67.48603747097732,67.30767375693159,0.19771628258826013,0.17840200772487927,0.01931427486338086,43.07681488177479,63.51,36.68,46.55,67.54799999999999,67.98365316963498,67.112346830365,0.0129,0.7777,0.13000000000000966,0.18,0.26552588877415545,,14978.67,0.97,-493855,67.23,67.2,68.44,70.07,65.57,64.33,62.34,68.76499999999999,8.0395,1.4383,False,False
2026-06-13 12:45:00,67.78,68.06,67.78,67.99,44767.025,67.579,67.22840000000001,66.82445000000001,65.2902125,67.73086856070934,67.52336802868271,67.33443164881663,0.20750053202662855,0.18422171258522912,0.023278819441399423,44.54802752255478,68.86,44.29,43.35,67.579,68.04826145781638,67.1097385421836,0.0139,0.9379,0.28000000000000114,0.18,0.2647448154140315,,16059.42,2.79,-449088,67.27,67.2,68.44,70.07,65.57,64.33,62.34,68.76499999999999,8.31,1.1399,False,False
2026-06-13 13:00:00,67.98,67.99,67.84,67.86,8015.815,67.60650000000001,67.247,66.8358,65.2903875,67.75073493598482,67.54830373026176,67.35504217239244,0.20243120572305884,0.18786361121279507,0.014567594510263765,45.91415354613621,62.45,38.89,39.95,67.60650000000001,68.07384524599046,67.13915475400957,0.0138,0.7712,0.14999999999999147,0.18,0.2652519893899204,,14331.61,0.56,-457104,67.28,67.2,68.44,70.07,65.57,64.33,62.34,68.76499999999999,8.1344,1.3336,False,False
2026-06-13 13:15:00,67.85,68.06,67.83,68.0,21326.337,67.6385,67.26719999999999,66.8483,65.2906125,67.78908340737178,67.58176271320534,67.3803346362202,0.20732069416644094,0.19175502780352427,0.015565666362916675,47.39317725276456,66.11,43.52,42.23,67.6385,68.12213862107153,67.15486137892846,0.0143,0.8737,0.23000000000000398,0.19,0.27941176470588236,,14483.93,1.47,-435777,67.3,67.2,68.44,70.07,65.57,64.33,62.34,68.76499999999999,8.3235,1.125,False,False
2026-06-13 13:30:00,68.0,68.45,67.89,68.16,59959.391,67.67349999999999,67.2876,66.86149999999999,65.2924,67.84614749854535,67.62459510481975,67.41090974852528,0.22155239372560231,0.1977145009879399,0.023837892737662403,49.54709292245166,69.74,44.85,42.42,67.67349999999999,68.20198442690035,67.14501557309963,0.0156,0.9603,0.5600000000000023,0.21,0.3080985915492958,,16606.18,3.61,-375818,67.36,67.2,68.44,70.07,65.57,64.33,62.34,68.76499999999999,8.5387,0.8876,False,False
2026-06-13 13:45:00,68.16,68.23,67.87,68.02,29261.381,67.708,67.304,66.8722,65.29462500000001,67.87289403723068,67.65388435631458,67.43479564073999,0.21900968091610196,0.20197353697357234,0.017036143942529614,51.32194249156484,63.35,45.77,44.71,67.708,68.23213738657199,67.183862613428,0.0155,0.7976,0.35999999999999943,0.22,0.3234342840341077,,17657.34,1.66,-405079,67.39,67.2,68.44,70.07,65.57,64.33,62.34,68.76499999999999,8.3505,1.0953,False,False
2026-06-13 14:00:00,68.02,68.3,67.99,68.27,20555.421,67.75,67.32220000000001,66.88525,65.29787499999999,67.93398726227211,67.69952255214312,67.46754875286783,0.2344647101289894,0.20847177160465577,0.025992938524333625,53.08475863925324,68.84,52.46,47.69,67.75,68.31348539419955,67.18651460580045,0.0166,0.9614,0.3100000000000023,0.23,0.33689761242126853,,17251.83,1.19,-384524,67.4,67.2,68.44,70.07,65.57,64.33,62.34,68.76499999999999,8.6861,0.7251,False,False
2026-06-13 14:15:00,68.26,68.43,68.14,68.18,22801.107,67.7885,67.3368,66.9006,65.3022875,67.9718353757687,67.7351134742066,67.49548801746124,0.23672190156210604,0.21412179759614586,0.022600103965960183,54.912766397421606,65.06,36.7,44.98,67.7885,68.35934517211662,67.21765482788338,0.0168,0.8429,0.29000000000000625,0.23,0.3373423291287767,,17781.59,1.28,-407325,67.43,67.2,68.44,70.07,65.57,64.33,62.34,68.76499999999999,8.5656,0.858,False,False
2026-06-13 14:30:00,68.18,68.33,68.11,68.14,12579.072,67.8275,67.35419999999999,66.91475,65.30567500000001,67.99770685641968,67.76510506870981,67.52076299716865,0.23260178770986784,0.21781779561889025,0.014783992090977582,56.266128007259795,63.39,31.68,40.28,67.8275,68.38140954990526,67.27359045009474,0.0163,0.7821,0.21999999999999886,0.23,0.3375403580862929,,17999.95,0.7,-419904,67.44,67.2,68.44,70.07,65.57,64.33,62.34,68.76499999999999,8.5119,0.9172,False,False
2026-06-13 14:45:00,68.14,68.29,68.13,68.29,10490.061,67.8735,67.3772,66.9299,65.309725,68.04267503235512,67.8039861747313,67.55092915414242,0.23868885762381353,0.22199200801987493,0.016696849603938607,57.52282093068098,66.82,30.45,32.94,67.8735,68.42019437242821,67.3268056275718,0.0161,0.8809,0.1600000000000108,0.23,0.3367989456728657,,17770.26,0.59,-409414,67.45,67.2,68.44,70.07,65.57,64.33,62.34,68.76499999999999,8.7128,0.6956,False,False
2026-06-13 15:00:00,68.29,68.53,68.18,68.49,18354.156,67.92699999999999,67.4064,66.94630000000001,65.315175,68.11149425814664,67.8548020136401,67.58775546182312,0.2566922445065387,0.22893205531720767,0.02776018918933104,59.06334009626866,70.76,56.11,39.41,67.92699999999999,68.49580669179797,67.35819330820202,0.0167,0.9949,0.3499999999999943,0.24,0.3504161191414805,,18309.04,1.0,-391060,67.47,67.2,68.44,70.07,65.57,64.33,62.34,68.76499999999999,8.9794,0.4015,False,False
2026-06-13 15:15:00,68.49,68.63,68.42,68.55,21169.209,67.98400000000001,67.438,66.96275,65.3190125,68.17895667997023,67.90629816077787,67.62549054175163,0.27265851919236184,0.2376773480922385,0.03498117110012333,60.616869712094996,71.84,86.67,57.74,67.98400000000001,68.56305185660196,67.40494814339806,0.017,0.9887,0.20999999999999375,0.23,0.33552151714077316,,19106.46,1.11,-369891,67.49,67.2,68.44,70.07,65.57,64.33,62.34,68.76499999999999,9.0591,0.3136,False,False
2026-06-13 15:30:00,68.55,68.71,68.41,68.43,19366.185,68.03,67.4674,66.97785,65.3218125,68.21757872920558,67.94509088960913,67.65703993227118,0.27248783959645095,0.24463944639308102,0.02784839320336993,62.15026254793514,66.55,81.22,74.67,68.03,68.5965407496864,67.4634592503136,0.0167,0.853,0.29999999999999716,0.24,0.35072336694432266,,19562.28,0.99,-389257,67.51,67.2,68.44,70.07,65.57,64.33,62.34,68.76499999999999,8.8996,0.4896,False,False
2026-06-13 15:45:00,68.42,68.64,68.37,68.6,24993.203,68.088,67.5034,66.9932,65.3248375,68.27641277086626,67.993602675564,67.69401875845662,0.28281009530225276,0.2522735761749154,0.030536519127337347,63.12598688722882,69.93,74.43,80.77,68.088,68.63747247429019,67.5385275257098,0.0161,0.9659,0.269999999999996,0.24,0.3498542274052478,,20113.28,1.24,-364264,67.54,67.2,68.44,70.07,65.57,64.33,62.34,68.76499999999999,9.1254,0.2405,False,True
2026-06-13 16:00:00,68.6,68.63,68.13,68.17,28345.457,68.111,67.529,67.0083,65.3279625,68.26004157534837,68.00666914404074,67.71268468949754,0.2533724313076249,0.25249334720145733,0.0008790841061675492,61.745244124296974,54.84,41.1,65.58,68.111,68.63160288937314,67.59039711062687,0.0153,0.5567,0.5,0.26,0.3813994425700455,,20952.42,1.35,-392609,67.56,67.2,68.44,70.07,65.57,64.33,62.34,68.76499999999999,8.5521,0.8728,False,False
2026-06-13 16:15:00,68.17,68.18,67.88,68.03,40241.791,68.1155,67.552,67.02145,65.33058750000001,68.22465056375631,68.00839735559327,67.72512842716431,0.21625320816303883,0.24524531939377364,-0.028992111230734807,58.720873959985944,50.99,26.55,47.36,68.1155,68.63141410954117,67.59958589045883,0.0151,0.4171,0.30000000000001137,0.26,0.38218433044245187,,22028.69,1.83,-432851,67.57,67.2,68.44,70.07,65.57,64.33,62.34,68.76499999999999,8.364,1.0804,False,False
2026-06-13 16:30:00,68.03,68.09,67.86,68.08,13215.497,68.1295,67.5788,67.03399999999999,65.333975,68.20239663087072,68.01370125517896,67.73904495943238,0.18869537569176487,0.2339353306533719,-0.04523995496160704,55.78968500073097,52.28,2.06,23.24,68.1295,68.62412266319889,67.6348773368011,0.0145,0.45,0.23000000000000398,0.26,0.38190364277320804,,22294.4,0.59,-419636,67.58,67.2,68.44,70.07,65.57,64.33,62.34,68.76499999999999,8.4313,1.0062,False,False
2026-06-13 16:45:00,68.08,68.29,67.83,68.1,22466.341,68.1395,67.60560000000001,67.04775,65.3374625,68.18664330304446,68.02009375479533,67.75320005906248,0.1665495482491366,0.22045817417252486,-0.05390862592338827,53.85742093657896,52.81,4.98,11.2,68.1395,68.62253753804492,67.65646246195507,0.0142,0.4591,0.46000000000000796,0.27,0.39647577092511016,,23230.26,0.97,-397169,67.59,67.2,68.44,70.07,65.57,64.33,62.34,68.76499999999999,8.4581,0.9765,False,False
2026-06-13 17:00:00,68.09,68.13,67.89,68.0,16376.641,68.148,67.6274,67.05995,65.3395625,68.15792894872993,68.01860532851418,67.76287848811886,0.13932362021574818,0.20423126338116954,-0.06490764316542136,52.0631757341521,49.8,4.98,4.01,68.148,68.61378061246683,67.68221938753317,0.0137,0.3411,0.23999999999999488,0.27,0.3970588235294118,,22822.25,0.72,-413546,67.6,67.2,68.44,70.07,65.57,64.33,62.34,68.76499999999999,8.3235,1.125,False,False
2026-06-13 17:15:00,68.01,68.21,67.93,68.21,9481.61,68.168,67.6582,67.07235,65.3418125,68.16593987969456,68.0327827115872,67.78041266505537,0.13315716810735978,0.1900164443264076,-0.05685927621904782,50.69558863982124,55.53,11.58,7.18,68.168,68.60620687256193,67.72979312743809,0.0129,0.5479,0.2799999999999869,0.27,0.3958363876264478,,22918.24,0.41,-404064,67.6,67.2,68.44,70.07,65.57,64.33,62.34,68.76499999999999,8.6058,0.8137,False,False
2026-06-13 17:30:00,68.21,68.26,68.11,68.25,6756.593,68.191,67.6872,67.08595,65.3444375,68.1788722058954,68.04887288109926,67.79882785466104,0.1299993247961453,0.17801302042035516,-0.04801369562420987,49.607634694348164,56.55,18.87,11.81,68.191,68.59241329273152,67.78958670726848,0.0118,0.5735,0.15000000000000568,0.26,0.38095238095238093,,22526.11,0.3,-397308,67.6,67.2,68.44,70.07,65.57,64.33,62.34,68.76499999999999,8.6593,0.7546,False,False
2026-06-13 17:45:00,68.26,68.28,67.84,68.0,17510.277,68.1915,67.7132,67.0982,65.34625,68.15135340498841,68.0452526676845,67.80671695839983,0.10610073730391889,0.16363056379706792,-0.05752982649314903,46.847197685726876,49.0,18.87,16.44,68.1915,68.59188271165485,67.79111728834516,0.0117,0.2609,0.4399999999999977,0.28,0.411764705882353,,21163.28,0.83,-414818,67.61,67.2,68.44,70.07,65.57,64.33,62.34,68.76499999999999,8.3235,1.125,False,False
2026-06-13 18:00:00,68.0,68.23,67.97,68.21,5422.414,68.20899999999999,67.742,67.1103,65.3482625,68.16037595806712,68.05745617378194,67.82253197963905,0.10291978428517723,0.15148840789468979,-0.04856862360951256,44.283934749149964,54.5,18.22,18.65,68.20899999999999,68.57771897728911,67.84028102271087,0.0108,0.5014,0.2600000000000051,0.28,0.4104969945755755,,21033.61,0.26,-409395,67.61,67.2,68.44,70.07,65.57,64.33,62.34,68.76499999999999,8.6058,0.8137,False,False
2026-06-13 18:15:00,68.21,68.32,68.1,68.26,10614.992,68.22200000000001,67.7714,67.1243,65.35045,68.1757027337491,68.07245942016847,67.83968758828065,0.10324331358063432,0.1418393890318787,-0.03859607545124438,42.319417731796214,55.72,17.82,18.3,68.22200000000001,68.57780006213201,67.866199937868,0.0104,0.5534,0.21999999999999886,0.27,0.3955464400820392,,20498.04,0.52,-398780,67.62,67.2,68.44,70.07,65.57,64.33,62.34,68.76499999999999,8.6727,0.7398,False,False
2026-06-13 18:30:00,68.26,68.38,68.21,68.33,7233.126,68.2305,67.8036,67.13805,65.35261249999999,68.19944077471078,68.091536500156,67.85891552599514,0.1079042745547838,0.13505236613645974,-0.027148091581675943,40.76163863797068,57.44,30.14,22.06,68.2305,68.58818112820822,67.8728188717918,0.0105,0.6391,0.1700000000000017,0.26,0.38050636616420314,,17861.73,0.4,-391547,67.62,67.2,68.44,70.07,65.57,64.33,62.34,68.76499999999999,8.7663,0.6366,False,False
2026-06-13 18:45:00,68.34,68.36,68.02,68.13,7538.513,68.236,67.829,67.15180000000001,65.35475000000001,68.18875757860143,68.09438564829259,67.86954628968161,0.09437193030883861,0.12691627897093552,-0.032544348662096906,38.17389143878643,51.3,25.78,24.58,68.236,68.58328420032026,67.88871579967974,0.0102,0.3474,0.3400000000000034,0.27,0.3963011889035668,,16775.58,0.45,-399086,67.63,67.2,68.44,70.07,65.57,64.33,62.34,68.76499999999999,8.4985,0.932,False,False
2026-06-13 19:00:00,68.13,68.19,68.06,68.16,5547.916,68.23049999999999,67.8536,67.16635000000001,65.3574375,68.18433333573967,68.09924597064128,67.88093663126273,0.08508736509838855,0.11855049619642613,-0.033463131098037585,35.77098332525819,52.12,20.94,25.62,68.23049999999999,68.57899903722962,67.88200096277036,0.0102,0.3989,0.12999999999999545,0.26,0.38145539906103293,,16025.21,0.35,-393538,67.63,67.2,68.44,70.07,65.57,64.33,62.34,68.76499999999999,8.5387,0.8876,False,False
2026-06-13 19:15:00,68.17,68.17,68.03,68.08,4577.039,68.2255,67.872,67.17725,65.3592875,68.16828205331818,68.09782034318637,67.88874303787988,0.07046171013180924,0.10893273898350277,-0.038471028851693526,33.362731354873965,49.7,11.37,19.36,68.2255,68.57986971476052,67.87113028523947,0.0104,0.2947,0.14000000000000057,0.25,0.3672150411280846,,15114.0,0.3,-398115,67.63,67.2,68.44,70.07,65.57,64.33,62.34,68.76499999999999,8.4313,1.0062,False,False
2026-06-13 19:30:00,68.09,68.35,68.03,68.34,9948.946,68.2355,67.89659999999999,67.18565000000001,65.3621375,68.19470019896154,68.11575957702442,67.90643938933557,0.07894062193712159,0.10293431557422654,-0.02399369363710495,32.05567444355688,56.74,38.29,23.53,68.2355,68.59099668738183,67.88000331261817,0.0104,0.647,0.3199999999999932,0.26,0.3804506877377817,,14982.5,0.66,-388166,67.64,67.2,68.44,70.07,65.57,64.33,62.34,68.76499999999999,8.7796,0.6219,False,False
2026-06-13 19:45:00,68.34,68.4,68.22,68.23,6867.167,68.2325,67.9158,67.19105,65.364825,68.20013093758284,68.12422183057816,67.91912804073418,0.07590910700467646,0.09752927386031654,-0.021620166855640083,31.073809788225212,53.34,50.44,33.37,68.2325,68.58707164668681,67.8779283533132,0.0104,0.4965,0.18000000000000682,0.25,0.36640773853143777,,14801.35,0.46,-395033,67.64,67.2,68.44,70.07,65.57,64.33,62.34,68.76499999999999,8.6326,0.7841,False,False
2026-06-13 20:00:00,68.24,68.24,68.05,68.2,8596.698,68.21799999999999,67.93440000000001,67.19665,65.3677125,68.20011079333933,68.12983502831312,67.93014262737205,0.07027576502621002,0.09207857209349524,-0.021802807067285213,29.12481355195009,52.42,61.17,49.97,68.21799999999999,68.55131508722383,67.88468491277615,0.0098,0.473,0.18999999999999773,0.25,0.3665689149560117,,14313.48,0.6,-403630,67.64,67.2,68.44,70.07,65.57,64.33,62.34,68.76499999999999,8.5924,0.8284,False,False
2026-06-13 20:15:00,68.19,68.29,68.14,68.17,5841.054,68.199,67.9504,67.2037,65.3705375,68.19547836359482,68.13281021140104,67.93954879884765,0.06266815219377975,0.08619648811355214,-0.023528335919772395,27.572213497771873,51.46,40.3,50.64,68.199,68.49371842048136,67.90428157951864,0.0086,0.4508,0.15000000000000568,0.24,0.3520610239108112,,13547.07,0.43,-409471,67.65,67.2,68.44,70.07,65.57,64.33,62.34,68.76499999999999,8.5521,0.8728,False,False
2026-06-13 20:30:00,68.17,68.24,68.11,68.18,4076.399,68.1865,67.9678,67.20965,65.3736375,68.19309707688792,68.13630575129726,67.94897825771638,0.05679132559066602,0.08031545560897492,-0.0235241300183089,25.949409627437845,51.77,34.11,45.19,68.1865,68.46044006260009,67.9125599373999,0.008,0.4881,0.12999999999999545,0.23,0.3373423291287767,,12782.58,0.32,-405395,67.65,67.2,68.44,70.07,65.57,64.33,62.34,68.76499999999999,8.5656,0.858,False,False
2026-06-13 20:45:00,68.19,68.29,68.12,68.28,2929.488,68.1705,67.9862,67.21705,65.3767,68.20646675736671,68.14694976971968,67.9619595025118,0.059516987647029396,0.07615576201658582,-0.016638774369556422,24.718815956045773,54.94,44.08,39.5,68.1705,68.37002311567036,67.97097688432964,0.0059,0.7744,0.1700000000000017,0.23,0.3368482718219098,,11679.4,0.25,-402465,67.65,67.2,68.44,70.07,65.57,64.33,62.34,68.76499999999999,8.6995,0.7103,False,False
2026-06-13 21:00:00,68.28,68.37,68.26,68.28,7808.084,68.176,68.0026,67.22465,65.3791875,68.21777956392569,68.15680534233304,67.97443167888389,0.06097422159264454,0.07311945393179756,-0.012145232339153017,24.00294651525012,54.94,57.84,45.34,68.176,68.381441757664,67.970558242336,0.006,0.7531,0.10999999999999943,0.22,0.3222026947861746,,10652.53,0.73,-402465,67.65,67.2,68.44,70.07,65.57,64.33,62.34,68.76499999999999,8.6995,0.7103,False,False
2026-06-13 21:15:00,68.28,68.43,68.23,68.38,12594.954,68.1935,68.0236,67.23175,65.38155,68.24273655409097,68.17333827993801,67.99033631892766,0.06939827415295952,0.07237521797602996,-0.002976943823070441,23.644205538817637,58.13,80.24,60.72,68.1935,68.40608063486216,67.98091936513784,0.0062,0.9387,0.20000000000000284,0.22,0.3217315004387248,,9270.19,1.36,-389870,67.66,67.2,68.44,70.07,65.57,64.33,62.34,68.76499999999999,8.833,0.563,False,False
2026-06-13 21:30:00,68.37,69.38,68.37,69.28,89847.139,68.2535,68.0606,67.2432,65.3858,68.40231554576928,68.25531322216483,68.04091136524423,0.14700232360445398,0.08730063910171476,0.059701684502739216,25.980668152000117,75.16,90.12,76.07,68.2535,68.77870772832982,67.72829227167018,0.0154,1.4772,1.009999999999991,0.27,0.3897228637413395,,13101.77,6.86,-300023,67.75,67.2,68.44,70.07,65.57,64.33,69.08333333333333,69.59,0.2839,0.4475,True,False
2026-06-13 21:45:00,69.27,69.59,69.23,69.27,51884.116,68.312,68.09779999999999,67.25489999999999,65.3919875,68.53580546180477,68.33047520570818,68.08911091954838,0.2053302560965875,0.11090656250068931,0.0944236935958982,28.458716345008806,74.8,99.52,89.96,68.312,69.0004796369748,67.6235203630252,0.0202,1.1957,0.35999999999999943,0.28,0.404215389057312,,14572.66,3.56,-351907,67.81,67.2,68.44,70.07,65.57,64.33,69.08333333333333,69.59,0.2695,0.462,True,False
2026-06-13 22:00:00,69.27,69.28,68.88,69.03,22703.654,68.3635,68.13119999999999,67.2657,65.397025,68.61183539075789,68.3822918571372,68.12600853054647,0.22954353362068503,0.13463395672468847,0.09490957689599655,29.028898590092133,66.48,88.15,92.6,68.3635,69.10570936186818,67.62129063813182,0.0217,0.949,0.4000000000000057,0.29,0.42010719976821664,,14889.01,1.52,-374611,67.83,67.2,68.44,70.07,65.57,64.33,68.76499999999999,69.08333333333333,0.3839,0.0773,False,True
2026-06-13 22:15:00,69.04,69.14,68.92,69.13,15244.01,68.4095,68.16640000000001,67.2786,65.40235,68.69155302294898,68.43767764549742,68.16538074503484,0.2538753774515641,0.1584822408700636,0.09539313658150048,29.558353531955223,68.07,78.87,88.85,68.4095,69.22233066146228,67.59666933853771,0.0238,0.9432,0.21999999999999886,0.28,0.40503399392449013,,15177.13,1.0,-359367,67.84,67.2,68.44,70.07,65.57,64.33,69.08333333333333,69.59,0.0675,0.6654,True,False
2026-06-13 22:30:00,69.13,69.23,68.93,68.94,33460.863,68.44399999999999,68.1968,67.2912,65.4066875,68.72977563480299,68.4748867087939,68.19575797071975,0.2548889260090874,0.17776357789786837,0.07712534811121904,30.245393189200044,62.03,62.15,76.39,68.44399999999999,69.28636259226344,67.60163740773653,0.0246,0.7944,0.29999999999999716,0.28,0.40615027560197275,,16512.34,2.03,-392828,67.87,67.2,68.44,70.07,65.57,64.33,68.76499999999999,69.08333333333333,0.2538,0.2079,True,True
2026-06-13 22:45:00,68.95,69.02,68.88,68.91,10718.781,68.48949999999999,68.2268,67.30275,65.41123750000001,68.75750246021792,68.50711732295731,68.22376746206407,0.25038513726060785,0.19228788977041628,0.05809724749019157,30.63378811228189,61.11,53.77,64.93,68.48949999999999,69.32918603155088,67.64981396844911,0.0245,0.7504,0.14000000000000057,0.27,0.391815411406182,,16172.77,0.66,-403546,67.88,67.2,68.44,70.07,65.57,64.33,68.76499999999999,69.08333333333333,0.2104,0.2515,True,True
2026-06-13 23:00:00,68.9,69.01,68.86,68.95,9194.894,68.52650000000001,68.2556,67.31230000000001,65.4168875,68.78711746633824,68.5399234471827,68.25224716943411,0.2471940191555433,0.20326911564744168,0.043924903508101604,30.89075349574187,61.92,44.44,53.45,68.52650000000001,69.37943980783653,67.67356019216349,0.0249,0.7483,0.15000000000000568,0.27,0.39158810732414795,,16361.39,0.56,-394351,67.88,67.2,68.44,70.07,65.57,64.33,68.76499999999999,69.08333333333333,0.2683,0.1934,True,True
2026-06-13 23:15:00,68.95,69.18,68.94,68.95,16990.9,68.56099999999999,68.2858,67.3222,65.4223125,68.81217631767082,68.57029948813212,68.27961002553474,0.24187682953869682,0.21099065842569273,0.030886171113004096,31.54839520172913,61.92,43.01,47.07,68.56099999999999,69.4243082025756,67.69769179742438,0.0252,0.7253,0.2400000000000091,0.26,0.3770848440899202,,16680.19,1.02,-394351,67.9,67.2,68.44,70.07,65.57,64.33,68.76499999999999,69.08333333333333,0.2683,0.1934,True,True
2026-06-13 23:30:00,68.95,69.07,68.9,68.93,7613.716,68.591,68.3102,67.33184999999999,65.4279875,68.83030303802916,68.5969439704927,68.30511551472945,0.23335906753645475,0.21546434024784517,0.01789472728860958,31.93788188401331,61.18,43.11,43.52,68.591,69.46217343732319,67.7198265626768,0.0254,0.6946,0.1699999999999875,0.26,0.37719425504134624,,16699.22,0.46,-401965,67.9,67.2,68.44,70.07,65.57,64.33,68.76499999999999,69.08333333333333,0.2394,0.2224,True,True
2026-06-13 23:45:00,68.92,68.96,68.79,68.94,15448.881,68.6315,68.3302,67.342,65.43386249999999,68.84717949371698,68.62235552823398,68.33001294552437,0.22482396548299732,0.2173362652948756,0.0074877001881217264,31.698344633294866,61.43,42.16,42.76,68.6315,69.48761792104806,67.77538207895195,0.0249,0.6802,0.1699999999999875,0.25,0.3626341746446185,,17094.73,0.9,-386516,67.91,67.2,68.44,70.07,65.57,64.33,68.76499999999999,69.08333333333333,0.2538,0.2079,True,True
2026-06-14 00:00:00,68.94,68.94,68.72,68.79,13513.246,68.663,68.35,67.35065,65.4391375,68.83838264852976,68.63477363725369,68.34805165354304,0.20360901127607178,0.21459081449111483,-0.010981803215043051,31.104839768797753,55.67,28.65,37.97,68.663,69.49200320614113,67.83399679385886,0.0241,0.5766,0.21999999999999886,0.25,0.3634249164122692,,17493.0,0.77,-400030,68.82,68.37,70.16,71.37,67.16,65.37,68.76499999999999,69.08333333333333,0.0363,0.4264,True,False
2026-06-14 00:15:00,68.8,68.85,68.69,68.71,10661.977,68.6945,68.36619999999999,67.3593,65.4438375,68.81863147183287,68.64034596042008,68.36224570634526,0.17828551141279547,0.207329753875451,-0.029044242462655523,30.39238964386792,52.83,14.97,28.59,68.6945,69.47679016019612,67.9122098398039,0.0228,0.5099,0.1599999999999966,0.24,0.34929413476932036,,17797.25,0.6,-410692,68.79,68.37,70.16,71.37,67.16,65.37,62.34,68.76499999999999,9.2708,0.08,False,True
2026-06-14 00:30:00,68.71,68.89,68.69,68.81,12720.959,68.71799999999999,68.3858,67.36865,65.44908749999999,68.81730355308935,68.65291292631488,68.3798046982533,0.1643906267744626,0.19874192845525332,-0.03435130168079073,29.875114987719165,55.87,5.74,16.45,68.71799999999999,69.48350911851469,67.95249088148529,0.0223,0.5601,0.20000000000000284,0.24,0.3487865135881412,,17935.85,0.71,-397971,68.79,68.37,70.16,71.37,67.16,65.37,68.76499999999999,69.08333333333333,0.0654,0.3972,True,False
2026-06-14 00:45:00,68.81,68.85,68.65,68.75,17797.156,68.744,68.4046,67.3779,65.4527,68.80694916030637,68.66010456140268,68.3943221610669,0.14684459890369794,0.18836246254494227,-0.041517863641244324,29.158675305714624,53.64,5.73,8.81,68.744,69.4742313980785,68.0137686019215,0.0212,0.5041,0.19999999999998863,0.24,0.3490909090909091,,18482.35,0.96,-415768,68.78,68.37,70.16,71.37,67.16,65.37,62.34,68.76499999999999,9.3236,0.0218,False,True
2026-06-14 01:00:00,68.75,68.91,68.64,68.81,16618.319,68.7745,68.425,67.388,65.45688750000001,68.80741852025923,68.6712079272247,68.41062325278976,0.13621059303453364,0.17793208864286056,-0.041721495608326914,28.731343945404348,55.55,9.85,7.11,68.7745,69.45855832315421,68.0904416768458,0.0199,0.5259,0.269999999999996,0.24,0.3487865135881412,,18883.43,0.88,-399149,68.78,68.37,70.16,71.37,67.16,65.37,68.76499999999999,69.08333333333333,0.0654,0.3972,True,False
2026-06-14 01:15:00,68.81,69.1,68.81,69.0,16581.42,68.816,68.4452,67.39935,65.4620125,68.83704644021935,68.69556289557842,68.43373606640584,0.14148354464093416,0.1706423798424753,-0.02915883520154114,29.015695578767474,61.02,23.24,12.94,68.816,69.4440596686393,68.1879403313607,0.0183,0.6465,0.28999999999999204,0.24,0.34782608695652173,,19420.45,0.85,-382568,68.82,68.37,70.16,71.37,67.16,65.37,68.76499999999999,69.08333333333333,0.3406,0.1208,False,True
2026-06-14 01:30:00,68.99,69.0,68.81,68.91,8992.058,68.85249999999999,68.46620000000001,67.40870000000001,65.466875,68.848270064801,68.71144712553557,68.45241308340954,0.13682293926542854,0.16387849172706595,-0.027055552461637405,29.279736381176093,57.42,32.07,21.72,68.85249999999999,69.4052681535525,68.29973184644749,0.0161,0.552,0.18999999999999773,0.24,0.348280365694384,,19666.23,0.46,-391560,68.82,68.37,70.16,71.37,67.16,65.37,68.76499999999999,69.08333333333333,0.2104,0.2515,True,True
2026-06-14 01:45:00,68.9,69.01,68.79,68.82,9855.963,68.8795,68.4826,67.41815000000001,65.4715375,68.8439208240624,68.7194880791996,68.46682825660918,0.1244327448627871,0.1559893423542102,-0.03155659749142309,29.383410454535543,53.98,32.1,29.14,68.8795,69.36292963348271,68.39607036651728,0.014,0.4385,0.21999999999999886,0.24,0.34873583260680036,,20012.55,0.49,-401416,68.83,68.37,70.16,71.37,67.16,65.37,68.76499999999999,69.08333333333333,0.0799,0.3826,True,False
2026-06-14 02:00:00,68.82,69.04,68.72,69.01,28763.875,68.916,68.4996,67.4283,65.47658750000001,68.86947146651433,68.74100748074038,68.48812910929117,0.1284639857739478,0.1504842710381577,-0.022020285264209905,28.9822579060227,59.49,38.6,34.26,68.916,69.31098967341968,68.52101032658031,0.0115,0.619,0.3200000000000074,0.24,0.34777568468337916,,21060.34,1.37,-372652,68.85,68.37,70.16,71.37,67.16,65.37,68.76499999999999,69.08333333333333,0.355,0.1063,False,True
2026-06-14 02:15:00,69.0,69.11,68.92,68.95,7096.41,68.94449999999999,68.5182,67.43854999999999,65.48276249999999,68.88186047166597,68.75648840809293,68.50624169324053,0.12537206357303887,0.14546182954513395,-0.02008976597209508,28.905183161985725,57.16,44.45,38.38,68.94449999999999,69.24840268525993,68.64059731474005,0.0088,0.509,0.18999999999999773,0.24,0.3480783176214648,,20785.42,0.34,-379749,68.86,68.37,70.16,71.37,67.16,65.37,68.76499999999999,69.08333333333333,0.2683,0.1934,True,True
2026-06-14 02:30:00,68.96,69.02,68.84,68.89,9768.717,68.925,68.53059999999999,67.44810000000001,65.4890625,68.88311270679428,68.7663781556416,68.52129103860365,0.11673455115267473,0.13971637386664212,-0.022981822713967398,28.261753446093657,54.85,47.7,43.58,68.925,69.18516189292295,68.66483810707705,0.0075,0.4327,0.1799999999999926,0.24,0.3483814777181013,,16781.5,0.58,-389517,68.86,68.37,70.16,71.37,67.16,65.37,68.76499999999999,69.08333333333333,0.1814,0.2806,True,True
2026-06-14 02:45:00,68.88,68.9,68.79,68.83,7648.922,68.90299999999999,68.54360000000001,67.4579,65.49646249999999,68.87494152113362,68.77109088485334,68.53339727238391,0.1038506362802849,0.13254322634937069,-0.028692590069085783,27.31805687019676,52.56,23.28,38.48,68.90299999999999,69.10912719630257,68.69687280369742,0.006,0.3229,0.10999999999999943,0.23,0.3341566177538864,,14569.74,0.52,-397166,68.86,68.37,70.16,71.37,67.16,65.37,68.76499999999999,69.08333333333333,0.0944,0.3681,True,False
2026-06-14 03:00:00,68.83,68.89,68.77,68.81,7544.977,68.892,68.557,67.4684,65.5050875,68.86495051788229,68.77397304153087,68.54424443817278,0.09097747635142639,0.12423007634978184,-0.03325259999835545,26.301102831514527,51.78,7.4,26.13,68.892,69.09300798623248,68.69099201376751,0.0058,0.296,0.12000000000000455,0.22,0.3197209707891295,,13811.8,0.55,-404711,68.86,68.37,70.16,71.37,67.16,65.37,68.76499999999999,69.08333333333333,0.0654,0.3972,True,False
2026-06-14 03:15:00,68.81,69.01,68.8,68.96,8299.075,68.8835,68.5704,67.48055,65.51280000000001,68.87957351513117,68.78775281623228,68.56054857785229,0.09182069889888567,0.11774820085960261,-0.025927501960716942,25.975077062470135,56.92,18.53,16.4,68.8835,69.05422908672968,68.71277091327032,0.005,0.724,0.21000000000000796,0.22,0.3190255220417634,,13464.56,0.62,-396412,68.86,68.37,70.16,71.37,67.16,65.37,68.76499999999999,69.08333333333333,0.2828,0.1788,True,True
2026-06-14 03:30:00,68.96,69.0,68.77,68.78,8406.03,68.8755,68.5762,67.49164999999999,65.5207,68.8642545128033,68.78717853354841,68.56915451597574,0.07707597925488585,0.10961375653865926,-0.03253777728377341,25.445284117300027,50.03,18.53,14.82,68.8755,69.05003396593808,68.70096603406192,0.0051,0.2264,0.23000000000000398,0.22,0.319860424542018,,12211.81,0.69,-404818,68.86,68.37,70.16,71.37,67.16,65.37,68.76499999999999,69.08333333333333,0.0218,0.441,True,False
2026-06-14 03:45:00,68.79,69.04,68.76,68.94,10768.383,68.877,68.584,67.50285,65.527575,68.87590766467972,68.79849864217445,68.58369747613355,0.0774090225052646,0.10317280973198034,-0.02576378722671574,25.163563829185325,55.22,34.27,23.78,68.877,69.0532892360292,68.70071076397079,0.0051,0.6787,0.28000000000000114,0.22,0.3191180736872643,,12214.29,0.88,-394050,68.86,68.37,70.16,71.37,67.16,65.37,68.76499999999999,69.08333333333333,0.2538,0.2079,True,True
2026-06-14 04:00:00,68.95,69.01,68.78,68.9,8740.777,68.8745,68.5934,67.51205,65.5336375,68.8796141778059,68.80601726127264,68.59610149667733,0.07359691653326195,0.09725763109223666,-0.023660714558974713,24.9019664187931,53.72,26.91,26.57,68.8745,69.04782354899001,68.70117645100999,0.005,0.5736,0.23000000000000398,0.22,0.31930333817126266,,12191.59,0.72,-402791,68.86,68.37,70.16,71.37,67.16,65.37,68.76499999999999,69.08333333333333,0.1959,0.2661,True,True
2026-06-14 04:15:00,68.9,68.98,68.84,68.86,6527.942,68.87,68.5986,67.5213,65.5394625,68.87659661198961,68.81001598265986,68.60645045759195,0.06658062932974929,0.09112223073973919,-0.0245416014099899,24.65905453771461,52.19,33.46,31.55,68.87,69.03970562749336,68.70029437250665,0.0049,0.4705,0.14000000000000057,0.22,0.3194888178913738,,11668.44,0.56,-409318,68.87,68.37,70.16,71.37,67.16,65.37,68.76499999999999,69.08333333333333,0.138,0.3243,True,False
2026-06-14 04:30:00,68.86,68.87,68.63,68.64,20673.824,68.8555,68.608,67.52805000000001,65.54469999999999,68.84019713322198,68.79742220616654,68.60776612592167,0.042774927055432954,0.08145277000287794,-0.03867784294744499,23.024473344955858,44.66,17.72,26.03,68.8555,69.05118772116165,68.65981227883836,0.0057,-0.0506,0.2400000000000091,0.22,0.3205128205128205,,12321.45,1.68,-429992,68.85,68.37,70.16,71.37,67.16,65.37,62.34,68.76499999999999,9.1783,0.1821,False,True
2026-06-14 04:45:00,68.64,68.65,68.44,68.52,34694.841,68.8345,68.6178,67.53495,65.54955,68.79093603580321,68.77687241311718,68.604324317062,0.014063622686038002,0.06797494053950996,-0.05391131785347196,22.6102624388222,41.17,6.54,19.24,68.8345,69.07663741205914,68.59236258794087,0.007,-0.1494,0.21000000000000796,0.22,0.3210741389375365,,13283.74,2.61,-464687,68.81,68.37,70.16,71.37,67.16,65.37,62.34,68.76499999999999,9.0193,0.3576,False,False
2026-06-14 05:00:00,68.53,68.6,68.45,68.49,24183.673,68.8195,68.62599999999999,67.54245,65.554025,68.74463818414118,68.75562260473812,68.59984101051054,-0.010984420596940936,0.052183068312219784,-0.06316748890916071,22.225638025983805,40.33,0.0,8.09,68.8195,69.10629536075446,68.53270463924555,0.0083,-0.0745,0.14999999999999147,0.21,0.3066141042487955,,13817.26,1.75,-488871,68.79,68.37,70.16,71.37,67.16,65.37,62.34,68.76499999999999,8.9794,0.4015,False,False
2026-06-14 05:15:00,68.49,68.49,68.09,68.22,51912.234,68.79499999999999,68.6284,67.54939999999999,65.558125,68.66392461735023,68.715946856239,68.58494528460817,-0.05202223888876745,0.03134200687202234,-0.0833642457607898,23.38720214364028,33.62,0.0,2.18,68.79499999999999,69.18597718334658,68.4040228166534,0.0114,-0.2353,0.3999999999999915,0.23,0.33714453239519204,,15879.78,3.27,-540783,68.71,68.37,70.16,71.37,67.16,65.37,62.34,68.76499999999999,8.6192,0.7989,False,False
2026-06-14 05:30:00,68.22,68.37,68.0,68.29,51557.878,68.769,68.6342,67.55635000000001,65.5618,68.6063977531425,68.68439523725834,68.57337880285883,-0.07799748411584062,0.009474108674449751,-0.08747159279029038,24.74999897535304,36.56,4.17,1.39,68.769,69.22028588208731,68.3177141179127,0.0131,-0.0307,0.37000000000000455,0.24,0.35144237809342505,,17821.62,2.89,-489225,68.64,68.37,70.16,71.37,67.16,65.37,62.34,68.76499999999999,8.7128,0.6956,False,False
2026-06-14 05:45:00,68.29,68.37,67.88,68.24,65803.243,68.74350000000001,68.6348,67.56235000000001,65.5659875,68.55002886804365,68.65147707153551,68.56030512431533,-0.10144820349185579,-0.012710353758811358,-0.08873784973304444,26.364703485346062,35.36,6.66,3.61,68.74350000000001,69.25316552499784,68.23383447500218,0.0148,0.006,0.4900000000000091,0.26,0.3810082063305979,,20221.93,3.25,-555028,68.57,68.37,70.16,71.37,67.16,65.37,62.34,68.76499999999999,8.646,0.7693,False,False
2026-06-14 06:00:00,68.25,68.5,68.25,68.45,14001.181,68.7255,68.6388,67.57005,65.5712,68.53463981142156,68.63655284401436,68.55597943316572,-0.1019130325928046,-0.030550889525610008,-0.07136214306719459,26.9146212104716,43.76,21.16,10.66,68.7255,69.25047518738633,68.20052481261366,0.0153,0.2376,0.2600000000000051,0.26,0.3798392987582177,,20091.07,0.7,-541027,68.57,68.37,70.16,71.37,67.16,65.37,62.34,68.76499999999999,8.9262,0.4602,False,False
2026-06-14 06:15:00,68.44,68.45,68.27,68.39,8787.42,68.69500000000001,68.64659999999999,67.5764,65.57651249999999,68.51238753274131,68.61828967038367,68.54947043578667,-0.10590213764236012,-0.04562113914896003,-0.06028099849340009,27.42525909808817,42.07,29.09,18.97,68.69500000000001,69.22369252829652,68.16630747170349,0.0154,0.2116,0.18000000000000682,0.25,0.3655505190817371,,19701.37,0.45,-549815,68.57,68.37,70.16,71.37,67.16,65.37,62.34,68.76499999999999,8.8463,0.5483,False,False
2026-06-14 06:30:00,68.39,68.4,68.13,68.16,11651.917,68.6575,68.6456,67.5816,65.581,68.45817406616572,68.58434228739229,68.53419708536367,-0.12616822122656401,-0.06173055556448083,-0.06443766566208319,28.37631523894756,36.31,30.46,26.9,68.6575,69.22681630280053,68.08818369719947,0.0166,0.0631,0.27000000000001023,0.25,0.36678403755868544,,19834.36,0.59,-561467,68.56,68.37,70.16,71.37,67.16,65.37,62.34,68.76499999999999,8.5387,0.8876,False,False
2026-06-14 06:45:00,68.16,68.21,68.1,68.19,19101.606,68.626,68.6442,67.5872,65.585725,68.41691651752484,68.55513174758545,68.52069916044745,-0.13821523006060943,-0.07702749046370655,-0.06118773959690288,29.356088985792677,37.51,21.97,27.17,68.626,69.22632973396007,68.02567026603994,0.0175,0.1369,0.10999999999999943,0.24,0.3519577650681918,,20296.65,0.94,-542365,68.54,68.37,70.16,71.37,67.16,65.37,62.34,68.76499999999999,8.579,0.8432,False,False
2026-06-14 07:00:00,68.2,68.21,68.05,68.1,9603.215,68.5805,68.6396,67.59389999999999,65.59075,68.36816013021333,68.52141828480134,68.5042011541554,-0.15325815458801628,-0.0922736232885685,-0.06098453129944778,30.428718923351184,35.36,12.55,21.66,68.5805,69.19603485514438,67.96496514485563,0.018,0.1097,0.1599999999999966,0.24,0.3524229074889868,,19338.61,0.5,-551968,68.54,68.37,70.16,71.37,67.16,65.37,62.34,68.76499999999999,8.4581,0.9765,False,False
2026-06-14 07:15:00,68.1,68.25,68.09,68.2,8644.689,68.543,68.641,67.601,65.5965375,68.34228934094973,68.49760952296421,68.4922716971297,-0.15532018201447784,-0.10488293503375037,-0.05043724698072746,31.08642980786381,39.52,18.48,17.67,68.543,69.15512657789976,67.93087342210025,0.0179,0.2198,0.1599999999999966,0.23,0.3372434017595308,,19416.03,0.45,-543323,68.53,68.37,70.16,71.37,67.16,65.37,62.34,68.76499999999999,8.5924,0.8284,False,False
2026-06-14 07:30:00,68.21,68.21,68.04,68.06,4215.596,68.5015,68.63900000000001,67.60755,65.60253750000001,68.29886021157286,68.46519400274464,68.47531986586971,-0.16633379117178038,-0.11717310626135638,-0.049160684910423996,31.879517289599725,36.02,16.79,15.94,68.5015,69.12696908712599,67.876030912874,0.0183,0.1471,0.1699999999999875,0.23,0.3379371143109022,,19138.37,0.22,-547539,68.53,68.37,70.16,71.37,67.16,65.37,62.34,68.76499999999999,8.4043,1.0359,False,False
2026-06-14 07:45:00,68.05,68.24,68.05,68.23,21345.563,68.4715,68.642,67.615,65.608275,68.28826633286934,68.44777222476355,68.46569947897285,-0.15950589189421294,-0.1256396633879277,-0.033866228506285234,32.345782954980024,42.65,41.38,25.55,68.4715,69.08812152514002,67.85487847485999,0.018,0.3042,0.18999999999999773,0.22,0.3224388099076652,,19823.2,1.08,-526194,68.51,68.37,70.16,71.37,67.16,65.37,62.34,68.76499999999999,8.6326,0.7841,False,False
2026-06-14 08:00:00,68.23,68.27,68.11,68.22,5955.954,68.44200000000001,68.6396,67.62265000000001,65.61291250000001,68.27776382012021,68.4309002081144,68.45606420528765,-0.15313638799418072,-0.13113900830917832,-0.0219973796850024,32.50341591625383,42.38,60.39,39.52,68.44200000000001,69.04677398997494,67.83722601002508,0.0177,0.3165,0.1599999999999966,0.22,0.3224860744649663,,19743.75,0.3,-532149,68.51,68.37,70.16,71.37,67.16,65.37,62.34,68.76499999999999,8.6192,0.7989,False,False
2026-06-14 08:15:00,68.22,68.37,68.22,68.32,9344.914,68.41,68.6414,67.6319,65.6177375,68.28426169394787,68.4226853778837,68.4507283540999,-0.1384236839358266,-0.13259594343450798,-0.005827740501318623,31.776284745224554,46.16,89.4,63.72,68.41,68.96505334025582,67.85494665974417,0.0162,0.4189,0.15000000000000568,0.21,0.30737704918032793,,19796.04,0.47,-522805,68.51,68.37,70.16,71.37,67.16,65.37,62.34,68.76499999999999,8.7529,0.6513,False,False
2026-06-14 08:30:00,68.32,68.34,68.2,68.26,9234.929,68.384,68.64259999999999,67.64315,65.622325,68.2805291256482,68.41063460915157,68.44324881080186,-0.13010548350337103,-0.1320978514482806,0.001992367944909562,31.207617955088484,44.28,90.47,80.09,68.384,68.91423927071969,67.85376072928031,0.0155,0.3831,0.14000000000000057,0.21,0.3076472311749194,,19837.49,0.47,-532039,68.5,68.37,70.16,71.37,67.16,65.37,62.34,68.76499999999999,8.6727,0.7398,False,False
2026-06-14 08:45:00,68.26,68.32,68.18,68.25,10171.467,68.3495,68.6442,67.65385,65.6267875,68.27583233708694,68.39873574921441,68.43567042606453,-0.1229034121274708,-0.13025896358411865,0.007355551456647846,30.78980901637642,43.96,88.22,89.36,68.3495,68.81300949573273,67.88599050426728,0.0136,0.3927,0.13999999999998636,0.2,0.29304029304029305,,19807.64,0.51,-542211,68.5,68.37,70.16,71.37,67.16,65.37,62.34,68.76499999999999,8.6593,0.7546,False,False
2026-06-14 09:00:00,68.25,68.27,68.11,68.12,20928.003,68.31049999999999,68.643,67.66355,65.631475,68.25185813138125,68.37808865668,68.42329119366985,-0.12623052529875167,-0.12945327592704525,0.0032227506282935803,30.780062180973278,39.91,68.93,82.54,68.31049999999999,68.7051204038829,67.91587959611708,0.0116,0.2586,0.1599999999999966,0.2,0.2935995302407516,,20417.0,1.03,-563139,68.49,68.37,70.16,71.37,67.16,65.37,62.34,68.76499999999999,8.485,0.9469,False,False
2026-06-14 09:15:00,68.12,68.15,67.92,68.15,13942.113,68.275,68.64040000000001,67.6729,65.636125,68.2361876496303,68.36119320062963,68.41257389195731,-0.12500555099933308,-0.1285637309415028,0.0035581799421697258,31.621737065414173,41.25,58.79,71.98,68.275,68.57876583779837,67.97123416220164,0.0089,0.2942,0.23000000000000398,0.2,0.29347028613352893,,20787.71,0.67,-549197,68.48,68.37,70.16,71.37,67.16,65.37,62.34,68.76499999999999,8.5253,0.9024,False,False
2026-06-14 09:30:00,68.15,68.47,68.12,68.42,9373.61,68.264,68.6432,67.68355000000001,65.6415875,68.2644664727641,68.36554925984225,68.41286511188056,-0.10108278707815543,-0.12306754216883334,0.021984755090677904,29.984594740753863,51.73,65.58,64.43,68.264,68.52504244462837,68.00295755537162,0.0076,0.7988,0.3499999999999943,0.21,0.3069277988892137,,20222.7,0.46,-539823,68.48,68.37,70.16,71.37,67.16,65.37,62.34,68.76499999999999,8.8863,0.5042,False,False
2026-06-14 09:45:00,68.42,68.5,68.37,68.47,9704.877,68.2615,68.645,67.6943,65.6473625,68.29608701541578,68.37328635170579,68.41510569572839,-0.07719933629000764,-0.1138939009930682,0.03669456470306057,28.282557610967416,53.39,84.86,69.74,68.2615,68.51300285130262,68.00999714869738,0.0074,0.9145,0.12999999999999545,0.21,0.3067036658390536,,18973.2,0.51,-530118,68.47,68.37,70.16,71.37,67.16,65.37,62.34,68.76499999999999,8.9528,0.4308,False,False
2026-06-14 10:00:00,68.48,68.49,68.3,68.37,7046.979,68.2555,68.6268,67.70305,65.65333749999999,68.30745824381336,68.3730429182461,68.41333684491552,-0.06558467443274196,-0.10423205568100297,0.038647381248261004,27.07463357549034,49.71,93.2,81.21,68.2555,68.48914165094317,68.02185834905683,0.0068,0.745,0.18999999999999773,0.21,0.30715225976305394,,18116.37,0.39,-537165,68.47,68.37,70.16,71.37,67.16,65.37,62.34,68.76499999999999,8.8197,0.5777,False,False
2026-06-14 10:15:00,68.37,68.52,68.33,68.41,6111.669,68.26500000000001,68.6096,67.71035,65.65944999999999,68.3232338986113,68.3757804798575,68.41320598825217,-0.05254658124619027,-0.09389496079404043,0.04134837954785016,25.75403774226272,51.16,89.08,89.05,68.26500000000001,68.50783414310071,68.02216585689932,0.0071,0.7986,0.18999999999999773,0.2,0.29235491887151005,,15826.34,0.39,-531054,68.47,68.37,70.16,71.37,67.16,65.37,62.34,68.76499999999999,8.873,0.5189,False,False
